classifier,dataset,perturbation,distance_metric,patch_size,threshold,acc_base,acc_zero_tp,change_zero_tp,acc_inve_tp,change_inve_tp
MLP,BeetleFly,mean,dtw,102,90,1.0,0.85,0.15000000000000002,0.6,0.4
MLP,BeetleFly,mean,euclidean,102,90,1.0,0.8095238095238095,0.19047619047619047,0.5714285714285714,0.4285714285714286
MLP,BeetleFly,zero,dtw,102,90,1.0,0.8,0.19999999999999996,0.6,0.4
MLP,BeetleFly,zero,euclidean,102,90,1.0,0.8095238095238095,0.19047619047619047,0.5714285714285714,0.4285714285714286
MLP,BeetleFly,mean,dtw,108,90,1.0,0.8095238095238095,0.19047619047619047,0.42857142857142855,0.5714285714285714
MLP,BeetleFly,mean,euclidean,108,90,1.0,0.8333333333333334,0.16666666666666663,0.4444444444444444,0.5555555555555556
MLP,BeetleFly,zero,dtw,108,90,1.0,0.85,0.15000000000000002,0.45,0.55
MLP,BeetleFly,zero,euclidean,108,90,1.0,0.8,0.19999999999999996,0.4,0.6
MLP,BeetleFly,mean,dtw,114,90,1.0,0.8,0.19999999999999996,0.55,0.44999999999999996
MLP,BeetleFly,mean,euclidean,114,90,1.0,0.7894736842105263,0.21052631578947367,0.5789473684210527,0.42105263157894735
MLP,BeetleFly,zero,dtw,114,90,1.0,0.8,0.19999999999999996,0.55,0.44999999999999996
MLP,BeetleFly,zero,euclidean,114,90,1.0,0.8421052631578947,0.1578947368421053,0.631578947368421,0.368421052631579
MLP,BeetleFly,mean,dtw,120,90,1.0,0.8421052631578947,0.1578947368421053,0.7894736842105263,0.21052631578947367
MLP,BeetleFly,mean,euclidean,120,90,1.0,0.7894736842105263,0.21052631578947367,0.7368421052631579,0.26315789473684215
MLP,BeetleFly,zero,dtw,120,90,1.0,0.8421052631578947,0.1578947368421053,0.7894736842105263,0.21052631578947367
MLP,BeetleFly,zero,euclidean,120,90,1.0,0.8333333333333334,0.16666666666666663,0.7777777777777778,0.2222222222222222
MLP,BeetleFly,mean,dtw,126,90,1.0,0.8421052631578947,0.1578947368421053,0.7368421052631579,0.26315789473684215
MLP,BeetleFly,mean,euclidean,126,90,1.0,0.8421052631578947,0.1578947368421053,0.7368421052631579,0.26315789473684215
MLP,BeetleFly,zero,dtw,126,90,1.0,0.8333333333333334,0.16666666666666663,0.7222222222222222,0.2777777777777778
MLP,BeetleFly,zero,euclidean,126,90,1.0,0.8,0.19999999999999996,0.7,0.30000000000000004
MLP,BeetleFly,mean,dtw,12,90,1.0,-1.0,2.0,-1.0,2.0
MLP,BeetleFly,mean,euclidean,12,90,1.0,-1.0,2.0,-1.0,2.0
MLP,BeetleFly,zero,dtw,12,90,1.0,-1.0,2.0,-1.0,2.0
MLP,BeetleFly,zero,euclidean,12,90,1.0,-1.0,2.0,-1.0,2.0
MLP,BeetleFly,mean,dtw,18,90,1.0,1.0,0.0,1.0,0.0
MLP,BeetleFly,mean,euclidean,18,90,1.0,1.0,0.0,1.0,0.0
MLP,BeetleFly,zero,dtw,18,90,1.0,1.0,0.0,1.0,0.0
MLP,BeetleFly,zero,euclidean,18,90,1.0,1.0,0.0,1.0,0.0
MLP,BeetleFly,mean,dtw,24,90,1.0,0.8,0.19999999999999996,0.4,0.6
MLP,BeetleFly,mean,euclidean,24,90,1.0,0.8,0.19999999999999996,0.4,0.6
MLP,BeetleFly,zero,dtw,24,90,1.0,0.8,0.19999999999999996,0.4,0.6
MLP,BeetleFly,zero,euclidean,24,90,1.0,0.75,0.25,0.25,0.75
MLP,BeetleFly,mean,dtw,30,90,1.0,0.5,0.5,0.4,0.6
MLP,BeetleFly,mean,euclidean,30,90,1.0,0.4444444444444444,0.5555555555555556,0.3333333333333333,0.6666666666666667
MLP,BeetleFly,zero,dtw,30,90,1.0,0.5,0.5,0.4,0.6
MLP,BeetleFly,zero,euclidean,30,90,1.0,0.5,0.5,0.4,0.6
MLP,BeetleFly,mean,dtw,36,90,1.0,0.7,0.30000000000000004,0.3,0.7
MLP,BeetleFly,mean,euclidean,36,90,1.0,0.7272727272727273,0.2727272727272727,0.36363636363636365,0.6363636363636364
MLP,BeetleFly,zero,dtw,36,90,1.0,0.7,0.30000000000000004,0.3,0.7
MLP,BeetleFly,zero,euclidean,36,90,1.0,0.7272727272727273,0.2727272727272727,0.36363636363636365,0.6363636363636364
MLP,BeetleFly,mean,dtw,42,90,1.0,0.6666666666666666,0.33333333333333337,0.4444444444444444,0.5555555555555556
MLP,BeetleFly,mean,euclidean,42,90,1.0,0.6470588235294118,0.3529411764705882,0.47058823529411764,0.5294117647058824
MLP,BeetleFly,zero,dtw,42,90,1.0,0.625,0.375,0.5,0.5
MLP,BeetleFly,zero,euclidean,42,90,1.0,0.6470588235294118,0.3529411764705882,0.47058823529411764,0.5294117647058824
MLP,BeetleFly,mean,dtw,48,90,1.0,0.7142857142857143,0.2857142857142857,0.35714285714285715,0.6428571428571428
MLP,BeetleFly,mean,euclidean,48,90,1.0,0.7142857142857143,0.2857142857142857,0.35714285714285715,0.6428571428571428
MLP,BeetleFly,zero,dtw,48,90,1.0,0.6666666666666666,0.33333333333333337,0.3333333333333333,0.6666666666666667
MLP,BeetleFly,zero,euclidean,48,90,1.0,0.7142857142857143,0.2857142857142857,0.35714285714285715,0.6428571428571428
MLP,BeetleFly,mean,dtw,54,90,1.0,0.7333333333333333,0.2666666666666667,0.6666666666666666,0.33333333333333337
MLP,BeetleFly,mean,euclidean,54,90,1.0,0.6923076923076923,0.3076923076923077,0.6153846153846154,0.3846153846153846
MLP,BeetleFly,zero,dtw,54,90,1.0,0.6923076923076923,0.3076923076923077,0.6153846153846154,0.3846153846153846
MLP,BeetleFly,zero,euclidean,54,90,1.0,0.7142857142857143,0.2857142857142857,0.6428571428571429,0.3571428571428571
MLP,BeetleFly,mean,dtw,60,90,1.0,0.75,0.25,0.25,0.75
MLP,BeetleFly,mean,euclidean,60,90,1.0,0.7692307692307693,0.23076923076923073,0.3076923076923077,0.6923076923076923
MLP,BeetleFly,zero,dtw,60,90,1.0,0.7692307692307693,0.23076923076923073,0.3076923076923077,0.6923076923076923
MLP,BeetleFly,zero,euclidean,60,90,1.0,0.7692307692307693,0.23076923076923073,0.3076923076923077,0.6923076923076923
MLP,BeetleFly,mean,dtw,66,90,1.0,0.6842105263157895,0.3157894736842105,0.3684210526315789,0.631578947368421
MLP,BeetleFly,mean,euclidean,66,90,1.0,0.7,0.30000000000000004,0.4,0.6
MLP,BeetleFly,zero,dtw,66,90,1.0,0.6842105263157895,0.3157894736842105,0.42105263157894735,0.5789473684210527
MLP,BeetleFly,zero,euclidean,66,90,1.0,0.6666666666666666,0.33333333333333337,0.38095238095238093,0.6190476190476191
MLP,BeetleFly,mean,dtw,6,90,1.0,-1.0,2.0,-1.0,2.0
MLP,BeetleFly,mean,euclidean,6,90,1.0,-1.0,2.0,-1.0,2.0
MLP,BeetleFly,zero,dtw,6,90,1.0,-1.0,2.0,-1.0,2.0
MLP,BeetleFly,zero,euclidean,6,90,1.0,-1.0,2.0,-1.0,2.0
MLP,BeetleFly,mean,dtw,72,90,1.0,0.7222222222222222,0.2777777777777778,0.6666666666666666,0.33333333333333337
MLP,BeetleFly,mean,euclidean,72,90,1.0,0.7368421052631579,0.26315789473684215,0.6842105263157895,0.3157894736842105
MLP,BeetleFly,zero,dtw,72,90,1.0,0.7368421052631579,0.26315789473684215,0.6842105263157895,0.3157894736842105
MLP,BeetleFly,zero,euclidean,72,90,1.0,0.7368421052631579,0.26315789473684215,0.6842105263157895,0.3157894736842105
MLP,BeetleFly,mean,dtw,78,90,1.0,0.6666666666666666,0.33333333333333337,0.4666666666666667,0.5333333333333333
MLP,BeetleFly,mean,euclidean,78,90,1.0,0.6666666666666666,0.33333333333333337,0.4666666666666667,0.5333333333333333
MLP,BeetleFly,zero,dtw,78,90,1.0,0.7058823529411765,0.2941176470588235,0.47058823529411764,0.5294117647058824
MLP,BeetleFly,zero,euclidean,78,90,1.0,0.6875,0.3125,0.5,0.5
MLP,BeetleFly,mean,dtw,84,90,1.0,0.8125,0.1875,0.5625,0.4375
MLP,BeetleFly,mean,euclidean,84,90,1.0,0.8125,0.1875,0.5625,0.4375
MLP,BeetleFly,zero,dtw,84,90,1.0,0.7777777777777778,0.2222222222222222,0.5555555555555556,0.4444444444444444
MLP,BeetleFly,zero,euclidean,84,90,1.0,0.8,0.19999999999999996,0.5333333333333333,0.4666666666666667
MLP,BeetleFly,mean,dtw,90,90,1.0,0.8,0.19999999999999996,0.6,0.4
MLP,BeetleFly,mean,euclidean,90,90,1.0,0.8,0.19999999999999996,0.6,0.4
MLP,BeetleFly,zero,dtw,90,90,1.0,0.8,0.19999999999999996,0.6,0.4
MLP,BeetleFly,zero,euclidean,90,90,1.0,0.8,0.19999999999999996,0.6,0.4
MLP,BeetleFly,mean,dtw,96,90,1.0,0.8,0.19999999999999996,0.65,0.35
MLP,BeetleFly,mean,euclidean,96,90,1.0,0.8,0.19999999999999996,0.65,0.35
MLP,BeetleFly,zero,dtw,96,90,1.0,0.7619047619047619,0.23809523809523814,0.6190476190476191,0.38095238095238093
MLP,BeetleFly,zero,euclidean,96,90,1.0,0.8,0.19999999999999996,0.65,0.35
MLP,Earthquakes,mean,dtw,102,90,1.0,0.8663101604278075,0.1336898395721925,0.9037433155080213,0.09625668449197866
MLP,Earthquakes,mean,euclidean,102,90,1.0,0.8547486033519553,0.14525139664804465,0.8938547486033519,0.1061452513966481
MLP,Earthquakes,zero,dtw,102,90,1.0,0.8539325842696629,0.1460674157303371,0.8932584269662921,0.1067415730337079
MLP,Earthquakes,zero,euclidean,102,90,1.0,0.8641304347826086,0.13586956521739135,0.8967391304347826,0.1032608695652174
MLP,Earthquakes,mean,dtw,108,90,1.0,0.8440860215053764,0.15591397849462363,0.9139784946236559,0.08602150537634412
MLP,Earthquakes,mean,euclidean,108,90,1.0,0.8314606741573034,0.1685393258426966,0.9044943820224719,0.0955056179775281
MLP,Earthquakes,zero,dtw,108,90,1.0,0.8548387096774194,0.14516129032258063,0.9139784946236559,0.08602150537634412
MLP,Earthquakes,zero,euclidean,108,90,1.0,0.8505154639175257,0.14948453608247425,0.9175257731958762,0.08247422680412375
MLP,Earthquakes,mean,dtw,114,90,1.0,0.8704663212435233,0.1295336787564767,0.8186528497409327,0.18134715025906734
MLP,Earthquakes,mean,euclidean,114,90,1.0,0.861878453038674,0.13812154696132595,0.8176795580110497,0.18232044198895025
MLP,Earthquakes,zero,dtw,114,90,1.0,0.8624338624338624,0.13756613756613756,0.8095238095238095,0.19047619047619047
MLP,Earthquakes,zero,euclidean,114,90,1.0,0.8624338624338624,0.13756613756613756,0.8201058201058201,0.17989417989417988
MLP,Earthquakes,mean,dtw,120,90,1.0,0.8685714285714285,0.13142857142857145,0.84,0.16000000000000003
MLP,Earthquakes,mean,euclidean,120,90,1.0,0.875,0.125,0.8541666666666666,0.14583333333333337
MLP,Earthquakes,zero,dtw,120,90,1.0,0.875,0.125,0.8465909090909091,0.15340909090909094
MLP,Earthquakes,zero,euclidean,120,90,1.0,0.875,0.125,0.8586956521739131,0.14130434782608692
MLP,Earthquakes,mean,dtw,126,90,1.0,0.875,0.125,0.875,0.125
MLP,Earthquakes,mean,euclidean,126,90,1.0,0.8666666666666667,0.1333333333333333,0.8666666666666667,0.1333333333333333
MLP,Earthquakes,zero,dtw,126,90,1.0,0.8688524590163934,0.1311475409836066,0.8633879781420765,0.13661202185792354
MLP,Earthquakes,zero,euclidean,126,90,1.0,0.8764044943820225,0.1235955056179775,0.8820224719101124,0.1179775280898876
MLP,Earthquakes,mean,dtw,12,90,1.0,0.6932515337423313,0.3067484662576687,0.7668711656441718,0.2331288343558282
MLP,Earthquakes,mean,euclidean,12,90,1.0,0.6949152542372882,0.30508474576271183,0.7627118644067796,0.23728813559322037
MLP,Earthquakes,zero,dtw,12,90,1.0,0.6951219512195121,0.30487804878048785,0.774390243902439,0.22560975609756095
MLP,Earthquakes,zero,euclidean,12,90,1.0,0.6867469879518072,0.3132530120481928,0.7590361445783133,0.24096385542168675
MLP,Earthquakes,mean,dtw,18,90,1.0,0.6944444444444444,0.3055555555555556,0.7555555555555555,0.24444444444444446
MLP,Earthquakes,mean,euclidean,18,90,1.0,0.7093023255813954,0.2906976744186046,0.7674418604651163,0.2325581395348837
MLP,Earthquakes,zero,dtw,18,90,1.0,0.7085714285714285,0.2914285714285715,0.76,0.24
MLP,Earthquakes,zero,euclidean,18,90,1.0,0.6885245901639344,0.3114754098360656,0.7650273224043715,0.23497267759562845
MLP,Earthquakes,mean,dtw,24,90,1.0,0.7263157894736842,0.27368421052631575,0.8052631578947368,0.1947368421052632
MLP,Earthquakes,mean,euclidean,24,90,1.0,0.7087912087912088,0.2912087912087912,0.7967032967032966,0.20329670329670335
MLP,Earthquakes,zero,dtw,24,90,1.0,0.7016574585635359,0.2983425414364641,0.7845303867403315,0.2154696132596685
MLP,Earthquakes,zero,euclidean,24,90,1.0,0.6898395721925134,0.31016042780748665,0.7754010695187166,0.22459893048128343
MLP,Earthquakes,mean,dtw,30,90,1.0,0.7166666666666667,0.2833333333333333,0.7833333333333333,0.21666666666666667
MLP,Earthquakes,mean,euclidean,30,90,1.0,0.7329545454545454,0.2670454545454546,0.8011363636363636,0.19886363636363635
MLP,Earthquakes,zero,dtw,30,90,1.0,0.6810810810810811,0.3189189189189189,0.7513513513513513,0.24864864864864866
MLP,Earthquakes,zero,euclidean,30,90,1.0,0.7076023391812866,0.29239766081871343,0.7777777777777778,0.2222222222222222
MLP,Earthquakes,mean,dtw,36,90,1.0,0.7277777777777777,0.27222222222222225,0.8111111111111111,0.18888888888888888
MLP,Earthquakes,mean,euclidean,36,90,1.0,0.708994708994709,0.29100529100529104,0.7724867724867724,0.22751322751322756
MLP,Earthquakes,zero,dtw,36,90,1.0,0.7164948453608248,0.28350515463917525,0.7938144329896907,0.20618556701030932
MLP,Earthquakes,zero,euclidean,36,90,1.0,0.7213114754098361,0.2786885245901639,0.7978142076502732,0.20218579234972678
MLP,Earthquakes,mean,dtw,42,90,1.0,0.7849462365591398,0.21505376344086025,0.8333333333333334,0.16666666666666663
MLP,Earthquakes,mean,euclidean,42,90,1.0,0.7659574468085106,0.23404255319148937,0.8191489361702128,0.18085106382978722
MLP,Earthquakes,zero,dtw,42,90,1.0,0.7486033519553073,0.25139664804469275,0.7932960893854749,0.2067039106145251
MLP,Earthquakes,zero,euclidean,42,90,1.0,0.7591623036649214,0.24083769633507857,0.806282722513089,0.19371727748691103
MLP,Earthquakes,mean,dtw,48,90,1.0,0.75,0.25,0.8031914893617021,0.19680851063829785
MLP,Earthquakes,mean,euclidean,48,90,1.0,0.7422680412371134,0.25773195876288657,0.7989690721649485,0.2010309278350515
MLP,Earthquakes,zero,dtw,48,90,1.0,0.7368421052631579,0.26315789473684215,0.8105263157894737,0.18947368421052635
MLP,Earthquakes,zero,euclidean,48,90,1.0,0.7513227513227513,0.24867724867724872,0.8095238095238095,0.19047619047619047
MLP,Earthquakes,mean,dtw,54,90,1.0,0.7135135135135136,0.28648648648648645,0.7783783783783784,0.22162162162162158
MLP,Earthquakes,mean,euclidean,54,90,1.0,0.7319587628865979,0.2680412371134021,0.7938144329896907,0.20618556701030932
MLP,Earthquakes,zero,dtw,54,90,1.0,0.7305699481865285,0.26943005181347146,0.7927461139896373,0.20725388601036265
MLP,Earthquakes,zero,euclidean,54,90,1.0,0.6931818181818182,0.30681818181818177,0.7556818181818182,0.24431818181818177
MLP,Earthquakes,mean,dtw,60,90,1.0,0.7777777777777778,0.2222222222222222,0.8080808080808081,0.19191919191919193
MLP,Earthquakes,mean,euclidean,60,90,1.0,0.7868852459016393,0.21311475409836067,0.825136612021858,0.17486338797814205
MLP,Earthquakes,zero,dtw,60,90,1.0,0.7719298245614035,0.22807017543859653,0.8187134502923976,0.18128654970760238
MLP,Earthquakes,zero,euclidean,60,90,1.0,0.7905759162303665,0.2094240837696335,0.8272251308900523,0.17277486910994766
MLP,Earthquakes,mean,dtw,66,90,1.0,0.7956989247311828,0.20430107526881724,0.8010752688172043,0.19892473118279574
MLP,Earthquakes,mean,euclidean,66,90,1.0,0.7837837837837838,0.21621621621621623,0.7837837837837838,0.21621621621621623
MLP,Earthquakes,zero,dtw,66,90,1.0,0.78125,0.21875,0.7916666666666666,0.20833333333333337
MLP,Earthquakes,zero,euclidean,66,90,1.0,0.7948717948717948,0.20512820512820518,0.7897435897435897,0.2102564102564103
MLP,Earthquakes,mean,dtw,6,90,1.0,0.6751592356687898,0.32484076433121023,0.6815286624203821,0.3184713375796179
MLP,Earthquakes,mean,euclidean,6,90,1.0,0.7152777777777778,0.2847222222222222,0.7083333333333334,0.29166666666666663
MLP,Earthquakes,zero,dtw,6,90,1.0,0.6730769230769231,0.32692307692307687,0.6730769230769231,0.32692307692307687
MLP,Earthquakes,zero,euclidean,6,90,1.0,0.6577181208053692,0.3422818791946308,0.6778523489932886,0.3221476510067114
MLP,Earthquakes,mean,dtw,72,90,1.0,0.8072916666666666,0.19270833333333337,0.8125,0.1875
MLP,Earthquakes,mean,euclidean,72,90,1.0,0.7903225806451613,0.20967741935483875,0.8172043010752689,0.18279569892473113
MLP,Earthquakes,zero,dtw,72,90,1.0,0.7955801104972375,0.20441988950276246,0.8066298342541437,0.1933701657458563
MLP,Earthquakes,zero,euclidean,72,90,1.0,0.7900552486187845,0.2099447513812155,0.7955801104972375,0.20441988950276246
MLP,Earthquakes,mean,dtw,78,90,1.0,0.8068181818181818,0.19318181818181823,0.8125,0.1875
MLP,Earthquakes,mean,euclidean,78,90,1.0,0.8157894736842105,0.1842105263157895,0.8210526315789474,0.17894736842105263
MLP,Earthquakes,zero,dtw,78,90,1.0,0.8034682080924855,0.19653179190751446,0.8034682080924855,0.19653179190751446
MLP,Earthquakes,zero,euclidean,78,90,1.0,0.8111111111111111,0.18888888888888888,0.8111111111111111,0.18888888888888888
MLP,Earthquakes,mean,dtw,84,90,1.0,0.8342541436464088,0.16574585635359118,0.8397790055248618,0.16022099447513816
MLP,Earthquakes,mean,euclidean,84,90,1.0,0.8275862068965517,0.1724137931034483,0.8390804597701149,0.16091954022988508
MLP,Earthquakes,zero,dtw,84,90,1.0,0.8342245989304813,0.1657754010695187,0.8502673796791443,0.14973262032085566
MLP,Earthquakes,zero,euclidean,84,90,1.0,0.8245614035087719,0.17543859649122806,0.8304093567251462,0.16959064327485385
MLP,Earthquakes,mean,dtw,90,90,1.0,0.819672131147541,0.180327868852459,0.8633879781420765,0.13661202185792354
MLP,Earthquakes,mean,euclidean,90,90,1.0,0.8089887640449438,0.1910112359550562,0.8595505617977528,0.1404494382022472
MLP,Earthquakes,zero,dtw,90,90,1.0,0.825136612021858,0.17486338797814205,0.8743169398907104,0.12568306010928965
MLP,Earthquakes,zero,euclidean,90,90,1.0,0.827027027027027,0.17297297297297298,0.8702702702702703,0.12972972972972974
MLP,Earthquakes,mean,dtw,96,90,1.0,0.8306010928961749,0.1693989071038251,0.8579234972677595,0.14207650273224048
MLP,Earthquakes,mean,euclidean,96,90,1.0,0.8324022346368715,0.16759776536312854,0.8491620111731844,0.15083798882681565
MLP,Earthquakes,zero,dtw,96,90,1.0,0.8152173913043478,0.18478260869565222,0.842391304347826,0.15760869565217395
MLP,Earthquakes,zero,euclidean,96,90,1.0,0.825136612021858,0.17486338797814205,0.8415300546448088,0.1584699453551912
MLP,OSULeaf,mean,dtw,100,90,0.9449999928474426,0.37209302325581395,0.5729069695916287,0.17054263565891473,0.7744573571885279
MLP,OSULeaf,mean,euclidean,100,90,0.9449999928474426,0.35968379446640314,0.5853161983810395,0.16205533596837945,0.7829446568790632
MLP,OSULeaf,zero,dtw,100,90,0.9449999928474426,0.3563218390804598,0.5886781537669828,0.16091954022988506,0.7840804526175575
MLP,OSULeaf,zero,euclidean,100,90,0.9449999928474426,0.36538461538461536,0.5796153774628272,0.16153846153846155,0.7834615313089811
MLP,OSULeaf,mean,dtw,105,90,0.9449999928474426,0.3923076923076923,0.5526923005397504,0.23076923076923078,0.7142307620782118
MLP,OSULeaf,mean,euclidean,105,90,0.9449999928474426,0.3968871595330739,0.5481128333143688,0.22568093385214008,0.7193190589953026
MLP,OSULeaf,zero,dtw,105,90,0.9449999928474426,0.3953488372093023,0.5496511556381403,0.22868217054263565,0.716317822304807
MLP,OSULeaf,zero,euclidean,105,90,0.9449999928474426,0.38461538461538464,0.560384608232058,0.2230769230769231,0.7219230697705196
MLP,OSULeaf,mean,dtw,10,90,0.9449999928474426,0.48464163822525597,0.46035835462218666,0.30716723549488056,0.6378327573525621
MLP,OSULeaf,mean,euclidean,10,90,0.9449999928474426,0.4597315436241611,0.48526844922328155,0.30201342281879195,0.6429865700286507
MLP,OSULeaf,zero,dtw,10,90,0.9449999928474426,0.4768211920529801,0.4681788007944625,0.31125827814569534,0.6337417147017472
MLP,OSULeaf,zero,euclidean,10,90,0.9449999928474426,0.4542483660130719,0.49075162683437074,0.30392156862745096,0.6410784242199916
MLP,OSULeaf,mean,dtw,15,90,0.9449999928474426,0.40794223826714804,0.5370577545802946,0.2743682310469314,0.6706317618005112
MLP,OSULeaf,mean,euclidean,15,90,0.9449999928474426,0.4142857142857143,0.5307142785617283,0.275,0.6699999928474426
MLP,OSULeaf,zero,dtw,15,90,0.9449999928474426,0.4181184668989547,0.5268815259484879,0.2682926829268293,0.6767073099206133
MLP,OSULeaf,zero,euclidean,15,90,0.9449999928474426,0.4068965517241379,0.5381034411233048,0.2655172413793103,0.6794827514681323
MLP,OSULeaf,mean,dtw,20,90,0.9449999928474426,0.40344827586206894,0.5415517169853736,0.25517241379310346,0.6898275790543391
MLP,OSULeaf,mean,euclidean,20,90,0.9449999928474426,0.4,0.5449999928474426,0.256140350877193,0.6888596419702496
MLP,OSULeaf,zero,dtw,20,90,0.9449999928474426,0.3896551724137931,0.5553448204336495,0.25517241379310346,0.6898275790543391
MLP,OSULeaf,zero,euclidean,20,90,0.9449999928474426,0.3892857142857143,0.5557142785617284,0.25357142857142856,0.6914285642760141
MLP,OSULeaf,mean,dtw,25,90,0.9449999928474426,0.4513888888888889,0.49361110395855373,0.3229166666666667,0.6220833261807759
MLP,OSULeaf,mean,euclidean,25,90,0.9449999928474426,0.44982698961937717,0.49517300322806546,0.314878892733564,0.6301211001138787
MLP,OSULeaf,zero,dtw,25,90,0.9449999928474426,0.4440677966101695,0.5009321962372731,0.3152542372881356,0.629745755559307
MLP,OSULeaf,zero,euclidean,25,90,0.9449999928474426,0.4520547945205479,0.4929451983268947,0.3116438356164384,0.6333561572310042
MLP,OSULeaf,mean,dtw,30,90,0.9449999928474426,0.4421768707482993,0.5028231220991433,0.2925170068027211,0.6524829860447215
MLP,OSULeaf,mean,euclidean,30,90,0.9449999928474426,0.4463667820069204,0.4986332108405222,0.2975778546712803,0.6474221381761623
MLP,OSULeaf,zero,dtw,30,90,0.9449999928474426,0.42567567567567566,0.519324317171767,0.2972972972972973,0.6477026955501453
MLP,OSULeaf,zero,euclidean,30,90,0.9449999928474426,0.4208754208754209,0.5241245719720218,0.2895622895622896,0.655437703285153
MLP,OSULeaf,mean,dtw,35,90,0.9449999928474426,0.4014084507042254,0.5435915421432173,0.3732394366197183,0.5717605562277244
MLP,OSULeaf,mean,euclidean,35,90,0.9449999928474426,0.40860215053763443,0.5363978423098081,0.36917562724014336,0.5758243656072992
MLP,OSULeaf,zero,dtw,35,90,0.9449999928474426,0.3916083916083916,0.553391601239051,0.36363636363636365,0.581363629211079
MLP,OSULeaf,zero,euclidean,35,90,0.9449999928474426,0.4020618556701031,0.5429381371773395,0.36769759450171824,0.5773023983457244
MLP,OSULeaf,mean,dtw,40,90,0.9449999928474426,0.3821428571428571,0.5628571357045855,0.28214285714285714,0.6628571357045855
MLP,OSULeaf,mean,euclidean,40,90,0.9449999928474426,0.3821428571428571,0.5628571357045855,0.2642857142857143,0.6807142785617284
MLP,OSULeaf,zero,dtw,40,90,0.9449999928474426,0.37545126353790614,0.5695487293095365,0.2563176895306859,0.6886823033167567
MLP,OSULeaf,zero,euclidean,40,90,0.9449999928474426,0.397887323943662,0.5471126689037806,0.2676056338028169,0.6773943590446257
MLP,OSULeaf,mean,dtw,45,90,0.9449999928474426,0.38848920863309355,0.5565107842143491,0.35251798561151076,0.5924820072359318
MLP,OSULeaf,mean,euclidean,45,90,0.9449999928474426,0.36971830985915494,0.5752816829882876,0.3380281690140845,0.6069718238333581
MLP,OSULeaf,zero,dtw,45,90,0.9449999928474426,0.36879432624113473,0.5762056666063079,0.33687943262411346,0.6081205602233292
MLP,OSULeaf,zero,euclidean,45,90,0.9449999928474426,0.375,0.5699999928474426,0.35,0.5949999928474426
MLP,OSULeaf,mean,dtw,50,90,0.9449999928474426,0.40344827586206894,0.5415517169853736,0.23448275862068965,0.710517234226753
MLP,OSULeaf,mean,euclidean,50,90,0.9449999928474426,0.3964285714285714,0.5485714214188713,0.25357142857142856,0.6914285642760141
MLP,OSULeaf,zero,dtw,50,90,0.9449999928474426,0.40070921985815605,0.5442907729892865,0.24822695035460993,0.6967730424928327
MLP,OSULeaf,zero,euclidean,50,90,0.9449999928474426,0.39792387543252594,0.5470761174149167,0.2422145328719723,0.7027854599754704
MLP,OSULeaf,mean,dtw,55,90,0.9449999928474426,0.378839590443686,0.5661604024037566,0.21160409556313994,0.7333958972843027
MLP,OSULeaf,mean,euclidean,55,90,0.9449999928474426,0.37722419928825623,0.5677757935591864,0.2099644128113879,0.7350355800360547
MLP,OSULeaf,zero,dtw,55,90,0.9449999928474426,0.3737024221453287,0.571297570702114,0.21453287197231835,0.7304671208751243
MLP,OSULeaf,zero,euclidean,55,90,0.9449999928474426,0.375,0.5699999928474426,0.2222222222222222,0.7227777706252204
MLP,OSULeaf,mean,dtw,5,90,0.9449999928474426,0.48659003831417624,0.4584099545332664,0.3946360153256705,0.5503639775217721
MLP,OSULeaf,mean,euclidean,5,90,0.9449999928474426,0.5017543859649123,0.44324560688253034,0.41403508771929826,0.5309649051281444
MLP,OSULeaf,zero,dtw,5,90,0.9449999928474426,0.5018181818181818,0.4431818110292608,0.4109090909090909,0.5340909019383517
MLP,OSULeaf,zero,euclidean,5,90,0.9449999928474426,0.4888888888888889,0.45611110395855375,0.40370370370370373,0.541296289143739
MLP,OSULeaf,mean,dtw,60,90,0.9449999928474426,0.4014084507042254,0.5435915421432173,0.2887323943661972,0.6562675984812454
MLP,OSULeaf,mean,euclidean,60,90,0.9449999928474426,0.42953020134228187,0.5154697915051607,0.30201342281879195,0.6429865700286507
MLP,OSULeaf,zero,dtw,60,90,0.9449999928474426,0.42955326460481097,0.5154467282426316,0.29896907216494845,0.6460309206824941
MLP,OSULeaf,zero,euclidean,60,90,0.9449999928474426,0.41379310344827586,0.5312068893991668,0.2896551724137931,0.6553448204336495
MLP,OSULeaf,mean,dtw,65,90,0.9449999928474426,0.37174721189591076,0.5732527809515319,0.2527881040892193,0.6922118887582234
MLP,OSULeaf,mean,euclidean,65,90,0.9449999928474426,0.37454545454545457,0.5704545383019881,0.24,0.7049999928474426
MLP,OSULeaf,zero,dtw,65,90,0.9449999928474426,0.36900369003690037,0.5759963028105423,0.23616236162361623,0.7088376312238264
MLP,OSULeaf,zero,euclidean,65,90,0.9449999928474426,0.3763837638376384,0.5686162290098042,0.25461254612546125,0.6903874467219814
MLP,OSULeaf,mean,dtw,70,90,0.9449999928474426,0.4200743494423792,0.5249256434050634,0.31226765799256506,0.6327323348548776
MLP,OSULeaf,mean,euclidean,70,90,0.9449999928474426,0.4218181818181818,0.5231818110292608,0.29818181818181816,0.6468181746656245
MLP,OSULeaf,zero,dtw,70,90,0.9449999928474426,0.4057971014492754,0.5392028913981672,0.30434782608695654,0.6406521667604861
MLP,OSULeaf,zero,euclidean,70,90,0.9449999928474426,0.39776951672862454,0.547230476118818,0.2936802973977695,0.6513196954496732
MLP,OSULeaf,mean,dtw,75,90,0.9449999928474426,0.3713235294117647,0.5736764634356779,0.1801470588235294,0.7648529340239132
MLP,OSULeaf,mean,euclidean,75,90,0.9449999928474426,0.36015325670498083,0.5848467361424619,0.17624521072796934,0.7687547821194733
MLP,OSULeaf,zero,dtw,75,90,0.9449999928474426,0.35877862595419846,0.5862213668932441,0.1717557251908397,0.7732442676566029
MLP,OSULeaf,zero,euclidean,75,90,0.9449999928474426,0.36704119850187267,0.57795879434557,0.1797752808988764,0.7652247119485662
MLP,OSULeaf,mean,dtw,80,90,0.9449999928474426,0.4061302681992337,0.5388697246482089,0.21839080459770116,0.7266091882497414
MLP,OSULeaf,mean,euclidean,80,90,0.9449999928474426,0.40892193308550184,0.5360780597619408,0.22676579925650558,0.7182341935909371
MLP,OSULeaf,zero,dtw,80,90,0.9449999928474426,0.4044943820224719,0.5405056108249707,0.21348314606741572,0.7315168467800269
MLP,OSULeaf,zero,euclidean,80,90,0.9449999928474426,0.4076923076923077,0.5373076851551349,0.21923076923076923,0.7257692236166734
MLP,OSULeaf,mean,dtw,85,90,0.9449999928474426,0.44528301886792454,0.4997169739795181,0.24150943396226415,0.7034905588851785
MLP,OSULeaf,mean,euclidean,85,90,0.9449999928474426,0.4323308270676692,0.5126691657797735,0.22556390977443608,0.7194360830730065
MLP,OSULeaf,zero,dtw,85,90,0.9449999928474426,0.4528301886792453,0.49216980416819733,0.24528301886792453,0.6997169739795182
MLP,OSULeaf,zero,euclidean,85,90,0.9449999928474426,0.4419475655430712,0.5030524273043715,0.23595505617977527,0.7090449366676673
MLP,OSULeaf,mean,dtw,90,90,0.9449999928474426,0.2988505747126437,0.6461494181347989,0.16091954022988506,0.7840804526175575
MLP,OSULeaf,mean,euclidean,90,90,0.9449999928474426,0.30078125,0.6442187428474426,0.15625,0.7887499928474426
MLP,OSULeaf,zero,dtw,90,90,0.9449999928474426,0.29961089494163423,0.6453890979058083,0.15953307392996108,0.7854669189174815
MLP,OSULeaf,zero,euclidean,90,90,0.9449999928474426,0.29571984435797666,0.6492801484894659,0.16731517509727625,0.7776848177501664
MLP,OSULeaf,mean,dtw,95,90,0.9449999928474426,0.33852140077821014,0.6064785920692325,0.15953307392996108,0.7854669189174815
MLP,OSULeaf,mean,euclidean,95,90,0.9449999928474426,0.3449612403100775,0.6000387525373652,0.17054263565891473,0.7744573571885279
MLP,OSULeaf,zero,dtw,95,90,0.9449999928474426,0.3423076923076923,0.6026923005397503,0.17307692307692307,0.7719230697705195
MLP,OSULeaf,zero,euclidean,95,90,0.9449999928474426,0.3435114503816794,0.6014885424657632,0.17557251908396945,0.7694274737634732
ResNet,BeetleFly,mean,dtw,102,90,1.0,0.47619047619047616,0.5238095238095238,0.7142857142857143,0.2857142857142857
ResNet,BeetleFly,mean,euclidean,102,90,1.0,0.48,0.52,0.72,0.28
ResNet,BeetleFly,zero,dtw,102,90,1.0,0.42105263157894735,0.5789473684210527,0.6842105263157895,0.3157894736842105
ResNet,BeetleFly,zero,euclidean,102,90,1.0,0.5,0.5,0.7083333333333334,0.29166666666666663
ResNet,BeetleFly,mean,dtw,108,90,1.0,0.3333333333333333,0.6666666666666667,0.7222222222222222,0.2777777777777778
ResNet,BeetleFly,mean,euclidean,108,90,1.0,0.3333333333333333,0.6666666666666667,0.7222222222222222,0.2777777777777778
ResNet,BeetleFly,zero,dtw,108,90,1.0,0.4,0.6,0.75,0.25
ResNet,BeetleFly,zero,euclidean,108,90,1.0,0.4117647058823529,0.5882352941176471,0.7058823529411765,0.2941176470588235
ResNet,BeetleFly,mean,dtw,114,90,1.0,0.25,0.75,0.75,0.25
ResNet,BeetleFly,mean,euclidean,114,90,1.0,0.2631578947368421,0.736842105263158,0.6842105263157895,0.3157894736842105
ResNet,BeetleFly,zero,dtw,114,90,1.0,0.2222222222222222,0.7777777777777778,0.7777777777777778,0.2222222222222222
ResNet,BeetleFly,zero,euclidean,114,90,1.0,0.2631578947368421,0.736842105263158,0.7368421052631579,0.26315789473684215
ResNet,BeetleFly,mean,dtw,120,90,1.0,0.14285714285714285,0.8571428571428572,0.8095238095238095,0.19047619047619047
ResNet,BeetleFly,mean,euclidean,120,90,1.0,0.25,0.75,0.8,0.19999999999999996
ResNet,BeetleFly,zero,dtw,120,90,1.0,0.2631578947368421,0.736842105263158,0.8421052631578947,0.1578947368421053
ResNet,BeetleFly,zero,euclidean,120,90,1.0,0.23809523809523808,0.7619047619047619,0.8095238095238095,0.19047619047619047
ResNet,BeetleFly,mean,dtw,126,90,1.0,0.23529411764705882,0.7647058823529411,0.7058823529411765,0.2941176470588235
ResNet,BeetleFly,mean,euclidean,126,90,1.0,0.21052631578947367,0.7894736842105263,0.7368421052631579,0.26315789473684215
ResNet,BeetleFly,zero,dtw,126,90,1.0,0.2777777777777778,0.7222222222222222,0.7777777777777778,0.2222222222222222
ResNet,BeetleFly,zero,euclidean,126,90,1.0,0.21739130434782608,0.782608695652174,0.7391304347826086,0.26086956521739135
ResNet,BeetleFly,mean,dtw,12,90,1.0,0.8571428571428571,0.1428571428571429,0.8571428571428571,0.1428571428571429
ResNet,BeetleFly,mean,euclidean,12,90,1.0,0.8571428571428571,0.1428571428571429,0.8571428571428571,0.1428571428571429
ResNet,BeetleFly,zero,dtw,12,90,1.0,0.8888888888888888,0.11111111111111116,0.8888888888888888,0.11111111111111116
ResNet,BeetleFly,zero,euclidean,12,90,1.0,0.75,0.25,0.75,0.25
ResNet,BeetleFly,mean,dtw,18,90,1.0,0.6,0.4,0.7,0.30000000000000004
ResNet,BeetleFly,mean,euclidean,18,90,1.0,0.7,0.30000000000000004,0.8,0.19999999999999996
ResNet,BeetleFly,zero,dtw,18,90,1.0,0.8181818181818182,0.18181818181818177,0.9090909090909091,0.09090909090909094
ResNet,BeetleFly,zero,euclidean,18,90,1.0,0.7857142857142857,0.2142857142857143,0.8571428571428571,0.1428571428571429
ResNet,BeetleFly,mean,dtw,24,90,1.0,0.75,0.25,0.8125,0.1875
ResNet,BeetleFly,mean,euclidean,24,90,1.0,0.7857142857142857,0.2142857142857143,0.9285714285714286,0.0714285714285714
ResNet,BeetleFly,zero,dtw,24,90,1.0,0.6666666666666666,0.33333333333333337,0.7333333333333333,0.2666666666666667
ResNet,BeetleFly,zero,euclidean,24,90,1.0,0.6875,0.3125,0.8125,0.1875
ResNet,BeetleFly,mean,dtw,30,90,1.0,0.7647058823529411,0.23529411764705888,0.7647058823529411,0.23529411764705888
ResNet,BeetleFly,mean,euclidean,30,90,1.0,0.6666666666666666,0.33333333333333337,0.8333333333333334,0.16666666666666663
ResNet,BeetleFly,zero,dtw,30,90,1.0,0.75,0.25,0.875,0.125
ResNet,BeetleFly,zero,euclidean,30,90,1.0,0.6875,0.3125,0.875,0.125
ResNet,BeetleFly,mean,dtw,36,90,1.0,0.5714285714285714,0.4285714285714286,0.75,0.25
ResNet,BeetleFly,mean,euclidean,36,90,1.0,0.6,0.4,0.75,0.25
ResNet,BeetleFly,zero,dtw,36,90,1.0,0.5238095238095238,0.47619047619047616,0.7142857142857143,0.2857142857142857
ResNet,BeetleFly,zero,euclidean,36,90,1.0,0.5652173913043478,0.4347826086956522,0.782608695652174,0.21739130434782605
ResNet,BeetleFly,mean,dtw,42,90,1.0,0.65,0.35,0.75,0.25
ResNet,BeetleFly,mean,euclidean,42,90,1.0,0.75,0.25,0.875,0.125
ResNet,BeetleFly,zero,dtw,42,90,1.0,0.625,0.375,0.7916666666666666,0.20833333333333337
ResNet,BeetleFly,zero,euclidean,42,90,1.0,0.68,0.31999999999999995,0.76,0.24
ResNet,BeetleFly,mean,dtw,48,90,1.0,0.56,0.43999999999999995,0.8,0.19999999999999996
ResNet,BeetleFly,mean,euclidean,48,90,1.0,0.5,0.5,0.75,0.25
ResNet,BeetleFly,zero,dtw,48,90,1.0,0.5555555555555556,0.4444444444444444,0.7037037037037037,0.2962962962962963
ResNet,BeetleFly,zero,euclidean,48,90,1.0,0.5454545454545454,0.4545454545454546,0.7727272727272727,0.2272727272727273
ResNet,BeetleFly,mean,dtw,54,90,1.0,0.5217391304347826,0.4782608695652174,0.6956521739130435,0.30434782608695654
ResNet,BeetleFly,mean,euclidean,54,90,1.0,0.47368421052631576,0.5263157894736843,0.6842105263157895,0.3157894736842105
ResNet,BeetleFly,zero,dtw,54,90,1.0,0.65,0.35,0.75,0.25
ResNet,BeetleFly,zero,euclidean,54,90,1.0,0.5909090909090909,0.40909090909090906,0.7272727272727273,0.2727272727272727
ResNet,BeetleFly,mean,dtw,60,90,1.0,0.5,0.5,0.6818181818181818,0.31818181818181823
ResNet,BeetleFly,mean,euclidean,60,90,1.0,0.55,0.44999999999999996,0.75,0.25
ResNet,BeetleFly,zero,dtw,60,90,1.0,0.48,0.52,0.72,0.28
ResNet,BeetleFly,zero,euclidean,60,90,1.0,0.5454545454545454,0.4545454545454546,0.7727272727272727,0.2272727272727273
ResNet,BeetleFly,mean,dtw,66,90,1.0,0.48148148148148145,0.5185185185185186,0.7037037037037037,0.2962962962962963
ResNet,BeetleFly,mean,euclidean,66,90,1.0,0.5555555555555556,0.4444444444444444,0.8148148148148148,0.18518518518518523
ResNet,BeetleFly,zero,dtw,66,90,1.0,0.3333333333333333,0.6666666666666667,0.75,0.25
ResNet,BeetleFly,zero,euclidean,66,90,1.0,0.4166666666666667,0.5833333333333333,0.7083333333333334,0.29166666666666663
ResNet,BeetleFly,mean,dtw,6,90,1.0,1.0,0.0,1.0,0.0
ResNet,BeetleFly,mean,euclidean,6,90,1.0,1.0,0.0,1.0,0.0
ResNet,BeetleFly,zero,dtw,6,90,1.0,0.5,0.5,0.5,0.5
ResNet,BeetleFly,zero,euclidean,6,90,1.0,1.0,0.0,1.0,0.0
ResNet,BeetleFly,mean,dtw,72,90,1.0,0.6190476190476191,0.38095238095238093,0.8095238095238095,0.19047619047619047
ResNet,BeetleFly,mean,euclidean,72,90,1.0,0.5,0.5,0.7083333333333334,0.29166666666666663
ResNet,BeetleFly,zero,dtw,72,90,1.0,0.4782608695652174,0.5217391304347826,0.7391304347826086,0.26086956521739135
ResNet,BeetleFly,zero,euclidean,72,90,1.0,0.46153846153846156,0.5384615384615384,0.6538461538461539,0.34615384615384615
ResNet,BeetleFly,mean,dtw,78,90,1.0,0.4090909090909091,0.5909090909090908,0.6818181818181818,0.31818181818181823
ResNet,BeetleFly,mean,euclidean,78,90,1.0,0.4827586206896552,0.5172413793103448,0.8275862068965517,0.1724137931034483
ResNet,BeetleFly,zero,dtw,78,90,1.0,0.4482758620689655,0.5517241379310345,0.7586206896551724,0.24137931034482762
ResNet,BeetleFly,zero,euclidean,78,90,1.0,0.52,0.48,0.76,0.24
ResNet,BeetleFly,mean,dtw,84,90,1.0,0.5714285714285714,0.4285714285714286,0.8214285714285714,0.1785714285714286
ResNet,BeetleFly,mean,euclidean,84,90,1.0,0.5384615384615384,0.46153846153846156,0.7692307692307693,0.23076923076923073
ResNet,BeetleFly,zero,dtw,84,90,1.0,0.5,0.5,0.8333333333333334,0.16666666666666663
ResNet,BeetleFly,zero,euclidean,84,90,1.0,0.5555555555555556,0.4444444444444444,0.8148148148148148,0.18518518518518523
ResNet,BeetleFly,mean,dtw,90,90,1.0,0.5652173913043478,0.4347826086956522,0.7391304347826086,0.26086956521739135
ResNet,BeetleFly,mean,euclidean,90,90,1.0,0.5,0.5,0.75,0.25
ResNet,BeetleFly,zero,dtw,90,90,1.0,0.45454545454545453,0.5454545454545454,0.6363636363636364,0.36363636363636365
ResNet,BeetleFly,zero,euclidean,90,90,1.0,0.42105263157894735,0.5789473684210527,0.631578947368421,0.368421052631579
ResNet,BeetleFly,mean,dtw,96,90,1.0,0.5,0.5,0.7272727272727273,0.2727272727272727
ResNet,BeetleFly,mean,euclidean,96,90,1.0,0.4782608695652174,0.5217391304347826,0.7391304347826086,0.26086956521739135
ResNet,BeetleFly,zero,dtw,96,90,1.0,0.5185185185185185,0.4814814814814815,0.7777777777777778,0.2222222222222222
ResNet,BeetleFly,zero,euclidean,96,90,1.0,0.5263157894736842,0.4736842105263158,0.7894736842105263,0.21052631578947367
ResNet,Earthquakes,mean,dtw,102,90,1.0,0.6751592356687898,0.32484076433121023,0.8152866242038217,0.1847133757961783
ResNet,Earthquakes,mean,euclidean,102,90,1.0,0.6751592356687898,0.32484076433121023,0.8089171974522293,0.19108280254777066
ResNet,Earthquakes,zero,dtw,102,90,1.0,0.6645161290322581,0.3354838709677419,0.8064516129032258,0.19354838709677424
ResNet,Earthquakes,zero,euclidean,102,90,1.0,0.6645161290322581,0.3354838709677419,0.8064516129032258,0.19354838709677424
ResNet,Earthquakes,mean,dtw,108,90,1.0,0.6578947368421053,0.3421052631578947,0.8355263157894737,0.16447368421052633
ResNet,Earthquakes,mean,euclidean,108,90,1.0,0.6601307189542484,0.33986928104575165,0.8366013071895425,0.1633986928104575
ResNet,Earthquakes,zero,dtw,108,90,1.0,0.6527777777777778,0.3472222222222222,0.8333333333333334,0.16666666666666663
ResNet,Earthquakes,zero,euclidean,108,90,1.0,0.66,0.33999999999999997,0.84,0.16000000000000003
ResNet,Earthquakes,mean,dtw,114,90,1.0,0.6774193548387096,0.32258064516129037,0.8387096774193549,0.16129032258064513
ResNet,Earthquakes,mean,euclidean,114,90,1.0,0.6622516556291391,0.3377483443708609,0.8211920529801324,0.17880794701986757
ResNet,Earthquakes,zero,dtw,114,90,1.0,0.6666666666666666,0.33333333333333337,0.8300653594771242,0.16993464052287577
ResNet,Earthquakes,zero,euclidean,114,90,1.0,0.68,0.31999999999999995,0.84,0.16000000000000003
ResNet,Earthquakes,mean,dtw,120,90,1.0,0.6666666666666666,0.33333333333333337,0.8300653594771242,0.16993464052287577
ResNet,Earthquakes,mean,euclidean,120,90,1.0,0.668918918918919,0.33108108108108103,0.8378378378378378,0.16216216216216217
ResNet,Earthquakes,zero,dtw,120,90,1.0,0.6733333333333333,0.32666666666666666,0.84,0.16000000000000003
ResNet,Earthquakes,zero,euclidean,120,90,1.0,0.673469387755102,0.326530612244898,0.8299319727891157,0.17006802721088432
ResNet,Earthquakes,mean,dtw,126,90,1.0,0.6754966887417219,0.32450331125827814,0.8211920529801324,0.17880794701986757
ResNet,Earthquakes,mean,euclidean,126,90,1.0,0.6835443037974683,0.31645569620253167,0.8227848101265823,0.17721518987341767
ResNet,Earthquakes,zero,dtw,126,90,1.0,0.6993464052287581,0.30065359477124187,0.8366013071895425,0.1633986928104575
ResNet,Earthquakes,zero,euclidean,126,90,1.0,0.6666666666666666,0.33333333333333337,0.8194444444444444,0.18055555555555558
ResNet,Earthquakes,mean,dtw,12,90,1.0,0.54,0.45999999999999996,0.6066666666666667,0.3933333333333333
ResNet,Earthquakes,mean,euclidean,12,90,1.0,0.5608108108108109,0.43918918918918914,0.6283783783783784,0.3716216216216216
ResNet,Earthquakes,zero,dtw,12,90,1.0,0.5584415584415584,0.4415584415584416,0.6298701298701299,0.3701298701298701
ResNet,Earthquakes,zero,euclidean,12,90,1.0,0.5316455696202531,0.4683544303797469,0.6139240506329114,0.38607594936708856
ResNet,Earthquakes,mean,dtw,18,90,1.0,0.5496688741721855,0.45033112582781454,0.7152317880794702,0.2847682119205298
ResNet,Earthquakes,mean,euclidean,18,90,1.0,0.559748427672956,0.44025157232704404,0.7358490566037735,0.26415094339622647
ResNet,Earthquakes,zero,dtw,18,90,1.0,0.5365853658536586,0.46341463414634143,0.7073170731707317,0.29268292682926833
ResNet,Earthquakes,zero,euclidean,18,90,1.0,0.5506329113924051,0.4493670886075949,0.7151898734177216,0.28481012658227844
ResNet,Earthquakes,mean,dtw,24,90,1.0,0.5838509316770186,0.4161490683229814,0.7142857142857143,0.2857142857142857
ResNet,Earthquakes,mean,euclidean,24,90,1.0,0.6036585365853658,0.39634146341463417,0.7195121951219512,0.2804878048780488
ResNet,Earthquakes,zero,dtw,24,90,1.0,0.5662650602409639,0.4337349397590361,0.6867469879518072,0.3132530120481928
ResNet,Earthquakes,zero,euclidean,24,90,1.0,0.5732484076433121,0.4267515923566879,0.6942675159235668,0.30573248407643316
ResNet,Earthquakes,mean,dtw,30,90,1.0,0.6227544910179641,0.3772455089820359,0.7544910179640718,0.2455089820359282
ResNet,Earthquakes,mean,euclidean,30,90,1.0,0.6158536585365854,0.38414634146341464,0.75,0.25
ResNet,Earthquakes,zero,dtw,30,90,1.0,0.6226415094339622,0.37735849056603776,0.7484276729559748,0.2515723270440252
ResNet,Earthquakes,zero,euclidean,30,90,1.0,0.6457142857142857,0.3542857142857143,0.7657142857142857,0.23428571428571432
ResNet,Earthquakes,mean,dtw,36,90,1.0,0.5903614457831325,0.40963855421686746,0.7650602409638554,0.2349397590361446
ResNet,Earthquakes,mean,euclidean,36,90,1.0,0.577639751552795,0.422360248447205,0.7515527950310559,0.24844720496894412
ResNet,Earthquakes,zero,dtw,36,90,1.0,0.5843373493975904,0.4156626506024096,0.7590361445783133,0.24096385542168675
ResNet,Earthquakes,zero,euclidean,36,90,1.0,0.5988023952095808,0.4011976047904192,0.7604790419161677,0.23952095808383234
ResNet,Earthquakes,mean,dtw,42,90,1.0,0.6363636363636364,0.36363636363636365,0.7575757575757576,0.24242424242424243
ResNet,Earthquakes,mean,euclidean,42,90,1.0,0.6204819277108434,0.37951807228915657,0.7650602409638554,0.2349397590361446
ResNet,Earthquakes,zero,dtw,42,90,1.0,0.6363636363636364,0.36363636363636365,0.7636363636363637,0.23636363636363633
ResNet,Earthquakes,zero,euclidean,42,90,1.0,0.6411764705882353,0.35882352941176465,0.7647058823529411,0.23529411764705888
ResNet,Earthquakes,mean,dtw,48,90,1.0,0.6,0.4,0.775,0.22499999999999998
ResNet,Earthquakes,mean,euclidean,48,90,1.0,0.5987654320987654,0.4012345679012346,0.7777777777777778,0.2222222222222222
ResNet,Earthquakes,zero,dtw,48,90,1.0,0.5949367088607594,0.40506329113924056,0.7784810126582279,0.2215189873417721
ResNet,Earthquakes,zero,euclidean,48,90,1.0,0.5892857142857143,0.4107142857142857,0.7678571428571429,0.2321428571428571
ResNet,Earthquakes,mean,dtw,54,90,1.0,0.6139240506329114,0.38607594936708856,0.7658227848101266,0.23417721518987344
ResNet,Earthquakes,mean,euclidean,54,90,1.0,0.6111111111111112,0.38888888888888884,0.7716049382716049,0.22839506172839508
ResNet,Earthquakes,zero,dtw,54,90,1.0,0.6204819277108434,0.37951807228915657,0.7771084337349398,0.22289156626506024
ResNet,Earthquakes,zero,euclidean,54,90,1.0,0.6111111111111112,0.38888888888888884,0.7777777777777778,0.2222222222222222
ResNet,Earthquakes,mean,dtw,60,90,1.0,0.6459627329192547,0.35403726708074534,0.8012422360248447,0.19875776397515532
ResNet,Earthquakes,mean,euclidean,60,90,1.0,0.6193548387096774,0.38064516129032255,0.7806451612903226,0.21935483870967742
ResNet,Earthquakes,zero,dtw,60,90,1.0,0.6445783132530121,0.35542168674698793,0.7951807228915663,0.20481927710843373
ResNet,Earthquakes,zero,euclidean,60,90,1.0,0.6402439024390244,0.3597560975609756,0.7926829268292683,0.20731707317073167
ResNet,Earthquakes,mean,dtw,66,90,1.0,0.6547619047619048,0.34523809523809523,0.8095238095238095,0.19047619047619047
ResNet,Earthquakes,mean,euclidean,66,90,1.0,0.6234567901234568,0.3765432098765432,0.7901234567901234,0.2098765432098766
ResNet,Earthquakes,zero,dtw,66,90,1.0,0.6568047337278107,0.3431952662721893,0.8106508875739645,0.18934911242603547
ResNet,Earthquakes,zero,euclidean,66,90,1.0,0.6566265060240963,0.34337349397590367,0.8072289156626506,0.19277108433734935
ResNet,Earthquakes,mean,dtw,6,90,1.0,0.5813953488372093,0.41860465116279066,0.6511627906976745,0.34883720930232553
ResNet,Earthquakes,mean,euclidean,6,90,1.0,0.5564516129032258,0.44354838709677424,0.6370967741935484,0.3629032258064516
ResNet,Earthquakes,zero,dtw,6,90,1.0,0.5434782608695652,0.4565217391304348,0.6014492753623188,0.39855072463768115
ResNet,Earthquakes,zero,euclidean,6,90,1.0,0.5746268656716418,0.4253731343283582,0.6417910447761194,0.35820895522388063
ResNet,Earthquakes,mean,dtw,72,90,1.0,0.6745562130177515,0.3254437869822485,0.7928994082840237,0.20710059171597628
ResNet,Earthquakes,mean,euclidean,72,90,1.0,0.6606060606060606,0.33939393939393936,0.7757575757575758,0.22424242424242424
ResNet,Earthquakes,zero,dtw,72,90,1.0,0.6867469879518072,0.3132530120481928,0.8012048192771084,0.1987951807228916
ResNet,Earthquakes,zero,euclidean,72,90,1.0,0.6785714285714286,0.3214285714285714,0.7916666666666666,0.20833333333333337
ResNet,Earthquakes,mean,dtw,78,90,1.0,0.6582278481012658,0.3417721518987342,0.8354430379746836,0.16455696202531644
ResNet,Earthquakes,mean,euclidean,78,90,1.0,0.6586826347305389,0.3413173652694611,0.8383233532934131,0.16167664670658688
ResNet,Earthquakes,zero,dtw,78,90,1.0,0.6474358974358975,0.35256410256410253,0.8205128205128205,0.17948717948717952
ResNet,Earthquakes,zero,euclidean,78,90,1.0,0.6415094339622641,0.3584905660377359,0.8238993710691824,0.17610062893081757
ResNet,Earthquakes,mean,dtw,84,90,1.0,0.6753246753246753,0.3246753246753247,0.7987012987012987,0.2012987012987013
ResNet,Earthquakes,mean,euclidean,84,90,1.0,0.6792452830188679,0.3207547169811321,0.7987421383647799,0.20125786163522008
ResNet,Earthquakes,zero,dtw,84,90,1.0,0.6894409937888198,0.31055900621118016,0.8136645962732919,0.1863354037267081
ResNet,Earthquakes,zero,euclidean,84,90,1.0,0.689873417721519,0.310126582278481,0.8037974683544303,0.19620253164556967
ResNet,Earthquakes,mean,dtw,90,90,1.0,0.6521739130434783,0.34782608695652173,0.8509316770186336,0.1490683229813664
ResNet,Earthquakes,mean,euclidean,90,90,1.0,0.6455696202531646,0.35443037974683544,0.8354430379746836,0.16455696202531644
ResNet,Earthquakes,zero,dtw,90,90,1.0,0.64375,0.35624999999999996,0.8375,0.16249999999999998
ResNet,Earthquakes,zero,euclidean,90,90,1.0,0.643312101910828,0.356687898089172,0.8471337579617835,0.15286624203821653
ResNet,Earthquakes,mean,dtw,96,90,1.0,0.6474358974358975,0.35256410256410253,0.8397435897435898,0.16025641025641024
ResNet,Earthquakes,mean,euclidean,96,90,1.0,0.6381578947368421,0.36184210526315785,0.8355263157894737,0.16447368421052633
ResNet,Earthquakes,zero,dtw,96,90,1.0,0.6583850931677019,0.3416149068322981,0.8385093167701864,0.16149068322981364
ResNet,Earthquakes,zero,euclidean,96,90,1.0,0.6602564102564102,0.33974358974358976,0.8525641025641025,0.14743589743589747
ResNet,OSULeaf,mean,dtw,100,90,1.0,0.8623595505617978,0.1376404494382022,0.7780898876404494,0.2219101123595506
ResNet,OSULeaf,zero,dtw,100,90,1.0,0.8622589531680441,0.13774104683195587,0.7713498622589532,0.2286501377410468
ResNet,OSULeaf,zero,euclidean,100,90,1.0,0.8482384823848238,0.1517615176151762,0.7669376693766937,0.23306233062330628
ResNet,OSULeaf,mean,dtw,105,90,1.0,0.8837209302325582,0.11627906976744184,0.7906976744186046,0.2093023255813954
ResNet,OSULeaf,zero,dtw,105,90,1.0,0.8735632183908046,0.12643678160919536,0.8074712643678161,0.19252873563218387
ResNet,OSULeaf,zero,euclidean,105,90,1.0,0.8873626373626373,0.11263736263736268,0.8131868131868132,0.18681318681318682
ResNet,OSULeaf,mean,dtw,10,90,1.0,0.9449275362318841,0.05507246376811592,0.5884057971014492,0.41159420289855075
ResNet,OSULeaf,mean,euclidean,10,90,1.0,0.9416445623342176,0.05835543766578244,0.5888594164456233,0.41114058355437666
ResNet,OSULeaf,zero,dtw,10,90,1.0,0.9445983379501385,0.05540166204986152,0.592797783933518,0.407202216066482
ResNet,OSULeaf,zero,euclidean,10,90,1.0,0.9445983379501385,0.05540166204986152,0.5789473684210527,0.42105263157894735
ResNet,OSULeaf,mean,dtw,15,90,1.0,0.9081081081081082,0.09189189189189184,0.5432432432432432,0.45675675675675675
ResNet,OSULeaf,mean,euclidean,15,90,1.0,0.9019607843137255,0.0980392156862745,0.5714285714285714,0.4285714285714286
ResNet,OSULeaf,zero,dtw,15,90,1.0,0.9141274238227147,0.08587257617728528,0.5512465373961218,0.44875346260387816
ResNet,OSULeaf,zero,euclidean,15,90,1.0,0.9168900804289544,0.08310991957104563,0.5603217158176944,0.4396782841823056
ResNet,OSULeaf,mean,dtw,20,90,1.0,0.8978494623655914,0.10215053763440862,0.5806451612903226,0.4193548387096774
ResNet,OSULeaf,mean,euclidean,20,90,1.0,0.8938547486033519,0.1061452513966481,0.6145251396648045,0.3854748603351955
ResNet,OSULeaf,zero,dtw,20,90,1.0,0.9085872576177285,0.09141274238227148,0.5734072022160664,0.42659279778393355
ResNet,OSULeaf,zero,euclidean,20,90,1.0,0.8956043956043956,0.10439560439560436,0.6428571428571429,0.3571428571428571
ResNet,OSULeaf,mean,dtw,25,90,1.0,0.9293478260869565,0.07065217391304346,0.595108695652174,0.40489130434782605
ResNet,OSULeaf,mean,euclidean,25,90,1.0,0.9238845144356955,0.07611548556430447,0.6246719160104987,0.37532808398950135
ResNet,OSULeaf,zero,dtw,25,90,1.0,0.9245283018867925,0.07547169811320753,0.5983827493261455,0.40161725067385445
ResNet,OSULeaf,zero,euclidean,25,90,1.0,0.9159891598915989,0.0840108401084011,0.6233062330623306,0.3766937669376694
ResNet,OSULeaf,mean,dtw,30,90,1.0,0.9046242774566474,0.09537572254335258,0.6329479768786127,0.3670520231213873
ResNet,OSULeaf,mean,euclidean,30,90,1.0,0.9109195402298851,0.08908045977011492,0.6436781609195402,0.3563218390804598
ResNet,OSULeaf,zero,dtw,30,90,1.0,0.9122807017543859,0.08771929824561409,0.6286549707602339,0.3713450292397661
ResNet,OSULeaf,zero,euclidean,30,90,1.0,0.9096385542168675,0.09036144578313254,0.6265060240963856,0.37349397590361444
ResNet,OSULeaf,mean,dtw,35,90,1.0,0.9235294117647059,0.07647058823529407,0.6588235294117647,0.3411764705882353
ResNet,OSULeaf,mean,euclidean,35,90,1.0,0.907563025210084,0.09243697478991597,0.7030812324929971,0.29691876750700286
ResNet,OSULeaf,zero,dtw,35,90,1.0,0.9120879120879121,0.08791208791208793,0.6868131868131868,0.3131868131868132
ResNet,OSULeaf,zero,euclidean,35,90,1.0,0.9129129129129129,0.08708708708708712,0.6936936936936937,0.3063063063063063
ResNet,OSULeaf,mean,dtw,40,90,1.0,0.8861111111111111,0.11388888888888893,0.6333333333333333,0.3666666666666667
ResNet,OSULeaf,mean,euclidean,40,90,1.0,0.8862973760932945,0.11370262390670549,0.6239067055393586,0.37609329446064144
ResNet,OSULeaf,zero,dtw,40,90,1.0,0.8797653958944281,0.12023460410557185,0.6363636363636364,0.36363636363636365
ResNet,OSULeaf,zero,euclidean,40,90,1.0,0.8888888888888888,0.11111111111111116,0.6186186186186187,0.38138138138138133
ResNet,OSULeaf,mean,dtw,45,90,1.0,0.9022346368715084,0.0977653631284916,0.6871508379888268,0.3128491620111732
ResNet,OSULeaf,mean,euclidean,45,90,1.0,0.9014084507042254,0.09859154929577463,0.6816901408450704,0.3183098591549296
ResNet,OSULeaf,zero,dtw,45,90,1.0,0.895774647887324,0.10422535211267603,0.6816901408450704,0.3183098591549296
ResNet,OSULeaf,zero,euclidean,45,90,1.0,0.8945868945868946,0.10541310541310545,0.6866096866096866,0.3133903133903134
ResNet,OSULeaf,mean,dtw,50,90,1.0,0.8867403314917127,0.11325966850828728,0.6325966850828729,0.3674033149171271
ResNet,OSULeaf,mean,euclidean,50,90,1.0,0.8734939759036144,0.12650602409638556,0.5933734939759037,0.40662650602409633
ResNet,OSULeaf,zero,dtw,50,90,1.0,0.8905325443786982,0.10946745562130178,0.6301775147928994,0.3698224852071006
ResNet,OSULeaf,zero,euclidean,50,90,1.0,0.8925619834710744,0.1074380165289256,0.6198347107438017,0.3801652892561983
ResNet,OSULeaf,mean,dtw,55,90,1.0,0.8879551820728291,0.11204481792717091,0.7086834733893558,0.2913165266106442
ResNet,OSULeaf,mean,euclidean,55,90,1.0,0.8767123287671232,0.12328767123287676,0.6794520547945205,0.32054794520547947
ResNet,OSULeaf,zero,dtw,55,90,1.0,0.8704225352112676,0.12957746478873244,0.6704225352112676,0.3295774647887324
ResNet,OSULeaf,zero,euclidean,55,90,1.0,0.8864864864864865,0.11351351351351346,0.7081081081081081,0.2918918918918919
ResNet,OSULeaf,mean,dtw,5,90,1.0,0.9777158774373259,0.02228412256267409,0.7520891364902507,0.24791086350974934
ResNet,OSULeaf,mean,euclidean,5,90,1.0,0.976,0.02400000000000002,0.7333333333333333,0.2666666666666667
ResNet,OSULeaf,zero,dtw,5,90,1.0,0.9742857142857143,0.02571428571428569,0.7228571428571429,0.27714285714285714
ResNet,OSULeaf,zero,euclidean,5,90,1.0,0.9715762273901809,0.028423772609819098,0.7131782945736435,0.28682170542635654
ResNet,OSULeaf,mean,dtw,60,90,1.0,0.930939226519337,0.06906077348066297,0.7624309392265194,0.2375690607734806
ResNet,OSULeaf,mean,euclidean,60,90,1.0,0.9222222222222223,0.07777777777777772,0.7638888888888888,0.23611111111111116
ResNet,OSULeaf,zero,dtw,60,90,1.0,0.923943661971831,0.07605633802816902,0.7661971830985915,0.23380281690140847
ResNet,OSULeaf,zero,euclidean,60,90,1.0,0.9106145251396648,0.08938547486033521,0.7458100558659218,0.25418994413407825
ResNet,OSULeaf,mean,dtw,65,90,1.0,0.8849557522123894,0.11504424778761058,0.7020648967551623,0.29793510324483774
ResNet,OSULeaf,mean,euclidean,65,90,1.0,0.8920454545454546,0.10795454545454541,0.7102272727272727,0.2897727272727273
ResNet,OSULeaf,zero,dtw,65,90,1.0,0.8956521739130435,0.10434782608695647,0.7101449275362319,0.28985507246376807
ResNet,OSULeaf,zero,euclidean,65,90,1.0,0.8908554572271387,0.10914454277286134,0.6932153392330384,0.30678466076696165
ResNet,OSULeaf,mean,dtw,70,90,1.0,0.9295774647887324,0.07042253521126762,0.8056338028169014,0.19436619718309855
ResNet,OSULeaf,zero,dtw,70,90,1.0,0.9142857142857143,0.08571428571428574,0.7828571428571428,0.2171428571428572
ResNet,OSULeaf,zero,euclidean,70,90,1.0,0.9027777777777778,0.09722222222222221,0.7694444444444445,0.2305555555555555
ResNet,OSULeaf,mean,dtw,75,90,1.0,0.8806818181818182,0.11931818181818177,0.7130681818181818,0.28693181818181823
ResNet,OSULeaf,zero,dtw,75,90,1.0,0.8746355685131195,0.12536443148688048,0.7201166180758017,0.27988338192419826
ResNet,OSULeaf,zero,euclidean,75,90,1.0,0.8885630498533724,0.11143695014662758,0.7155425219941349,0.28445747800586507
ResNet,OSULeaf,mean,dtw,80,90,1.0,0.8832335329341318,0.11676646706586824,0.7095808383233533,0.2904191616766467
ResNet,OSULeaf,zero,dtw,80,90,1.0,0.8904899135446686,0.10951008645533145,0.7118155619596542,0.28818443804034577
ResNet,OSULeaf,zero,euclidean,80,90,1.0,0.8826979472140762,0.11730205278592376,0.7067448680351907,0.29325513196480935
ResNet,OSULeaf,mean,dtw,85,90,1.0,0.9056047197640118,0.0943952802359882,0.7581120943952803,0.24188790560471973
ResNet,OSULeaf,zero,dtw,85,90,1.0,0.911504424778761,0.08849557522123896,0.7610619469026548,0.23893805309734517
ResNet,OSULeaf,zero,euclidean,85,90,1.0,0.9047619047619048,0.09523809523809523,0.7619047619047619,0.23809523809523814
ResNet,OSULeaf,mean,dtw,90,90,1.0,0.863013698630137,0.136986301369863,0.7123287671232876,0.28767123287671237
ResNet,OSULeaf,zero,dtw,90,90,1.0,0.8603351955307262,0.13966480446927376,0.7067039106145251,0.2932960893854749
ResNet,OSULeaf,zero,euclidean,90,90,1.0,0.865546218487395,0.134453781512605,0.7086834733893558,0.2913165266106442
ResNet,OSULeaf,mean,dtw,95,90,1.0,0.8629032258064516,0.13709677419354838,0.739247311827957,0.260752688172043
ResNet,OSULeaf,zero,dtw,95,90,1.0,0.8689839572192514,0.13101604278074863,0.7433155080213903,0.25668449197860965
ResNet,OSULeaf,zero,euclidean,95,90,1.0,0.8641304347826086,0.13586956521739135,0.7336956521739131,0.2663043478260869
InceptionTime,BeetleFly,mean,dtw,102,90,1.0,0.6842105263157895,0.3157894736842105,0.47368421052631576,0.5263157894736843
InceptionTime,BeetleFly,mean,euclidean,102,90,1.0,0.7222222222222222,0.2777777777777778,0.4444444444444444,0.5555555555555556
InceptionTime,BeetleFly,zero,dtw,102,90,1.0,0.6842105263157895,0.3157894736842105,0.47368421052631576,0.5263157894736843
InceptionTime,BeetleFly,zero,euclidean,102,90,1.0,0.6666666666666666,0.33333333333333337,0.47619047619047616,0.5238095238095238
InceptionTime,BeetleFly,mean,dtw,108,90,1.0,0.75,0.25,0.45,0.55
InceptionTime,BeetleFly,mean,euclidean,108,90,1.0,0.7,0.30000000000000004,0.5,0.5
InceptionTime,BeetleFly,zero,dtw,108,90,1.0,0.75,0.25,0.45,0.55
InceptionTime,BeetleFly,zero,euclidean,108,90,1.0,0.7142857142857143,0.2857142857142857,0.47619047619047616,0.5238095238095238
InceptionTime,BeetleFly,mean,dtw,114,90,1.0,0.6363636363636364,0.36363636363636365,0.5,0.5
InceptionTime,BeetleFly,mean,euclidean,114,90,1.0,0.6666666666666666,0.33333333333333337,0.47619047619047616,0.5238095238095238
InceptionTime,BeetleFly,zero,dtw,114,90,1.0,0.6666666666666666,0.33333333333333337,0.47619047619047616,0.5238095238095238
InceptionTime,BeetleFly,zero,euclidean,114,90,1.0,0.6666666666666666,0.33333333333333337,0.47619047619047616,0.5238095238095238
InceptionTime,BeetleFly,mean,dtw,120,90,1.0,0.6190476190476191,0.38095238095238093,0.47619047619047616,0.5238095238095238
InceptionTime,BeetleFly,mean,euclidean,120,90,1.0,0.6666666666666666,0.33333333333333337,0.47619047619047616,0.5238095238095238
InceptionTime,BeetleFly,zero,dtw,120,90,1.0,0.6363636363636364,0.36363636363636365,0.5,0.5
InceptionTime,BeetleFly,zero,euclidean,120,90,1.0,0.6666666666666666,0.33333333333333337,0.47619047619047616,0.5238095238095238
InceptionTime,BeetleFly,mean,dtw,126,90,1.0,0.65,0.35,0.45,0.55
InceptionTime,BeetleFly,mean,euclidean,126,90,1.0,0.6190476190476191,0.38095238095238093,0.42857142857142855,0.5714285714285714
InceptionTime,BeetleFly,zero,dtw,126,90,1.0,0.6190476190476191,0.38095238095238093,0.47619047619047616,0.5238095238095238
InceptionTime,BeetleFly,zero,euclidean,126,90,1.0,0.65,0.35,0.45,0.55
InceptionTime,BeetleFly,mean,dtw,12,90,1.0,0.625,0.375,0.875,0.125
InceptionTime,BeetleFly,mean,euclidean,12,90,1.0,0.75,0.25,1.0,0.0
InceptionTime,BeetleFly,zero,dtw,12,90,1.0,0.5555555555555556,0.4444444444444444,0.8888888888888888,0.11111111111111116
InceptionTime,BeetleFly,zero,euclidean,12,90,1.0,1.0,0.0,1.0,0.0
InceptionTime,BeetleFly,mean,dtw,18,90,1.0,0.5,0.5,0.9,0.09999999999999998
InceptionTime,BeetleFly,mean,euclidean,18,90,1.0,0.5555555555555556,0.4444444444444444,0.8888888888888888,0.11111111111111116
InceptionTime,BeetleFly,zero,dtw,18,90,1.0,0.4166666666666667,0.5833333333333333,1.0,0.0
InceptionTime,BeetleFly,zero,euclidean,18,90,1.0,0.45454545454545453,0.5454545454545454,0.9090909090909091,0.09090909090909094
InceptionTime,BeetleFly,mean,dtw,24,90,1.0,0.6,0.4,0.9333333333333333,0.06666666666666665
InceptionTime,BeetleFly,mean,euclidean,24,90,1.0,0.5714285714285714,0.4285714285714286,0.9285714285714286,0.0714285714285714
InceptionTime,BeetleFly,zero,dtw,24,90,1.0,0.7222222222222222,0.2777777777777778,0.9444444444444444,0.05555555555555558
InceptionTime,BeetleFly,zero,euclidean,24,90,1.0,0.6428571428571429,0.3571428571428571,0.8571428571428571,0.1428571428571429
InceptionTime,BeetleFly,mean,dtw,30,90,1.0,0.625,0.375,0.9375,0.0625
InceptionTime,BeetleFly,mean,euclidean,30,90,1.0,0.6875,0.3125,0.9375,0.0625
InceptionTime,BeetleFly,zero,dtw,30,90,1.0,0.7777777777777778,0.2222222222222222,0.9444444444444444,0.05555555555555558
InceptionTime,BeetleFly,zero,euclidean,30,90,1.0,0.625,0.375,0.9375,0.0625
InceptionTime,BeetleFly,mean,dtw,36,90,1.0,0.7142857142857143,0.2857142857142857,1.0,0.0
InceptionTime,BeetleFly,mean,euclidean,36,90,1.0,0.65,0.35,1.0,0.0
InceptionTime,BeetleFly,zero,dtw,36,90,1.0,0.6842105263157895,0.3157894736842105,0.9473684210526315,0.052631578947368474
InceptionTime,BeetleFly,zero,euclidean,36,90,1.0,0.6,0.4,0.95,0.050000000000000044
InceptionTime,BeetleFly,mean,dtw,42,90,1.0,0.6842105263157895,0.3157894736842105,0.8421052631578947,0.1578947368421053
InceptionTime,BeetleFly,mean,euclidean,42,90,1.0,0.7391304347826086,0.26086956521739135,0.8260869565217391,0.17391304347826086
InceptionTime,BeetleFly,zero,dtw,42,90,1.0,0.7391304347826086,0.26086956521739135,0.8695652173913043,0.13043478260869568
InceptionTime,BeetleFly,zero,euclidean,42,90,1.0,0.7407407407407407,0.2592592592592593,0.8518518518518519,0.14814814814814814
InceptionTime,BeetleFly,mean,dtw,48,90,1.0,0.6,0.4,0.75,0.25
InceptionTime,BeetleFly,mean,euclidean,48,90,1.0,0.6842105263157895,0.3157894736842105,0.7894736842105263,0.21052631578947367
InceptionTime,BeetleFly,zero,dtw,48,90,1.0,0.6666666666666666,0.33333333333333337,0.7916666666666666,0.20833333333333337
InceptionTime,BeetleFly,zero,euclidean,48,90,1.0,0.6,0.4,0.75,0.25
InceptionTime,BeetleFly,mean,dtw,54,90,1.0,0.7142857142857143,0.2857142857142857,0.8095238095238095,0.19047619047619047
InceptionTime,BeetleFly,mean,euclidean,54,90,1.0,0.7142857142857143,0.2857142857142857,0.8095238095238095,0.19047619047619047
InceptionTime,BeetleFly,zero,dtw,54,90,1.0,0.6190476190476191,0.38095238095238093,0.8095238095238095,0.19047619047619047
InceptionTime,BeetleFly,zero,euclidean,54,90,1.0,0.7391304347826086,0.26086956521739135,0.8260869565217391,0.17391304347826086
InceptionTime,BeetleFly,mean,dtw,60,90,1.0,0.6190476190476191,0.38095238095238093,0.7619047619047619,0.23809523809523814
InceptionTime,BeetleFly,mean,euclidean,60,90,1.0,0.6521739130434783,0.34782608695652173,0.6956521739130435,0.30434782608695654
InceptionTime,BeetleFly,zero,dtw,60,90,1.0,0.5909090909090909,0.40909090909090906,0.7272727272727273,0.2727272727272727
InceptionTime,BeetleFly,zero,euclidean,60,90,1.0,0.5833333333333334,0.41666666666666663,0.75,0.25
InceptionTime,BeetleFly,mean,dtw,66,90,1.0,0.75,0.25,0.5833333333333334,0.41666666666666663
InceptionTime,BeetleFly,mean,euclidean,66,90,1.0,0.7692307692307693,0.23076923076923073,0.5769230769230769,0.42307692307692313
InceptionTime,BeetleFly,zero,dtw,66,90,1.0,0.76,0.24,0.56,0.43999999999999995
InceptionTime,BeetleFly,zero,euclidean,66,90,1.0,0.7142857142857143,0.2857142857142857,0.6190476190476191,0.38095238095238093
InceptionTime,BeetleFly,mean,dtw,6,90,1.0,1.0,0.0,1.0,0.0
InceptionTime,BeetleFly,mean,euclidean,6,90,1.0,0.75,0.25,0.75,0.25
InceptionTime,BeetleFly,zero,dtw,6,90,1.0,1.0,0.0,1.0,0.0
InceptionTime,BeetleFly,zero,euclidean,6,90,1.0,0.75,0.25,0.5,0.5
InceptionTime,BeetleFly,mean,dtw,72,90,1.0,0.7727272727272727,0.2272727272727273,0.5,0.5
InceptionTime,BeetleFly,mean,euclidean,72,90,1.0,0.782608695652174,0.21739130434782605,0.4782608695652174,0.5217391304347826
InceptionTime,BeetleFly,zero,dtw,72,90,1.0,0.8260869565217391,0.17391304347826086,0.4782608695652174,0.5217391304347826
InceptionTime,BeetleFly,zero,euclidean,72,90,1.0,0.8,0.19999999999999996,0.48,0.52
InceptionTime,BeetleFly,mean,dtw,78,90,1.0,0.6363636363636364,0.36363636363636365,0.45454545454545453,0.5454545454545454
InceptionTime,BeetleFly,mean,euclidean,78,90,1.0,0.64,0.36,0.48,0.52
InceptionTime,BeetleFly,zero,dtw,78,90,1.0,0.625,0.375,0.4583333333333333,0.5416666666666667
InceptionTime,BeetleFly,zero,euclidean,78,90,1.0,0.625,0.375,0.4583333333333333,0.5416666666666667
InceptionTime,BeetleFly,mean,dtw,84,90,1.0,0.8,0.19999999999999996,0.48,0.52
InceptionTime,BeetleFly,mean,euclidean,84,90,1.0,0.84,0.16000000000000003,0.44,0.56
InceptionTime,BeetleFly,zero,dtw,84,90,1.0,0.8148148148148148,0.18518518518518523,0.4444444444444444,0.5555555555555556
InceptionTime,BeetleFly,zero,euclidean,84,90,1.0,0.8,0.19999999999999996,0.48,0.52
InceptionTime,BeetleFly,mean,dtw,90,90,1.0,0.5789473684210527,0.42105263157894735,0.5789473684210527,0.42105263157894735
InceptionTime,BeetleFly,mean,euclidean,90,90,1.0,0.6,0.4,0.55,0.44999999999999996
InceptionTime,BeetleFly,zero,dtw,90,90,1.0,0.6,0.4,0.55,0.44999999999999996
InceptionTime,BeetleFly,zero,euclidean,90,90,1.0,0.5789473684210527,0.42105263157894735,0.5789473684210527,0.42105263157894735
InceptionTime,BeetleFly,mean,dtw,96,90,1.0,0.631578947368421,0.368421052631579,0.5263157894736842,0.4736842105263158
InceptionTime,BeetleFly,mean,euclidean,96,90,1.0,0.631578947368421,0.368421052631579,0.5263157894736842,0.4736842105263158
InceptionTime,BeetleFly,zero,dtw,96,90,1.0,0.65,0.35,0.55,0.44999999999999996
InceptionTime,BeetleFly,zero,euclidean,96,90,1.0,0.631578947368421,0.368421052631579,0.47368421052631576,0.5263157894736843
InceptionTime,Earthquakes,mean,dtw,102,90,1.0,0.5136986301369864,0.48630136986301364,0.8561643835616438,0.14383561643835618
InceptionTime,Earthquakes,mean,euclidean,102,90,1.0,0.5379310344827586,0.4620689655172414,0.8482758620689655,0.15172413793103445
InceptionTime,Earthquakes,zero,dtw,102,90,1.0,0.5068493150684932,0.4931506849315068,0.8493150684931506,0.15068493150684936
InceptionTime,Earthquakes,zero,euclidean,102,90,1.0,0.4931506849315068,0.5068493150684932,0.8561643835616438,0.14383561643835618
InceptionTime,Earthquakes,mean,dtw,108,90,1.0,0.41843971631205673,0.5815602836879432,0.8439716312056738,0.15602836879432624
InceptionTime,Earthquakes,zero,dtw,108,90,1.0,0.3958333333333333,0.6041666666666667,0.8333333333333334,0.16666666666666663
InceptionTime,Earthquakes,zero,euclidean,108,90,1.0,0.4014084507042254,0.5985915492957746,0.8380281690140845,0.1619718309859155
InceptionTime,Earthquakes,mean,dtw,114,90,1.0,0.4689655172413793,0.5310344827586206,0.8344827586206897,0.16551724137931034
InceptionTime,Earthquakes,zero,dtw,114,90,1.0,0.47586206896551725,0.5241379310344827,0.8482758620689655,0.15172413793103445
InceptionTime,Earthquakes,zero,euclidean,114,90,1.0,0.4827586206896552,0.5172413793103448,0.8413793103448276,0.1586206896551724
InceptionTime,Earthquakes,mean,dtw,120,90,1.0,0.4225352112676056,0.5774647887323944,0.852112676056338,0.147887323943662
InceptionTime,Earthquakes,zero,dtw,120,90,1.0,0.4295774647887324,0.5704225352112676,0.852112676056338,0.147887323943662
InceptionTime,Earthquakes,zero,euclidean,120,90,1.0,0.4172661870503597,0.5827338129496402,0.841726618705036,0.15827338129496404
InceptionTime,Earthquakes,mean,dtw,126,90,1.0,0.4965034965034965,0.5034965034965035,0.8181818181818182,0.18181818181818177
InceptionTime,Earthquakes,zero,dtw,126,90,1.0,0.4896551724137931,0.5103448275862069,0.8137931034482758,0.18620689655172418
InceptionTime,Earthquakes,zero,euclidean,126,90,1.0,0.496551724137931,0.503448275862069,0.8068965517241379,0.19310344827586212
InceptionTime,Earthquakes,mean,dtw,12,90,1.0,0.453416149068323,0.5465838509316769,0.7701863354037267,0.22981366459627328
InceptionTime,Earthquakes,mean,euclidean,12,90,1.0,0.4658385093167702,0.5341614906832298,0.7142857142857143,0.2857142857142857
InceptionTime,Earthquakes,zero,dtw,12,90,1.0,0.49101796407185627,0.5089820359281437,0.7724550898203593,0.22754491017964074
InceptionTime,Earthquakes,zero,euclidean,12,90,1.0,0.48427672955974843,0.5157232704402516,0.7421383647798742,0.25786163522012584
InceptionTime,Earthquakes,mean,dtw,18,90,1.0,0.46285714285714286,0.5371428571428571,0.76,0.24
InceptionTime,Earthquakes,mean,euclidean,18,90,1.0,0.44375,0.55625,0.7625,0.23750000000000004
InceptionTime,Earthquakes,zero,dtw,18,90,1.0,0.4375,0.5625,0.725,0.275
InceptionTime,Earthquakes,zero,euclidean,18,90,1.0,0.4591194968553459,0.5408805031446541,0.7610062893081762,0.23899371069182385
InceptionTime,Earthquakes,mean,dtw,24,90,1.0,0.47023809523809523,0.5297619047619048,0.7916666666666666,0.20833333333333337
InceptionTime,Earthquakes,mean,euclidean,24,90,1.0,0.46060606060606063,0.5393939393939393,0.7818181818181819,0.21818181818181814
InceptionTime,Earthquakes,zero,dtw,24,90,1.0,0.47368421052631576,0.5263157894736843,0.7894736842105263,0.21052631578947367
InceptionTime,Earthquakes,zero,euclidean,24,90,1.0,0.47126436781609193,0.5287356321839081,0.7873563218390804,0.21264367816091956
InceptionTime,Earthquakes,mean,dtw,30,90,1.0,0.5209580838323353,0.47904191616766467,0.7604790419161677,0.23952095808383234
InceptionTime,Earthquakes,mean,euclidean,30,90,1.0,0.5126582278481012,0.4873417721518988,0.759493670886076,0.240506329113924
InceptionTime,Earthquakes,zero,dtw,30,90,1.0,0.5031446540880503,0.4968553459119497,0.779874213836478,0.22012578616352196
InceptionTime,Earthquakes,zero,euclidean,30,90,1.0,0.512987012987013,0.487012987012987,0.7727272727272727,0.2272727272727273
InceptionTime,Earthquakes,mean,dtw,36,90,1.0,0.4968944099378882,0.5031055900621118,0.7701863354037267,0.22981366459627328
InceptionTime,Earthquakes,mean,euclidean,36,90,1.0,0.5093167701863354,0.49068322981366463,0.8012422360248447,0.19875776397515532
InceptionTime,Earthquakes,zero,dtw,36,90,1.0,0.5063291139240507,0.49367088607594933,0.7911392405063291,0.2088607594936709
InceptionTime,Earthquakes,zero,euclidean,36,90,1.0,0.5123456790123457,0.48765432098765427,0.7716049382716049,0.22839506172839508
InceptionTime,Earthquakes,mean,dtw,42,90,1.0,0.5146198830409356,0.48538011695906436,0.7953216374269005,0.20467836257309946
InceptionTime,Earthquakes,mean,euclidean,42,90,1.0,0.5185185185185185,0.4814814814814815,0.8024691358024691,0.19753086419753085
InceptionTime,Earthquakes,zero,dtw,42,90,1.0,0.5176470588235295,0.48235294117647054,0.8,0.19999999999999996
InceptionTime,Earthquakes,zero,euclidean,42,90,1.0,0.5125,0.48750000000000004,0.8,0.19999999999999996
InceptionTime,Earthquakes,mean,dtw,48,90,1.0,0.4473684210526316,0.5526315789473684,0.7894736842105263,0.21052631578947367
InceptionTime,Earthquakes,mean,euclidean,48,90,1.0,0.43790849673202614,0.5620915032679739,0.7973856209150327,0.20261437908496727
InceptionTime,Earthquakes,zero,dtw,48,90,1.0,0.42857142857142855,0.5714285714285714,0.7987012987012987,0.2012987012987013
InceptionTime,Earthquakes,zero,euclidean,48,90,1.0,0.40384615384615385,0.5961538461538461,0.8076923076923077,0.1923076923076923
InceptionTime,Earthquakes,mean,dtw,54,90,1.0,0.4713375796178344,0.5286624203821656,0.821656050955414,0.17834394904458595
InceptionTime,Earthquakes,mean,euclidean,54,90,1.0,0.461038961038961,0.538961038961039,0.8051948051948052,0.19480519480519476
InceptionTime,Earthquakes,zero,dtw,54,90,1.0,0.45625,0.54375,0.79375,0.20625000000000004
InceptionTime,Earthquakes,zero,euclidean,54,90,1.0,0.4794520547945205,0.5205479452054795,0.8082191780821918,0.1917808219178082
InceptionTime,Earthquakes,mean,dtw,60,90,1.0,0.4276729559748428,0.5723270440251572,0.8238993710691824,0.17610062893081757
InceptionTime,Earthquakes,mean,euclidean,60,90,1.0,0.43137254901960786,0.5686274509803921,0.8104575163398693,0.1895424836601307
InceptionTime,Earthquakes,zero,dtw,60,90,1.0,0.4409937888198758,0.5590062111801242,0.8198757763975155,0.18012422360248448
InceptionTime,Earthquakes,zero,euclidean,60,90,1.0,0.43125,0.56875,0.825,0.17500000000000004
InceptionTime,Earthquakes,mean,dtw,66,90,1.0,0.4258064516129032,0.5741935483870968,0.8064516129032258,0.19354838709677424
InceptionTime,Earthquakes,mean,euclidean,66,90,1.0,0.4240506329113924,0.5759493670886076,0.8227848101265823,0.17721518987341767
InceptionTime,Earthquakes,zero,dtw,66,90,1.0,0.423841059602649,0.576158940397351,0.8079470198675497,0.1920529801324503
InceptionTime,Earthquakes,zero,euclidean,66,90,1.0,0.43137254901960786,0.5686274509803921,0.8169934640522876,0.18300653594771243
InceptionTime,Earthquakes,mean,dtw,6,90,1.0,0.4935897435897436,0.5064102564102564,0.7243589743589743,0.27564102564102566
InceptionTime,Earthquakes,mean,euclidean,6,90,1.0,0.5244755244755245,0.4755244755244755,0.7272727272727273,0.2727272727272727
InceptionTime,Earthquakes,zero,dtw,6,90,1.0,0.5096774193548387,0.4903225806451613,0.6967741935483871,0.3032258064516129
InceptionTime,Earthquakes,zero,euclidean,6,90,1.0,0.5182481751824818,0.4817518248175182,0.7007299270072993,0.2992700729927007
InceptionTime,Earthquakes,mean,dtw,72,90,1.0,0.474025974025974,0.525974025974026,0.8051948051948052,0.19480519480519476
InceptionTime,Earthquakes,mean,euclidean,72,90,1.0,0.4625,0.5375,0.8125,0.1875
InceptionTime,Earthquakes,zero,dtw,72,90,1.0,0.4779874213836478,0.5220125786163522,0.8176100628930818,0.1823899371069182
InceptionTime,Earthquakes,zero,euclidean,72,90,1.0,0.475,0.525,0.81875,0.18125000000000002
InceptionTime,Earthquakes,mean,dtw,78,90,1.0,0.40540540540540543,0.5945945945945945,0.831081081081081,0.16891891891891897
InceptionTime,Earthquakes,mean,euclidean,78,90,1.0,0.4266666666666667,0.5733333333333333,0.8333333333333334,0.16666666666666663
InceptionTime,Earthquakes,zero,dtw,78,90,1.0,0.4304635761589404,0.5695364238410596,0.8278145695364238,0.17218543046357615
InceptionTime,Earthquakes,zero,euclidean,78,90,1.0,0.42953020134228187,0.5704697986577181,0.825503355704698,0.17449664429530198
InceptionTime,Earthquakes,mean,dtw,84,90,1.0,0.5032679738562091,0.49673202614379086,0.8169934640522876,0.18300653594771243
InceptionTime,Earthquakes,mean,euclidean,84,90,1.0,0.4897959183673469,0.5102040816326531,0.8367346938775511,0.16326530612244894
InceptionTime,Earthquakes,zero,dtw,84,90,1.0,0.5,0.5,0.8243243243243243,0.17567567567567566
InceptionTime,Earthquakes,zero,euclidean,84,90,1.0,0.5033557046979866,0.49664429530201337,0.8389261744966443,0.1610738255033557
InceptionTime,Earthquakes,mean,dtw,90,90,1.0,0.5106382978723404,0.4893617021276596,0.8439716312056738,0.15602836879432624
InceptionTime,Earthquakes,mean,euclidean,90,90,1.0,0.4859154929577465,0.5140845070422535,0.8450704225352113,0.15492957746478875
InceptionTime,Earthquakes,zero,dtw,90,90,1.0,0.5,0.5,0.8472222222222222,0.1527777777777778
InceptionTime,Earthquakes,zero,euclidean,90,90,1.0,0.5069444444444444,0.4930555555555556,0.8541666666666666,0.14583333333333337
InceptionTime,Earthquakes,mean,dtw,96,90,1.0,0.4931506849315068,0.5068493150684932,0.8561643835616438,0.14383561643835618
InceptionTime,Earthquakes,mean,euclidean,96,90,1.0,0.49295774647887325,0.5070422535211268,0.8450704225352113,0.15492957746478875
InceptionTime,Earthquakes,zero,dtw,96,90,1.0,0.4794520547945205,0.5205479452054795,0.8356164383561644,0.1643835616438356
InceptionTime,Earthquakes,zero,euclidean,96,90,1.0,0.4864864864864865,0.5135135135135135,0.8445945945945946,0.15540540540540537
InceptionTime,OSULeaf,mean,dtw,100,90,1.0,0.5427631578947368,0.45723684210526316,0.5164473684210527,0.48355263157894735
InceptionTime,OSULeaf,mean,euclidean,100,90,1.0,0.5480769230769231,0.45192307692307687,0.5256410256410257,0.47435897435897434
InceptionTime,OSULeaf,zero,dtw,100,90,1.0,0.5517241379310345,0.4482758620689655,0.5078369905956113,0.49216300940438873
InceptionTime,OSULeaf,zero,euclidean,100,90,1.0,0.5353846153846153,0.46461538461538465,0.5138461538461538,0.48615384615384616
InceptionTime,OSULeaf,mean,dtw,105,90,1.0,0.5521472392638037,0.4478527607361963,0.5306748466257669,0.4693251533742331
InceptionTime,OSULeaf,mean,euclidean,105,90,1.0,0.5555555555555556,0.4444444444444444,0.5301587301587302,0.46984126984126984
InceptionTime,OSULeaf,zero,dtw,105,90,1.0,0.5617283950617284,0.43827160493827155,0.5370370370370371,0.4629629629629629
InceptionTime,OSULeaf,zero,euclidean,105,90,1.0,0.546031746031746,0.453968253968254,0.5301587301587302,0.46984126984126984
InceptionTime,OSULeaf,mean,dtw,10,90,1.0,0.7922437673130194,0.20775623268698062,0.5069252077562327,0.49307479224376727
InceptionTime,OSULeaf,mean,euclidean,10,90,1.0,0.8123324396782842,0.18766756032171583,0.49865951742627346,0.5013404825737265
InceptionTime,OSULeaf,zero,dtw,10,90,1.0,0.7640750670241286,0.23592493297587136,0.4745308310991957,0.5254691689008043
InceptionTime,OSULeaf,zero,euclidean,10,90,1.0,0.7958115183246073,0.20418848167539272,0.5026178010471204,0.4973821989528796
InceptionTime,OSULeaf,mean,dtw,15,90,1.0,0.8095238095238095,0.19047619047619047,0.49404761904761907,0.5059523809523809
InceptionTime,OSULeaf,mean,euclidean,15,90,1.0,0.8140161725067385,0.18598382749326148,0.4716981132075472,0.5283018867924528
InceptionTime,OSULeaf,zero,dtw,15,90,1.0,0.8398876404494382,0.1601123595505618,0.5168539325842697,0.4831460674157303
InceptionTime,OSULeaf,zero,euclidean,15,90,1.0,0.8163841807909604,0.18361581920903958,0.4887005649717514,0.5112994350282486
InceptionTime,OSULeaf,mean,dtw,20,90,1.0,0.773371104815864,0.22662889518413598,0.5184135977337111,0.4815864022662889
InceptionTime,OSULeaf,mean,euclidean,20,90,1.0,0.7914285714285715,0.20857142857142852,0.5457142857142857,0.4542857142857143
InceptionTime,OSULeaf,zero,dtw,20,90,1.0,0.7926829268292683,0.20731707317073167,0.5670731707317073,0.43292682926829273
InceptionTime,OSULeaf,zero,euclidean,20,90,1.0,0.8068783068783069,0.19312169312169314,0.5634920634920635,0.4365079365079365
InceptionTime,OSULeaf,mean,dtw,25,90,1.0,0.8168168168168168,0.18318318318318316,0.5855855855855856,0.4144144144144144
InceptionTime,OSULeaf,mean,euclidean,25,90,1.0,0.8166189111747851,0.18338108882521487,0.5816618911174785,0.41833810888252154
InceptionTime,OSULeaf,zero,dtw,25,90,1.0,0.8463687150837989,0.15363128491620115,0.5782122905027933,0.4217877094972067
InceptionTime,OSULeaf,zero,euclidean,25,90,1.0,0.8233695652173914,0.17663043478260865,0.595108695652174,0.40489130434782605
InceptionTime,OSULeaf,mean,dtw,30,90,1.0,0.8215297450424929,0.17847025495750712,0.603399433427762,0.39660056657223797
InceptionTime,OSULeaf,mean,euclidean,30,90,1.0,0.8176638176638177,0.18233618233618232,0.5783475783475783,0.42165242165242167
InceptionTime,OSULeaf,zero,dtw,30,90,1.0,0.8102409638554217,0.18975903614457834,0.5843373493975904,0.4156626506024096
InceptionTime,OSULeaf,zero,euclidean,30,90,1.0,0.8066465256797583,0.19335347432024175,0.5921450151057401,0.40785498489425986
InceptionTime,OSULeaf,mean,dtw,35,90,1.0,0.808641975308642,0.191358024691358,0.5987654320987654,0.4012345679012346
InceptionTime,OSULeaf,mean,euclidean,35,90,1.0,0.7938461538461539,0.20615384615384613,0.5753846153846154,0.4246153846153846
InceptionTime,OSULeaf,zero,dtw,35,90,1.0,0.7923976608187134,0.20760233918128657,0.5994152046783626,0.4005847953216374
InceptionTime,OSULeaf,zero,euclidean,35,90,1.0,0.8168168168168168,0.18318318318318316,0.6126126126126126,0.3873873873873874
InceptionTime,OSULeaf,mean,dtw,40,90,1.0,0.7325581395348837,0.2674418604651163,0.5494186046511628,0.45058139534883723
InceptionTime,OSULeaf,mean,euclidean,40,90,1.0,0.7202380952380952,0.27976190476190477,0.5654761904761905,0.43452380952380953
InceptionTime,OSULeaf,zero,dtw,40,90,1.0,0.7262569832402235,0.2737430167597765,0.5754189944134078,0.4245810055865922
InceptionTime,OSULeaf,zero,euclidean,40,90,1.0,0.7471590909090909,0.25284090909090906,0.5823863636363636,0.41761363636363635
InceptionTime,OSULeaf,mean,dtw,45,90,1.0,0.7407407407407407,0.2592592592592593,0.5864197530864198,0.4135802469135802
InceptionTime,OSULeaf,mean,euclidean,45,90,1.0,0.7425149700598802,0.2574850299401198,0.5748502994011976,0.4251497005988024
InceptionTime,OSULeaf,zero,dtw,45,90,1.0,0.7485029940119761,0.25149700598802394,0.5718562874251497,0.4281437125748503
InceptionTime,OSULeaf,zero,euclidean,45,90,1.0,0.7696969696969697,0.23030303030303034,0.5818181818181818,0.4181818181818182
InceptionTime,OSULeaf,mean,dtw,50,90,1.0,0.7147058823529412,0.2852941176470588,0.5705882352941176,0.4294117647058824
InceptionTime,OSULeaf,mean,euclidean,50,90,1.0,0.7027863777089783,0.29721362229102166,0.5758513931888545,0.4241486068111455
InceptionTime,OSULeaf,zero,dtw,50,90,1.0,0.7335329341317365,0.2664670658682635,0.5838323353293413,0.4161676646706587
InceptionTime,OSULeaf,zero,euclidean,50,90,1.0,0.7138461538461538,0.2861538461538462,0.563076923076923,0.43692307692307697
InceptionTime,OSULeaf,mean,dtw,55,90,1.0,0.7082066869300911,0.29179331306990886,0.5106382978723404,0.4893617021276596
InceptionTime,OSULeaf,mean,euclidean,55,90,1.0,0.6988304093567251,0.30116959064327486,0.5029239766081871,0.4970760233918129
InceptionTime,OSULeaf,zero,dtw,55,90,1.0,0.6925287356321839,0.30747126436781613,0.5,0.5
InceptionTime,OSULeaf,zero,euclidean,55,90,1.0,0.7253731343283583,0.27462686567164174,0.5402985074626866,0.4597014925373134
InceptionTime,OSULeaf,mean,dtw,5,90,1.0,0.8753315649867374,0.12466843501326264,0.5464190981432361,0.4535809018567639
InceptionTime,OSULeaf,mean,euclidean,5,90,1.0,0.845108695652174,0.15489130434782605,0.5271739130434783,0.47282608695652173
InceptionTime,OSULeaf,zero,dtw,5,90,1.0,0.8364116094986808,0.16358839050131924,0.5013192612137203,0.4986807387862797
InceptionTime,OSULeaf,zero,euclidean,5,90,1.0,0.845360824742268,0.15463917525773196,0.5567010309278351,0.44329896907216493
InceptionTime,OSULeaf,mean,dtw,60,90,1.0,0.7927927927927928,0.2072072072072072,0.5585585585585585,0.4414414414414415
InceptionTime,OSULeaf,mean,euclidean,60,90,1.0,0.7901234567901234,0.2098765432098766,0.5462962962962963,0.4537037037037037
InceptionTime,OSULeaf,zero,dtw,60,90,1.0,0.7850746268656716,0.21492537313432836,0.5462686567164179,0.4537313432835821
InceptionTime,OSULeaf,zero,euclidean,60,90,1.0,0.786833855799373,0.21316614420062696,0.5266457680250783,0.47335423197492166
InceptionTime,OSULeaf,mean,dtw,65,90,1.0,0.7112462006079028,0.2887537993920972,0.5440729483282675,0.45592705167173253
InceptionTime,OSULeaf,mean,euclidean,65,90,1.0,0.73125,0.26875000000000004,0.546875,0.453125
InceptionTime,OSULeaf,zero,dtw,65,90,1.0,0.7294117647058823,0.2705882352941177,0.5588235294117647,0.4411764705882353
InceptionTime,OSULeaf,zero,euclidean,65,90,1.0,0.721875,0.27812499999999996,0.54375,0.45625000000000004
InceptionTime,OSULeaf,mean,dtw,70,90,1.0,0.7507598784194529,0.2492401215805471,0.5683890577507599,0.4316109422492401
InceptionTime,OSULeaf,mean,euclidean,70,90,1.0,0.7538461538461538,0.24615384615384617,0.5723076923076923,0.4276923076923077
InceptionTime,OSULeaf,zero,dtw,70,90,1.0,0.7611940298507462,0.23880597014925375,0.573134328358209,0.426865671641791
InceptionTime,OSULeaf,zero,euclidean,70,90,1.0,0.7423312883435583,0.2576687116564417,0.5705521472392638,0.42944785276073616
InceptionTime,OSULeaf,mean,dtw,75,90,1.0,0.6209912536443148,0.37900874635568516,0.4868804664723032,0.5131195335276968
InceptionTime,OSULeaf,mean,euclidean,75,90,1.0,0.6038338658146964,0.39616613418530355,0.4792332268370607,0.5207667731629393
InceptionTime,OSULeaf,zero,dtw,75,90,1.0,0.6339285714285714,0.3660714285714286,0.49107142857142855,0.5089285714285714
InceptionTime,OSULeaf,zero,euclidean,75,90,1.0,0.6226993865030674,0.37730061349693256,0.48773006134969327,0.5122699386503067
InceptionTime,OSULeaf,mean,dtw,80,90,1.0,0.6666666666666666,0.33333333333333337,0.4774774774774775,0.5225225225225225
InceptionTime,OSULeaf,mean,euclidean,80,90,1.0,0.6916167664670658,0.3083832335329342,0.47305389221556887,0.5269461077844311
InceptionTime,OSULeaf,zero,dtw,80,90,1.0,0.683076923076923,0.316923076923077,0.5138461538461538,0.48615384615384616
InceptionTime,OSULeaf,zero,euclidean,80,90,1.0,0.6809815950920245,0.3190184049079755,0.49693251533742333,0.5030674846625767
InceptionTime,OSULeaf,mean,dtw,85,90,1.0,0.7037037037037037,0.2962962962962963,0.5308641975308642,0.4691358024691358
InceptionTime,OSULeaf,mean,euclidean,85,90,1.0,0.680379746835443,0.319620253164557,0.5221518987341772,0.4778481012658228
InceptionTime,OSULeaf,zero,dtw,85,90,1.0,0.6875,0.3125,0.528125,0.47187500000000004
InceptionTime,OSULeaf,zero,euclidean,85,90,1.0,0.6797583081570997,0.3202416918429003,0.5166163141993958,0.4833836858006042
InceptionTime,OSULeaf,mean,dtw,90,90,1.0,0.48036253776435045,0.5196374622356495,0.4773413897280967,0.5226586102719033
InceptionTime,OSULeaf,mean,euclidean,90,90,1.0,0.48717948717948717,0.5128205128205128,0.4967948717948718,0.5032051282051282
InceptionTime,OSULeaf,zero,dtw,90,90,1.0,0.48125,0.51875,0.49375,0.50625
InceptionTime,OSULeaf,zero,euclidean,90,90,1.0,0.4673202614379085,0.5326797385620915,0.5032679738562091,0.49673202614379086
InceptionTime,OSULeaf,mean,dtw,95,90,1.0,0.5284810126582279,0.4715189873417721,0.5031645569620253,0.49683544303797467
InceptionTime,OSULeaf,mean,euclidean,95,90,1.0,0.5492063492063493,0.45079365079365075,0.5206349206349207,0.4793650793650793
InceptionTime,OSULeaf,zero,dtw,95,90,1.0,0.517799352750809,0.482200647249191,0.5016181229773463,0.4983818770226537
InceptionTime,OSULeaf,zero,euclidean,95,90,1.0,0.5241157556270096,0.4758842443729904,0.4983922829581994,0.5016077170418006
