classifier,dataset,perturbation,patch_size,threshold,acc_base,acc_zero_tp,change_zero_tp,acc_inverse_tp,change_inverse_tp
MLP,BeetleFly,mean,102,90,1.0,0.7530864197530864,0.24691358024691357,0.6172839506172839,0.3827160493827161
MLP,BeetleFly,zero,102,90,1.0,0.7530864197530864,0.24691358024691357,0.6172839506172839,0.3827160493827161
MLP,BeetleFly,mean,108,90,1.0,0.7916666666666666,0.20833333333333337,0.625,0.375
MLP,BeetleFly,zero,108,90,1.0,0.7916666666666666,0.20833333333333337,0.625,0.375
MLP,BeetleFly,mean,114,90,1.0,0.7974683544303798,0.20253164556962022,0.5949367088607594,0.40506329113924056
MLP,BeetleFly,zero,114,90,1.0,0.7974683544303798,0.20253164556962022,0.5949367088607594,0.40506329113924056
MLP,BeetleFly,mean,120,90,1.0,0.8235294117647058,0.17647058823529416,0.6588235294117647,0.3411764705882353
MLP,BeetleFly,zero,120,90,1.0,0.8235294117647058,0.17647058823529416,0.6588235294117647,0.3411764705882353
MLP,BeetleFly,mean,126,90,1.0,0.8051948051948052,0.19480519480519476,0.5974025974025974,0.4025974025974026
MLP,BeetleFly,zero,126,90,1.0,0.8051948051948052,0.19480519480519476,0.5974025974025974,0.4025974025974026
MLP,BeetleFly,mean,12,90,1.0,0.09090909090909091,0.9090909090909091,0.12727272727272726,0.8727272727272728
MLP,BeetleFly,zero,12,90,1.0,0.09090909090909091,0.9090909090909091,0.12727272727272726,0.8727272727272728
MLP,BeetleFly,mean,18,90,1.0,0.1935483870967742,0.8064516129032258,0.24193548387096775,0.7580645161290323
MLP,BeetleFly,zero,18,90,1.0,0.1935483870967742,0.8064516129032258,0.24193548387096775,0.7580645161290323
MLP,BeetleFly,mean,24,90,1.0,0.33766233766233766,0.6623376623376623,0.2857142857142857,0.7142857142857143
MLP,BeetleFly,zero,24,90,1.0,0.33766233766233766,0.6623376623376623,0.2857142857142857,0.7142857142857143
MLP,BeetleFly,mean,30,90,1.0,0.4,0.6,0.38823529411764707,0.611764705882353
MLP,BeetleFly,zero,30,90,1.0,0.4,0.6,0.38823529411764707,0.611764705882353
MLP,BeetleFly,mean,36,90,1.0,0.5106382978723404,0.4893617021276596,0.43617021276595747,0.5638297872340425
MLP,BeetleFly,zero,36,90,1.0,0.5106382978723404,0.4893617021276596,0.43617021276595747,0.5638297872340425
MLP,BeetleFly,mean,42,90,1.0,0.5,0.5,0.4625,0.5375
MLP,BeetleFly,zero,42,90,1.0,0.5,0.5,0.4625,0.5375
MLP,BeetleFly,mean,48,90,1.0,0.6699029126213593,0.33009708737864074,0.5436893203883495,0.4563106796116505
MLP,BeetleFly,zero,48,90,1.0,0.6699029126213593,0.33009708737864074,0.5436893203883495,0.4563106796116505
MLP,BeetleFly,mean,54,90,1.0,0.7047619047619048,0.2952380952380952,0.6666666666666666,0.33333333333333337
MLP,BeetleFly,zero,54,90,1.0,0.7047619047619048,0.2952380952380952,0.6666666666666666,0.33333333333333337
MLP,BeetleFly,mean,60,90,1.0,0.7403846153846154,0.2596153846153846,0.625,0.375
MLP,BeetleFly,zero,60,90,1.0,0.7403846153846154,0.2596153846153846,0.625,0.375
MLP,BeetleFly,mean,66,90,1.0,0.7368421052631579,0.26315789473684215,0.631578947368421,0.368421052631579
MLP,BeetleFly,zero,66,90,1.0,0.7368421052631579,0.26315789473684215,0.631578947368421,0.368421052631579
MLP,BeetleFly,mean,6,90,1.0,0.09090909090909091,0.9090909090909091,0.09090909090909091,0.9090909090909091
MLP,BeetleFly,zero,6,90,1.0,0.09090909090909091,0.9090909090909091,0.09090909090909091,0.9090909090909091
MLP,BeetleFly,mean,72,90,1.0,0.7058823529411765,0.2941176470588235,0.6235294117647059,0.3764705882352941
MLP,BeetleFly,zero,72,90,1.0,0.7058823529411765,0.2941176470588235,0.6235294117647059,0.3764705882352941
MLP,BeetleFly,mean,78,90,1.0,0.7325581395348837,0.2674418604651163,0.5697674418604651,0.43023255813953487
MLP,BeetleFly,zero,78,90,1.0,0.7325581395348837,0.2674418604651163,0.5697674418604651,0.43023255813953487
MLP,BeetleFly,mean,84,90,1.0,0.7349397590361446,0.2650602409638554,0.6024096385542169,0.3975903614457831
MLP,BeetleFly,zero,84,90,1.0,0.7349397590361446,0.2650602409638554,0.6024096385542169,0.3975903614457831
MLP,BeetleFly,mean,90,90,1.0,0.7727272727272727,0.2272727272727273,0.6818181818181818,0.31818181818181823
MLP,BeetleFly,zero,90,90,1.0,0.7727272727272727,0.2272727272727273,0.6818181818181818,0.31818181818181823
MLP,BeetleFly,mean,96,90,1.0,0.7872340425531915,0.21276595744680848,0.6808510638297872,0.3191489361702128
MLP,BeetleFly,zero,96,90,1.0,0.7872340425531915,0.21276595744680848,0.6808510638297872,0.3191489361702128
MLP,Earthquakes,mean,102,90,1.0,0.5462012320328542,0.4537987679671458,0.5646817248459959,0.4353182751540041
MLP,Earthquakes,zero,102,90,1.0,0.5462012320328542,0.4537987679671458,0.5646817248459959,0.4353182751540041
MLP,Earthquakes,mean,108,90,1.0,0.6672443674176777,0.3327556325823223,0.6984402079722704,0.30155979202772965
MLP,Earthquakes,zero,108,90,1.0,0.6672443674176777,0.3327556325823223,0.6984402079722704,0.30155979202772965
MLP,Earthquakes,mean,114,90,1.0,0.6672443674176777,0.3327556325823223,0.6551126516464472,0.34488734835355284
MLP,Earthquakes,zero,114,90,1.0,0.6672443674176777,0.3327556325823223,0.6551126516464472,0.34488734835355284
MLP,Earthquakes,mean,120,90,1.0,0.6552962298025135,0.34470377019748655,0.651705565529623,0.348294434470377
MLP,Earthquakes,zero,120,90,1.0,0.6552962298025135,0.34470377019748655,0.651705565529623,0.348294434470377
MLP,Earthquakes,mean,126,90,1.0,0.6305609284332688,0.36943907156673117,0.6305609284332688,0.36943907156673117
MLP,Earthquakes,zero,126,90,1.0,0.6305609284332688,0.36943907156673117,0.6305609284332688,0.36943907156673117
MLP,Earthquakes,mean,12,90,1.0,0.12522150029533372,0.8747784997046663,0.2067336089781453,0.7932663910218547
MLP,Earthquakes,zero,12,90,1.0,0.12522150029533372,0.8747784997046663,0.2067336089781453,0.7932663910218547
MLP,Earthquakes,mean,18,90,1.0,0.23218221895664953,0.7678177810433504,0.2990448199853049,0.7009551800146951
MLP,Earthquakes,zero,18,90,1.0,0.23218221895664953,0.7678177810433504,0.2990448199853049,0.7009551800146951
MLP,Earthquakes,mean,24,90,1.0,0.30553191489361703,0.6944680851063829,0.3727659574468085,0.6272340425531915
MLP,Earthquakes,zero,24,90,1.0,0.30553191489361703,0.6944680851063829,0.3727659574468085,0.6272340425531915
MLP,Earthquakes,mean,30,90,1.0,0.36023622047244097,0.639763779527559,0.4104330708661417,0.5895669291338583
MLP,Earthquakes,zero,30,90,1.0,0.36023622047244097,0.639763779527559,0.4104330708661417,0.5895669291338583
MLP,Earthquakes,mean,36,90,1.0,0.42520491803278687,0.5747950819672132,0.4713114754098361,0.5286885245901639
MLP,Earthquakes,zero,36,90,1.0,0.42520491803278687,0.5747950819672132,0.4713114754098361,0.5286885245901639
MLP,Earthquakes,mean,42,90,1.0,0.4705240174672489,0.5294759825327511,0.5065502183406113,0.4934497816593887
MLP,Earthquakes,zero,42,90,1.0,0.4705240174672489,0.5294759825327511,0.5065502183406113,0.4934497816593887
MLP,Earthquakes,mean,48,90,1.0,0.5081585081585082,0.49184149184149184,0.548951048951049,0.45104895104895104
MLP,Earthquakes,zero,48,90,1.0,0.5081585081585082,0.49184149184149184,0.548951048951049,0.45104895104895104
MLP,Earthquakes,mean,54,90,1.0,0.5454545454545454,0.4545454545454546,0.5753588516746412,0.4246411483253588
MLP,Earthquakes,zero,54,90,1.0,0.5454545454545454,0.4545454545454546,0.5753588516746412,0.4246411483253588
MLP,Earthquakes,mean,60,90,1.0,0.5623409669211196,0.43765903307888043,0.5865139949109415,0.41348600508905853
MLP,Earthquakes,zero,60,90,1.0,0.5623409669211196,0.43765903307888043,0.5865139949109415,0.41348600508905853
MLP,Earthquakes,mean,66,90,1.0,0.6118251928020566,0.3881748071979434,0.6259640102827764,0.3740359897172236
MLP,Earthquakes,zero,66,90,1.0,0.6118251928020566,0.3881748071979434,0.6259640102827764,0.3740359897172236
MLP,Earthquakes,mean,6,90,1.0,0.06330695543523532,0.9366930445647647,0.10787172011661808,0.892128279883382
MLP,Earthquakes,zero,6,90,1.0,0.06330695543523532,0.9366930445647647,0.10787172011661808,0.892128279883382
MLP,Earthquakes,mean,72,90,1.0,0.576437587657784,0.42356241234221603,0.5946704067321178,0.4053295932678822
MLP,Earthquakes,zero,72,90,1.0,0.576437587657784,0.42356241234221603,0.5946704067321178,0.4053295932678822
MLP,Earthquakes,mean,78,90,1.0,0.6288951841359773,0.37110481586402266,0.6303116147308782,0.36968838526912184
MLP,Earthquakes,zero,78,90,1.0,0.6288951841359773,0.37110481586402266,0.6303116147308782,0.36968838526912184
MLP,Earthquakes,mean,84,90,1.0,0.6074626865671642,0.3925373134328358,0.6179104477611941,0.3820895522388059
MLP,Earthquakes,zero,84,90,1.0,0.6074626865671642,0.3925373134328358,0.6179104477611941,0.3820895522388059
MLP,Earthquakes,mean,90,90,1.0,0.6467889908256881,0.3532110091743119,0.6697247706422018,0.3302752293577982
MLP,Earthquakes,zero,90,90,1.0,0.6467889908256881,0.3532110091743119,0.6697247706422018,0.3302752293577982
MLP,Earthquakes,mean,96,90,1.0,0.6267942583732058,0.3732057416267942,0.6379585326953748,0.36204146730462516
MLP,Earthquakes,zero,96,90,1.0,0.6267942583732058,0.3732057416267942,0.6379585326953748,0.36204146730462516
MLP,OSULeaf,mean,100,90,0.9449999928474426,0.4856887298747764,0.4593112629726662,0.28354203935599287,0.6614579534914498
MLP,OSULeaf,zero,100,90,0.9449999928474426,0.4856887298747764,0.4593112629726662,0.28354203935599287,0.6614579534914498
MLP,OSULeaf,mean,105,90,0.9449999928474426,0.45042492917847027,0.49457506366897236,0.28800755429650615,0.6569924385509365
MLP,OSULeaf,zero,105,90,0.9449999928474426,0.45042492917847027,0.49457506366897236,0.28800755429650615,0.6569924385509365
MLP,OSULeaf,mean,10,90,0.9449999928474426,0.14225521669341895,0.8027447761540236,0.1637239165329053,0.7812760763145373
MLP,OSULeaf,zero,10,90,0.9449999928474426,0.14225521669341895,0.8027447761540236,0.1637239165329053,0.7812760763145373
MLP,OSULeaf,mean,15,90,0.9449999928474426,0.20433194154488518,0.7406680513025574,0.212160751565762,0.7328392412816807
MLP,OSULeaf,zero,15,90,0.9449999928474426,0.20433194154488518,0.7406680513025574,0.212160751565762,0.7328392412816807
MLP,OSULeaf,mean,20,90,0.9449999928474426,0.25440251572327044,0.6905974771241722,0.24276729559748428,0.7022326972499584
MLP,OSULeaf,zero,20,90,0.9449999928474426,0.25440251572327044,0.6905974771241722,0.24276729559748428,0.7022326972499584
MLP,OSULeaf,mean,25,90,0.9449999928474426,0.3033428165007112,0.6416571763467314,0.2713371266002845,0.6736628662471582
MLP,OSULeaf,zero,25,90,0.9449999928474426,0.3033428165007112,0.6416571763467314,0.2713371266002845,0.6736628662471582
MLP,OSULeaf,mean,30,90,0.9449999928474426,0.3434262948207171,0.6015736980267254,0.29163346613545815,0.6533665267119845
MLP,OSULeaf,zero,30,90,0.9449999928474426,0.3434262948207171,0.6015736980267254,0.29163346613545815,0.6533665267119845
MLP,OSULeaf,mean,35,90,0.9449999928474426,0.36202307009760426,0.5829769227498384,0.2963620230700976,0.648637969777345
MLP,OSULeaf,zero,35,90,0.9449999928474426,0.36202307009760426,0.5829769227498384,0.2963620230700976,0.648637969777345
MLP,OSULeaf,mean,40,90,0.9449999928474426,0.40904761904761905,0.5359523737998235,0.3119047619047619,0.6330952309426807
MLP,OSULeaf,zero,40,90,0.9449999928474426,0.40904761904761905,0.5359523737998235,0.3119047619047619,0.6330952309426807
MLP,OSULeaf,mean,45,90,0.9449999928474426,0.4278481012658228,0.5171518915816198,0.3053164556962025,0.6396835371512402
MLP,OSULeaf,zero,45,90,0.9449999928474426,0.4278481012658228,0.5171518915816198,0.3053164556962025,0.6396835371512402
MLP,OSULeaf,mean,50,90,0.9449999928474426,0.4525469168900804,0.4924530759573622,0.3024128686327078,0.6425871242147349
MLP,OSULeaf,zero,50,90,0.9449999928474426,0.4525469168900804,0.4924530759573622,0.3024128686327078,0.6425871242147349
MLP,OSULeaf,mean,55,90,0.9449999928474426,0.47803468208092487,0.46696531076651776,0.32543352601156067,0.619566466835882
MLP,OSULeaf,zero,55,90,0.9449999928474426,0.47803468208092487,0.46696531076651776,0.32543352601156067,0.619566466835882
MLP,OSULeaf,mean,5,90,0.9449999928474426,0.08549096238397655,0.859509030463466,0.0986809965803615,0.8463189962670812
MLP,OSULeaf,zero,5,90,0.9449999928474426,0.08549096238397655,0.859509030463466,0.0986809965803615,0.8463189962670812
MLP,OSULeaf,mean,60,90,0.9449999928474426,0.42712933753943216,0.5178706553080105,0.29652996845425866,0.648470024393184
MLP,OSULeaf,zero,60,90,0.9449999928474426,0.42712933753943216,0.5178706553080105,0.29652996845425866,0.648470024393184
MLP,OSULeaf,mean,65,90,0.9449999928474426,0.47196870925684486,0.47303128359059776,0.3076923076923077,0.6373076851551349
MLP,OSULeaf,zero,65,90,0.9449999928474426,0.47196870925684486,0.47303128359059776,0.3076923076923077,0.6373076851551349
MLP,OSULeaf,mean,70,90,0.9449999928474426,0.4269503546099291,0.5180496382375135,0.3099290780141844,0.6350709148332583
MLP,OSULeaf,zero,70,90,0.9449999928474426,0.4269503546099291,0.5180496382375135,0.3099290780141844,0.6350709148332583
MLP,OSULeaf,mean,75,90,0.9449999928474426,0.48180494905385735,0.4631950437935853,0.3034934497816594,0.6415065430657833
MLP,OSULeaf,zero,75,90,0.9449999928474426,0.48180494905385735,0.4631950437935853,0.3034934497816594,0.6415065430657833
MLP,OSULeaf,mean,80,90,0.9449999928474426,0.4636363636363636,0.481363629211079,0.29015151515151516,0.6548484776959275
MLP,OSULeaf,zero,80,90,0.9449999928474426,0.4636363636363636,0.481363629211079,0.29015151515151516,0.6548484776959275
MLP,OSULeaf,mean,85,90,0.9449999928474426,0.43146796431467965,0.5135320285327629,0.291970802919708,0.6530291899277346
MLP,OSULeaf,zero,85,90,0.9449999928474426,0.43146796431467965,0.5135320285327629,0.291970802919708,0.6530291899277346
MLP,OSULeaf,mean,90,90,0.9449999928474426,0.4883520276100086,0.456647965237434,0.28559102674719583,0.6594089661002468
MLP,OSULeaf,zero,90,90,0.9449999928474426,0.4883520276100086,0.456647965237434,0.28559102674719583,0.6594089661002468
MLP,OSULeaf,mean,95,90,0.9449999928474426,0.5021533161068045,0.44284667674063816,0.3066322136089578,0.6383677792384848
MLP,OSULeaf,zero,95,90,0.9449999928474426,0.5021533161068045,0.44284667674063816,0.3066322136089578,0.6383677792384848
ResNet,BeetleFly,mean,102,90,1.0,0.49019607843137253,0.5098039215686274,0.7450980392156863,0.2549019607843137
ResNet,BeetleFly,zero,102,90,1.0,0.49019607843137253,0.5098039215686274,0.7450980392156863,0.2549019607843137
ResNet,BeetleFly,mean,108,90,1.0,0.46808510638297873,0.5319148936170213,0.851063829787234,0.14893617021276595
ResNet,BeetleFly,zero,108,90,1.0,0.46808510638297873,0.5319148936170213,0.851063829787234,0.14893617021276595
ResNet,BeetleFly,mean,114,90,1.0,0.45098039215686275,0.5490196078431373,0.803921568627451,0.196078431372549
ResNet,BeetleFly,zero,114,90,1.0,0.45098039215686275,0.5490196078431373,0.803921568627451,0.196078431372549
ResNet,BeetleFly,mean,120,90,1.0,0.5,0.5,0.8043478260869565,0.19565217391304346
ResNet,BeetleFly,zero,120,90,1.0,0.5,0.5,0.8043478260869565,0.19565217391304346
ResNet,BeetleFly,mean,126,90,1.0,0.3611111111111111,0.6388888888888888,0.75,0.25
ResNet,BeetleFly,zero,126,90,1.0,0.3611111111111111,0.6388888888888888,0.75,0.25
ResNet,BeetleFly,mean,12,90,1.0,0.2708333333333333,0.7291666666666667,0.2708333333333333,0.7291666666666667
ResNet,BeetleFly,zero,12,90,1.0,0.2708333333333333,0.7291666666666667,0.2708333333333333,0.7291666666666667
ResNet,BeetleFly,mean,18,90,1.0,0.32075471698113206,0.679245283018868,0.2830188679245283,0.7169811320754718
ResNet,BeetleFly,zero,18,90,1.0,0.32075471698113206,0.679245283018868,0.2830188679245283,0.7169811320754718
ResNet,BeetleFly,mean,24,90,1.0,0.2982456140350877,0.7017543859649122,0.3157894736842105,0.6842105263157895
ResNet,BeetleFly,zero,24,90,1.0,0.2982456140350877,0.7017543859649122,0.3157894736842105,0.6842105263157895
ResNet,BeetleFly,mean,30,90,1.0,0.3220338983050847,0.6779661016949152,0.3389830508474576,0.6610169491525424
ResNet,BeetleFly,zero,30,90,1.0,0.3220338983050847,0.6779661016949152,0.3389830508474576,0.6610169491525424
ResNet,BeetleFly,mean,36,90,1.0,0.2857142857142857,0.7142857142857143,0.44642857142857145,0.5535714285714286
ResNet,BeetleFly,zero,36,90,1.0,0.2857142857142857,0.7142857142857143,0.44642857142857145,0.5535714285714286
ResNet,BeetleFly,mean,42,90,1.0,0.25,0.75,0.38461538461538464,0.6153846153846154
ResNet,BeetleFly,zero,42,90,1.0,0.25,0.75,0.38461538461538464,0.6153846153846154
ResNet,BeetleFly,mean,48,90,1.0,0.375,0.625,0.5357142857142857,0.4642857142857143
ResNet,BeetleFly,zero,48,90,1.0,0.375,0.625,0.5357142857142857,0.4642857142857143
ResNet,BeetleFly,mean,54,90,1.0,0.37037037037037035,0.6296296296296297,0.5740740740740741,0.42592592592592593
ResNet,BeetleFly,zero,54,90,1.0,0.37037037037037035,0.6296296296296297,0.5740740740740741,0.42592592592592593
ResNet,BeetleFly,mean,60,90,1.0,0.4482758620689655,0.5517241379310345,0.6551724137931034,0.3448275862068966
ResNet,BeetleFly,zero,60,90,1.0,0.4482758620689655,0.5517241379310345,0.6551724137931034,0.3448275862068966
ResNet,BeetleFly,mean,66,90,1.0,0.3958333333333333,0.6041666666666667,0.6666666666666666,0.33333333333333337
ResNet,BeetleFly,zero,66,90,1.0,0.3958333333333333,0.6041666666666667,0.6666666666666666,0.33333333333333337
ResNet,BeetleFly,mean,6,90,1.0,0.17647058823529413,0.8235294117647058,0.20588235294117646,0.7941176470588236
ResNet,BeetleFly,zero,6,90,1.0,0.17647058823529413,0.8235294117647058,0.20588235294117646,0.7941176470588236
ResNet,BeetleFly,mean,72,90,1.0,0.35555555555555557,0.6444444444444444,0.6444444444444445,0.3555555555555555
ResNet,BeetleFly,zero,72,90,1.0,0.35555555555555557,0.6444444444444444,0.6444444444444445,0.3555555555555555
ResNet,BeetleFly,mean,78,90,1.0,0.3829787234042553,0.6170212765957447,0.6595744680851063,0.34042553191489366
ResNet,BeetleFly,zero,78,90,1.0,0.3829787234042553,0.6170212765957447,0.6595744680851063,0.34042553191489366
ResNet,BeetleFly,mean,84,90,1.0,0.37209302325581395,0.627906976744186,0.7441860465116279,0.2558139534883721
ResNet,BeetleFly,zero,84,90,1.0,0.37209302325581395,0.627906976744186,0.7441860465116279,0.2558139534883721
ResNet,BeetleFly,mean,90,90,1.0,0.5471698113207547,0.4528301886792453,0.8490566037735849,0.15094339622641506
ResNet,BeetleFly,zero,90,90,1.0,0.5471698113207547,0.4528301886792453,0.8490566037735849,0.15094339622641506
ResNet,BeetleFly,mean,96,90,1.0,0.5098039215686274,0.4901960784313726,0.803921568627451,0.196078431372549
ResNet,BeetleFly,zero,96,90,1.0,0.5098039215686274,0.4901960784313726,0.803921568627451,0.196078431372549
ResNet,Earthquakes,mean,102,90,1.0,0.3674418604651163,0.6325581395348837,0.5209302325581395,0.4790697674418605
ResNet,Earthquakes,zero,102,90,1.0,0.3674418604651163,0.6325581395348837,0.5209302325581395,0.4790697674418605
ResNet,Earthquakes,mean,108,90,1.0,0.42676767676767674,0.5732323232323233,0.5757575757575758,0.4242424242424242
ResNet,Earthquakes,zero,108,90,1.0,0.42676767676767674,0.5732323232323233,0.5757575757575758,0.4242424242424242
ResNet,Earthquakes,mean,114,90,1.0,0.4236453201970443,0.5763546798029557,0.5788177339901478,0.4211822660098522
ResNet,Earthquakes,zero,114,90,1.0,0.4236453201970443,0.5763546798029557,0.5788177339901478,0.4211822660098522
ResNet,Earthquakes,mean,120,90,1.0,0.391644908616188,0.608355091383812,0.5456919060052219,0.4543080939947781
ResNet,Earthquakes,zero,120,90,1.0,0.391644908616188,0.608355091383812,0.5456919060052219,0.4543080939947781
ResNet,Earthquakes,mean,126,90,1.0,0.4146981627296588,0.5853018372703411,0.5433070866141733,0.45669291338582674
ResNet,Earthquakes,zero,126,90,1.0,0.4146981627296588,0.5853018372703411,0.5433070866141733,0.45669291338582674
ResNet,Earthquakes,mean,12,90,1.0,0.0655307994757536,0.9344692005242464,0.1743119266055046,0.8256880733944953
ResNet,Earthquakes,zero,12,90,1.0,0.0655307994757536,0.9344692005242464,0.1743119266055046,0.8256880733944953
ResNet,Earthquakes,mean,18,90,1.0,0.08347676419965576,0.9165232358003442,0.26161790017211706,0.7383820998278829
ResNet,Earthquakes,zero,18,90,1.0,0.08347676419965576,0.9165232358003442,0.26161790017211706,0.7383820998278829
ResNet,Earthquakes,mean,24,90,1.0,0.12248995983935743,0.8775100401606426,0.3142570281124498,0.6857429718875502
ResNet,Earthquakes,zero,24,90,1.0,0.12248995983935743,0.8775100401606426,0.3142570281124498,0.6857429718875502
ResNet,Earthquakes,mean,30,90,1.0,0.14170506912442396,0.8582949308755761,0.36059907834101385,0.6394009216589862
ResNet,Earthquakes,zero,30,90,1.0,0.14170506912442396,0.8582949308755761,0.36059907834101385,0.6394009216589862
ResNet,Earthquakes,mean,36,90,1.0,0.17829457364341086,0.8217054263565892,0.3850129198966408,0.6149870801033592
ResNet,Earthquakes,zero,36,90,1.0,0.17829457364341086,0.8217054263565892,0.3850129198966408,0.6149870801033592
ResNet,Earthquakes,mean,42,90,1.0,0.20314735336194564,0.7968526466380543,0.40486409155937053,0.5951359084406295
ResNet,Earthquakes,zero,42,90,1.0,0.20314735336194564,0.7968526466380543,0.40486409155937053,0.5951359084406295
ResNet,Earthquakes,mean,48,90,1.0,0.2353870458135861,0.764612954186414,0.4423380726698262,0.5576619273301737
ResNet,Earthquakes,zero,48,90,1.0,0.2353870458135861,0.764612954186414,0.4423380726698262,0.5576619273301737
ResNet,Earthquakes,mean,54,90,1.0,0.2668918918918919,0.7331081081081081,0.46790540540540543,0.5320945945945945
ResNet,Earthquakes,zero,54,90,1.0,0.2668918918918919,0.7331081081081081,0.46790540540540543,0.5320945945945945
ResNet,Earthquakes,mean,60,90,1.0,0.2733812949640288,0.7266187050359711,0.46223021582733814,0.5377697841726619
ResNet,Earthquakes,zero,60,90,1.0,0.2733812949640288,0.7266187050359711,0.46223021582733814,0.5377697841726619
ResNet,Earthquakes,mean,66,90,1.0,0.32514177693761814,0.6748582230623819,0.499054820415879,0.500945179584121
ResNet,Earthquakes,zero,66,90,1.0,0.32514177693761814,0.6748582230623819,0.499054820415879,0.500945179584121
ResNet,Earthquakes,mean,6,90,1.0,0.028533801580333626,0.9714661984196664,0.09745390693590869,0.9025460930640913
ResNet,Earthquakes,zero,6,90,1.0,0.028533801580333626,0.9714661984196664,0.09745390693590869,0.9025460930640913
ResNet,Earthquakes,mean,72,90,1.0,0.3152804642166344,0.6847195357833655,0.4874274661508704,0.5125725338491296
ResNet,Earthquakes,zero,72,90,1.0,0.3152804642166344,0.6847195357833655,0.4874274661508704,0.5125725338491296
ResNet,Earthquakes,mean,78,90,1.0,0.35555555555555557,0.6444444444444444,0.5252525252525253,0.4747474747474747
ResNet,Earthquakes,zero,78,90,1.0,0.35555555555555557,0.6444444444444444,0.5252525252525253,0.4747474747474747
ResNet,Earthquakes,mean,84,90,1.0,0.34549356223175964,0.6545064377682404,0.4978540772532189,0.502145922746781
ResNet,Earthquakes,zero,84,90,1.0,0.34549356223175964,0.6545064377682404,0.4978540772532189,0.502145922746781
ResNet,Earthquakes,mean,90,90,1.0,0.3930885529157667,0.6069114470842333,0.5658747300215983,0.43412526997840173
ResNet,Earthquakes,zero,90,90,1.0,0.3930885529157667,0.6069114470842333,0.5658747300215983,0.43412526997840173
ResNet,Earthquakes,mean,96,90,1.0,0.3887640449438202,0.6112359550561798,0.5393258426966292,0.4606741573033708
ResNet,Earthquakes,zero,96,90,1.0,0.3887640449438202,0.6112359550561798,0.5393258426966292,0.4606741573033708
ResNet,OSULeaf,mean,100,90,1.0,0.8313253012048193,0.1686746987951807,0.6746987951807228,0.32530120481927716
ResNet,OSULeaf,zero,100,90,1.0,0.8313253012048193,0.1686746987951807,0.6746987951807228,0.32530120481927716
ResNet,OSULeaf,mean,105,90,1.0,0.8318042813455657,0.16819571865443428,0.6850152905198776,0.31498470948012236
ResNet,OSULeaf,zero,105,90,1.0,0.8318042813455657,0.16819571865443428,0.6850152905198776,0.31498470948012236
ResNet,OSULeaf,mean,10,90,1.0,0.7306034482758621,0.2693965517241379,0.4849137931034483,0.5150862068965517
ResNet,OSULeaf,zero,10,90,1.0,0.7306034482758621,0.2693965517241379,0.4849137931034483,0.5150862068965517
ResNet,OSULeaf,mean,15,90,1.0,0.744131455399061,0.255868544600939,0.4835680751173709,0.5164319248826291
ResNet,OSULeaf,zero,15,90,1.0,0.744131455399061,0.255868544600939,0.4835680751173709,0.5164319248826291
ResNet,OSULeaf,mean,20,90,1.0,0.7857142857142857,0.2142857142857143,0.4897959183673469,0.5102040816326531
ResNet,OSULeaf,zero,20,90,1.0,0.7857142857142857,0.2142857142857143,0.4897959183673469,0.5102040816326531
ResNet,OSULeaf,mean,25,90,1.0,0.7901554404145078,0.2098445595854922,0.5233160621761658,0.4766839378238342
ResNet,OSULeaf,zero,25,90,1.0,0.7901554404145078,0.2098445595854922,0.5233160621761658,0.4766839378238342
ResNet,OSULeaf,mean,30,90,1.0,0.8206521739130435,0.17934782608695654,0.5679347826086957,0.4320652173913043
ResNet,OSULeaf,zero,30,90,1.0,0.8206521739130435,0.17934782608695654,0.5679347826086957,0.4320652173913043
ResNet,OSULeaf,mean,35,90,1.0,0.8255813953488372,0.17441860465116277,0.5668604651162791,0.4331395348837209
ResNet,OSULeaf,zero,35,90,1.0,0.8255813953488372,0.17441860465116277,0.5668604651162791,0.4331395348837209
ResNet,OSULeaf,mean,40,90,1.0,0.8390804597701149,0.16091954022988508,0.5804597701149425,0.41954022988505746
ResNet,OSULeaf,zero,40,90,1.0,0.8390804597701149,0.16091954022988508,0.5804597701149425,0.41954022988505746
ResNet,OSULeaf,mean,45,90,1.0,0.8407079646017699,0.15929203539823011,0.5929203539823009,0.4070796460176991
ResNet,OSULeaf,zero,45,90,1.0,0.8407079646017699,0.15929203539823011,0.5929203539823009,0.4070796460176991
ResNet,OSULeaf,mean,50,90,1.0,0.849112426035503,0.15088757396449703,0.5384615384615384,0.46153846153846156
ResNet,OSULeaf,zero,50,90,1.0,0.849112426035503,0.15088757396449703,0.5384615384615384,0.46153846153846156
ResNet,OSULeaf,mean,55,90,1.0,0.8401162790697675,0.1598837209302325,0.5930232558139535,0.40697674418604646
ResNet,OSULeaf,zero,55,90,1.0,0.8401162790697675,0.1598837209302325,0.5930232558139535,0.40697674418604646
ResNet,OSULeaf,mean,5,90,1.0,0.6776212832550861,0.3223787167449139,0.5289514866979655,0.47104851330203446
ResNet,OSULeaf,zero,5,90,1.0,0.6776212832550861,0.3223787167449139,0.5289514866979655,0.47104851330203446
ResNet,OSULeaf,mean,60,90,1.0,0.8691860465116279,0.1308139534883721,0.627906976744186,0.37209302325581395
ResNet,OSULeaf,zero,60,90,1.0,0.8691860465116279,0.1308139534883721,0.627906976744186,0.37209302325581395
ResNet,OSULeaf,mean,65,90,1.0,0.848297213622291,0.15170278637770895,0.5913312693498453,0.40866873065015474
ResNet,OSULeaf,zero,65,90,1.0,0.848297213622291,0.15170278637770895,0.5913312693498453,0.40866873065015474
ResNet,OSULeaf,mean,70,90,1.0,0.8372093023255814,0.16279069767441856,0.6511627906976745,0.34883720930232553
ResNet,OSULeaf,zero,70,90,1.0,0.8372093023255814,0.16279069767441856,0.6511627906976745,0.34883720930232553
ResNet,OSULeaf,mean,75,90,1.0,0.8615384615384616,0.1384615384615384,0.6123076923076923,0.38769230769230767
ResNet,OSULeaf,zero,75,90,1.0,0.8615384615384616,0.1384615384615384,0.6123076923076923,0.38769230769230767
ResNet,OSULeaf,mean,80,90,1.0,0.8449848024316109,0.1550151975683891,0.60790273556231,0.39209726443769
ResNet,OSULeaf,zero,80,90,1.0,0.8449848024316109,0.1550151975683891,0.60790273556231,0.39209726443769
ResNet,OSULeaf,mean,85,90,1.0,0.845679012345679,0.154320987654321,0.595679012345679,0.404320987654321
ResNet,OSULeaf,zero,85,90,1.0,0.845679012345679,0.154320987654321,0.595679012345679,0.404320987654321
ResNet,OSULeaf,mean,90,90,1.0,0.842948717948718,0.15705128205128205,0.6506410256410257,0.34935897435897434
ResNet,OSULeaf,zero,90,90,1.0,0.842948717948718,0.15705128205128205,0.6506410256410257,0.34935897435897434
ResNet,OSULeaf,mean,95,90,1.0,0.83125,0.16874999999999996,0.640625,0.359375
ResNet,OSULeaf,zero,95,90,1.0,0.83125,0.16874999999999996,0.640625,0.359375
InceptionTime,BeetleFly,mean,102,90,1.0,0.6326530612244898,0.36734693877551017,0.5918367346938775,0.40816326530612246
InceptionTime,BeetleFly,zero,102,90,1.0,0.6326530612244898,0.36734693877551017,0.5918367346938775,0.40816326530612246
InceptionTime,BeetleFly,mean,108,90,1.0,0.6818181818181818,0.31818181818181823,0.6363636363636364,0.36363636363636365
InceptionTime,BeetleFly,zero,108,90,1.0,0.6818181818181818,0.31818181818181823,0.6363636363636364,0.36363636363636365
InceptionTime,BeetleFly,mean,114,90,1.0,0.6585365853658537,0.3414634146341463,0.6341463414634146,0.36585365853658536
InceptionTime,BeetleFly,zero,114,90,1.0,0.6585365853658537,0.3414634146341463,0.6341463414634146,0.36585365853658536
InceptionTime,BeetleFly,mean,120,90,1.0,0.6190476190476191,0.38095238095238093,0.7142857142857143,0.2857142857142857
InceptionTime,BeetleFly,zero,120,90,1.0,0.6190476190476191,0.38095238095238093,0.7142857142857143,0.2857142857142857
InceptionTime,BeetleFly,mean,126,90,1.0,0.5853658536585366,0.41463414634146345,0.5365853658536586,0.46341463414634143
InceptionTime,BeetleFly,zero,126,90,1.0,0.5853658536585366,0.41463414634146345,0.5365853658536586,0.46341463414634143
InceptionTime,BeetleFly,mean,12,90,1.0,0.15,0.85,0.7,0.30000000000000004
InceptionTime,BeetleFly,zero,12,90,1.0,0.15,0.85,0.7,0.30000000000000004
InceptionTime,BeetleFly,mean,18,90,1.0,0.3,0.7,0.8,0.19999999999999996
InceptionTime,BeetleFly,zero,18,90,1.0,0.3,0.7,0.8,0.19999999999999996
InceptionTime,BeetleFly,mean,24,90,1.0,0.36,0.64,0.8133333333333334,0.18666666666666665
InceptionTime,BeetleFly,zero,24,90,1.0,0.36,0.64,0.8133333333333334,0.18666666666666665
InceptionTime,BeetleFly,mean,30,90,1.0,0.25396825396825395,0.746031746031746,0.7142857142857143,0.2857142857142857
InceptionTime,BeetleFly,zero,30,90,1.0,0.25396825396825395,0.746031746031746,0.7142857142857143,0.2857142857142857
InceptionTime,BeetleFly,mean,36,90,1.0,0.328125,0.671875,0.828125,0.171875
InceptionTime,BeetleFly,zero,36,90,1.0,0.328125,0.671875,0.828125,0.171875
InceptionTime,BeetleFly,mean,42,90,1.0,0.36507936507936506,0.6349206349206349,0.7777777777777778,0.2222222222222222
InceptionTime,BeetleFly,zero,42,90,1.0,0.36507936507936506,0.6349206349206349,0.7777777777777778,0.2222222222222222
InceptionTime,BeetleFly,mean,48,90,1.0,0.37037037037037035,0.6296296296296297,0.8333333333333334,0.16666666666666663
InceptionTime,BeetleFly,zero,48,90,1.0,0.37037037037037035,0.6296296296296297,0.8333333333333334,0.16666666666666663
InceptionTime,BeetleFly,mean,54,90,1.0,0.4117647058823529,0.5882352941176471,0.803921568627451,0.196078431372549
InceptionTime,BeetleFly,zero,54,90,1.0,0.4117647058823529,0.5882352941176471,0.803921568627451,0.196078431372549
InceptionTime,BeetleFly,mean,60,90,1.0,0.3829787234042553,0.6170212765957447,0.8085106382978723,0.19148936170212771
InceptionTime,BeetleFly,zero,60,90,1.0,0.3829787234042553,0.6170212765957447,0.8085106382978723,0.19148936170212771
InceptionTime,BeetleFly,mean,66,90,1.0,0.4883720930232558,0.5116279069767442,0.7209302325581395,0.2790697674418605
InceptionTime,BeetleFly,zero,66,90,1.0,0.4883720930232558,0.5116279069767442,0.7209302325581395,0.2790697674418605
InceptionTime,BeetleFly,mean,6,90,1.0,0.06,0.94,0.42,0.5800000000000001
InceptionTime,BeetleFly,zero,6,90,1.0,0.06,0.94,0.42,0.5800000000000001
InceptionTime,BeetleFly,mean,72,90,1.0,0.5319148936170213,0.46808510638297873,0.574468085106383,0.42553191489361697
InceptionTime,BeetleFly,zero,72,90,1.0,0.5319148936170213,0.46808510638297873,0.574468085106383,0.42553191489361697
InceptionTime,BeetleFly,mean,78,90,1.0,0.5625,0.4375,0.7083333333333334,0.29166666666666663
InceptionTime,BeetleFly,zero,78,90,1.0,0.5625,0.4375,0.7083333333333334,0.29166666666666663
InceptionTime,BeetleFly,mean,84,90,1.0,0.6041666666666666,0.39583333333333337,0.5416666666666666,0.45833333333333337
InceptionTime,BeetleFly,zero,84,90,1.0,0.6041666666666666,0.39583333333333337,0.5416666666666666,0.45833333333333337
InceptionTime,BeetleFly,mean,90,90,1.0,0.6326530612244898,0.36734693877551017,0.6326530612244898,0.36734693877551017
InceptionTime,BeetleFly,zero,90,90,1.0,0.6326530612244898,0.36734693877551017,0.6326530612244898,0.36734693877551017
InceptionTime,BeetleFly,mean,96,90,1.0,0.5957446808510638,0.4042553191489362,0.7659574468085106,0.23404255319148937
InceptionTime,BeetleFly,zero,96,90,1.0,0.5957446808510638,0.4042553191489362,0.7659574468085106,0.23404255319148937
InceptionTime,Earthquakes,mean,102,90,1.0,0.4171322160148976,0.5828677839851024,0.62756052141527,0.37243947858473003
InceptionTime,Earthquakes,zero,102,90,1.0,0.4171322160148976,0.5828677839851024,0.62756052141527,0.37243947858473003
InceptionTime,Earthquakes,mean,108,90,1.0,0.43004115226337447,0.5699588477366255,0.6646090534979424,0.3353909465020576
InceptionTime,Earthquakes,zero,108,90,1.0,0.43004115226337447,0.5699588477366255,0.6646090534979424,0.3353909465020576
InceptionTime,Earthquakes,mean,114,90,1.0,0.4537987679671458,0.5462012320328542,0.6632443531827515,0.33675564681724846
InceptionTime,Earthquakes,zero,114,90,1.0,0.4537987679671458,0.5462012320328542,0.6632443531827515,0.33675564681724846
InceptionTime,Earthquakes,mean,120,90,1.0,0.4240506329113924,0.5759493670886076,0.6582278481012658,0.3417721518987342
InceptionTime,Earthquakes,zero,120,90,1.0,0.4240506329113924,0.5759493670886076,0.6582278481012658,0.3417721518987342
InceptionTime,Earthquakes,mean,126,90,1.0,0.42557651991614254,0.5744234800838575,0.6519916142557652,0.34800838574423476
InceptionTime,Earthquakes,zero,126,90,1.0,0.42557651991614254,0.5744234800838575,0.6519916142557652,0.34800838574423476
InceptionTime,Earthquakes,mean,12,90,1.0,0.08349267049075844,0.9165073295092415,0.3690248565965583,0.6309751434034416
InceptionTime,Earthquakes,zero,12,90,1.0,0.08349267049075844,0.9165073295092415,0.3690248565965583,0.6309751434034416
InceptionTime,Earthquakes,mean,18,90,1.0,0.14139020537124802,0.858609794628752,0.41627172195892576,0.5837282780410742
InceptionTime,Earthquakes,zero,18,90,1.0,0.14139020537124802,0.858609794628752,0.41627172195892576,0.5837282780410742
InceptionTime,Earthquakes,mean,24,90,1.0,0.19411223551057957,0.8058877644894205,0.45722171113155474,0.5427782888684453
InceptionTime,Earthquakes,zero,24,90,1.0,0.19411223551057957,0.8058877644894205,0.45722171113155474,0.5427782888684453
InceptionTime,Earthquakes,mean,30,90,1.0,0.25595238095238093,0.7440476190476191,0.49503968253968256,0.5049603174603174
InceptionTime,Earthquakes,zero,30,90,1.0,0.25595238095238093,0.7440476190476191,0.49503968253968256,0.5049603174603174
InceptionTime,Earthquakes,mean,36,90,1.0,0.2694063926940639,0.730593607305936,0.5159817351598174,0.4840182648401826
InceptionTime,Earthquakes,zero,36,90,1.0,0.2694063926940639,0.730593607305936,0.5159817351598174,0.4840182648401826
InceptionTime,Earthquakes,mean,42,90,1.0,0.30649038461538464,0.6935096153846154,0.5360576923076923,0.4639423076923077
InceptionTime,Earthquakes,zero,42,90,1.0,0.30649038461538464,0.6935096153846154,0.5360576923076923,0.4639423076923077
InceptionTime,Earthquakes,mean,48,90,1.0,0.3047619047619048,0.6952380952380952,0.5578231292517006,0.44217687074829937
InceptionTime,Earthquakes,zero,48,90,1.0,0.3047619047619048,0.6952380952380952,0.5578231292517006,0.44217687074829937
InceptionTime,Earthquakes,mean,54,90,1.0,0.3183791606367583,0.6816208393632417,0.5701881331403763,0.4298118668596237
InceptionTime,Earthquakes,zero,54,90,1.0,0.3183791606367583,0.6816208393632417,0.5701881331403763,0.4298118668596237
InceptionTime,Earthquakes,mean,60,90,1.0,0.378698224852071,0.6213017751479291,0.5931952662721893,0.4068047337278107
InceptionTime,Earthquakes,zero,60,90,1.0,0.378698224852071,0.6213017751479291,0.5931952662721893,0.4068047337278107
InceptionTime,Earthquakes,mean,66,90,1.0,0.36553945249597425,0.6344605475040257,0.605475040257649,0.394524959742351
InceptionTime,Earthquakes,zero,66,90,1.0,0.36553945249597425,0.6344605475040257,0.605475040257649,0.394524959742351
InceptionTime,Earthquakes,mean,6,90,1.0,0.04792043399638336,0.9520795660036167,0.21925858951175406,0.780741410488246
InceptionTime,Earthquakes,zero,6,90,1.0,0.04792043399638336,0.9520795660036167,0.21925858951175406,0.780741410488246
InceptionTime,Earthquakes,mean,72,90,1.0,0.3876582278481013,0.6123417721518987,0.5981012658227848,0.4018987341772152
InceptionTime,Earthquakes,zero,72,90,1.0,0.3876582278481013,0.6123417721518987,0.5981012658227848,0.4018987341772152
InceptionTime,Earthquakes,mean,78,90,1.0,0.3758741258741259,0.6241258741258742,0.6223776223776224,0.3776223776223776
InceptionTime,Earthquakes,zero,78,90,1.0,0.3758741258741259,0.6241258741258742,0.6223776223776224,0.3776223776223776
InceptionTime,Earthquakes,mean,84,90,1.0,0.4059233449477352,0.5940766550522648,0.6132404181184669,0.38675958188153314
InceptionTime,Earthquakes,zero,84,90,1.0,0.4059233449477352,0.5940766550522648,0.6132404181184669,0.38675958188153314
InceptionTime,Earthquakes,mean,90,90,1.0,0.43833017077798864,0.5616698292220114,0.6375711574952562,0.36242884250474383
InceptionTime,Earthquakes,zero,90,90,1.0,0.43833017077798864,0.5616698292220114,0.6375711574952562,0.36242884250474383
InceptionTime,Earthquakes,mean,96,90,1.0,0.4090019569471624,0.5909980430528377,0.6262230919765166,0.3737769080234834
InceptionTime,Earthquakes,zero,96,90,1.0,0.4090019569471624,0.5909980430528377,0.6262230919765166,0.3737769080234834
InceptionTime,OSULeaf,mean,100,90,1.0,0.525679758308157,0.47432024169184295,0.38368580060422963,0.6163141993957704
InceptionTime,OSULeaf,zero,100,90,1.0,0.525679758308157,0.47432024169184295,0.38368580060422963,0.6163141993957704
InceptionTime,OSULeaf,mean,105,90,1.0,0.5062111801242236,0.4937888198757764,0.3944099378881988,0.6055900621118012
InceptionTime,OSULeaf,zero,105,90,1.0,0.5062111801242236,0.4937888198757764,0.3944099378881988,0.6055900621118012
InceptionTime,OSULeaf,mean,10,90,1.0,0.2740740740740741,0.7259259259259259,0.18962962962962962,0.8103703703703704
InceptionTime,OSULeaf,zero,10,90,1.0,0.2740740740740741,0.7259259259259259,0.18962962962962962,0.8103703703703704
InceptionTime,OSULeaf,mean,15,90,1.0,0.4139194139194139,0.5860805860805861,0.2619047619047619,0.7380952380952381
InceptionTime,OSULeaf,zero,15,90,1.0,0.4139194139194139,0.5860805860805861,0.2619047619047619,0.7380952380952381
InceptionTime,OSULeaf,mean,20,90,1.0,0.5145228215767634,0.48547717842323657,0.34232365145228216,0.6576763485477178
InceptionTime,OSULeaf,zero,20,90,1.0,0.5145228215767634,0.48547717842323657,0.34232365145228216,0.6576763485477178
InceptionTime,OSULeaf,mean,25,90,1.0,0.5758928571428571,0.4241071428571429,0.35714285714285715,0.6428571428571428
InceptionTime,OSULeaf,zero,25,90,1.0,0.5758928571428571,0.4241071428571429,0.35714285714285715,0.6428571428571428
InceptionTime,OSULeaf,mean,30,90,1.0,0.6166281755196305,0.38337182448036955,0.3810623556581986,0.6189376443418013
InceptionTime,OSULeaf,zero,30,90,1.0,0.6166281755196305,0.38337182448036955,0.3810623556581986,0.6189376443418013
InceptionTime,OSULeaf,mean,35,90,1.0,0.6074074074074074,0.3925925925925926,0.362962962962963,0.6370370370370371
InceptionTime,OSULeaf,zero,35,90,1.0,0.6074074074074074,0.3925925925925926,0.362962962962963,0.6370370370370371
InceptionTime,OSULeaf,mean,40,90,1.0,0.6530612244897959,0.34693877551020413,0.3877551020408163,0.6122448979591837
InceptionTime,OSULeaf,zero,40,90,1.0,0.6530612244897959,0.34693877551020413,0.3877551020408163,0.6122448979591837
InceptionTime,OSULeaf,mean,45,90,1.0,0.6564102564102564,0.3435897435897436,0.36153846153846153,0.6384615384615384
InceptionTime,OSULeaf,zero,45,90,1.0,0.6564102564102564,0.3435897435897436,0.36153846153846153,0.6384615384615384
InceptionTime,OSULeaf,mean,50,90,1.0,0.6469002695417789,0.3530997304582211,0.3450134770889488,0.6549865229110512
InceptionTime,OSULeaf,zero,50,90,1.0,0.6469002695417789,0.3530997304582211,0.3450134770889488,0.6549865229110512
InceptionTime,OSULeaf,mean,55,90,1.0,0.6583333333333333,0.3416666666666667,0.33055555555555555,0.6694444444444445
InceptionTime,OSULeaf,zero,55,90,1.0,0.6583333333333333,0.3416666666666667,0.33055555555555555,0.6694444444444445
InceptionTime,OSULeaf,mean,5,90,1.0,0.1798695246971109,0.8201304753028891,0.13606710158434296,0.863932898415657
InceptionTime,OSULeaf,zero,5,90,1.0,0.1798695246971109,0.8201304753028891,0.13606710158434296,0.863932898415657
InceptionTime,OSULeaf,mean,60,90,1.0,0.6470588235294118,0.3529411764705882,0.3716577540106952,0.6283422459893049
InceptionTime,OSULeaf,zero,60,90,1.0,0.6470588235294118,0.3529411764705882,0.3716577540106952,0.6283422459893049
InceptionTime,OSULeaf,mean,65,90,1.0,0.6779661016949152,0.3220338983050848,0.3757062146892655,0.6242937853107344
InceptionTime,OSULeaf,zero,65,90,1.0,0.6779661016949152,0.3220338983050848,0.3757062146892655,0.6242937853107344
InceptionTime,OSULeaf,mean,70,90,1.0,0.625,0.375,0.4119318181818182,0.5880681818181819
InceptionTime,OSULeaf,zero,70,90,1.0,0.625,0.375,0.4119318181818182,0.5880681818181819
InceptionTime,OSULeaf,mean,75,90,1.0,0.6138328530259366,0.3861671469740634,0.3976945244956772,0.6023054755043228
InceptionTime,OSULeaf,zero,75,90,1.0,0.6138328530259366,0.3861671469740634,0.3976945244956772,0.6023054755043228
InceptionTime,OSULeaf,mean,80,90,1.0,0.6405797101449275,0.35942028985507246,0.37971014492753624,0.6202898550724638
InceptionTime,OSULeaf,zero,80,90,1.0,0.6405797101449275,0.35942028985507246,0.37971014492753624,0.6202898550724638
InceptionTime,OSULeaf,mean,85,90,1.0,0.5787965616045845,0.4212034383954155,0.40114613180515757,0.5988538681948424
InceptionTime,OSULeaf,zero,85,90,1.0,0.5787965616045845,0.4212034383954155,0.40114613180515757,0.5988538681948424
InceptionTime,OSULeaf,mean,90,90,1.0,0.5657492354740061,0.43425076452599387,0.3944954128440367,0.6055045871559632
InceptionTime,OSULeaf,zero,90,90,1.0,0.5657492354740061,0.43425076452599387,0.3944954128440367,0.6055045871559632
InceptionTime,OSULeaf,mean,95,90,1.0,0.5343283582089552,0.4656716417910448,0.3970149253731343,0.6029850746268657
InceptionTime,OSULeaf,zero,95,90,1.0,0.5343283582089552,0.4656716417910448,0.3970149253731343,0.6029850746268657
