classifier,dataset,patch_size,threshold,acc_base,acc_zero_tp,change_zero_tp,acc_inve_tp,change_inve_tp
MLP,OSULeaf,100,95,0.9449999928474426,0.5050301810865191,0.43996981176092353,0.29006085192697767,0.654939140920465
MLP,OSULeaf,100,90,0.9449999928474426,0.5345528455284553,0.41044714731898735,0.2464065708418891,0.6985934220055535
MLP,OSULeaf,100,85,0.9449999928474426,0.5091277890466531,0.4358722038007895,0.2694736842105263,0.6755263086369163
MLP,OSULeaf,100,80,0.9449999928474426,0.5190677966101694,0.4259321962372732,0.2781316348195329,0.6668683580279098
MLP,OSULeaf,100,75,0.9449999928474426,0.5133470225872689,0.4316529702601737,0.3066132264529058,0.6383867663945368
MLP,OSULeaf,100,70,0.9449999928474426,0.5155925155925156,0.429407477254927,0.2733050847457627,0.6716949081016799
MLP,OSULeaf,100,65,0.9449999928474426,0.538,0.4069999928474426,0.26077097505668934,0.6842290177907533
MLP,OSULeaf,100,60,0.9449999928474426,0.564755838641189,0.3802441542062537,0.23958333333333334,0.7054166595141093
MLP,OSULeaf,100,55,0.9449999928474426,0.5238095238095238,0.4211904690379188,0.2883435582822086,0.656656434565234
MLP,OSULeaf,100,50,0.9449999928474426,0.49385245901639346,0.45114753383104916,0.2845528455284553,0.6604471473189873
MLP,OSULeaf,105,95,0.9449999928474426,0.50418410041841,0.44081589242903263,0.21666666666666667,0.728333326180776
MLP,OSULeaf,105,90,0.9449999928474426,0.5236139630390144,0.4213860298084282,0.24444444444444444,0.7005555484029982
MLP,OSULeaf,105,85,0.9449999928474426,0.5040160642570282,0.44098392859041446,0.27824267782426776,0.6667573150231749
MLP,OSULeaf,105,80,0.9449999928474426,0.521551724137931,0.4234482687095116,0.23270440251572327,0.7122955903317194
MLP,OSULeaf,105,75,0.9449999928474426,0.5206286836935167,0.42437130915392596,0.25,0.6949999928474426
MLP,OSULeaf,105,70,0.9449999928474426,0.4906054279749478,0.4543945648724948,0.26043737574552683,0.6845626171019158
MLP,OSULeaf,105,65,0.9449999928474426,0.4915254237288136,0.45347456911862905,0.24740124740124741,0.6975987454461952
MLP,OSULeaf,105,60,0.9449999928474426,0.515274949083503,0.4297250437639396,0.2642706131078224,0.6807293797396202
MLP,OSULeaf,105,55,0.9449999928474426,0.5085470085470085,0.4364529843004341,0.23505154639175257,0.70994844645569
MLP,OSULeaf,105,50,0.9449999928474426,0.5285412262156448,0.4164587666317978,0.22270742358078602,0.7222925692666566
MLP,OSULeaf,10,95,0.9449999928474426,0.5503958912903916,0.39460410155705106,0.5250479641867406,0.419952028660702
MLP,OSULeaf,10,90,0.9449999928474426,0.5364549925165705,0.40854500033087215,0.5181916038751345,0.4268083889723081
MLP,OSULeaf,10,85,0.9449999928474426,0.5406521739130434,0.4043478189343992,0.5226451201360833,0.4223548727113593
MLP,OSULeaf,10,80,0.9449999928474426,0.5490699166132136,0.39593007623422904,0.5083084789092458,0.43669151393819683
MLP,OSULeaf,10,75,0.9449999928474426,0.5400696864111498,0.4049303064362928,0.526911576249466,0.4180884165979766
MLP,OSULeaf,10,70,0.9449999928474426,0.5431623931623931,0.4018375996850495,0.5163916863081208,0.4286083065393218
MLP,OSULeaf,10,65,0.9449999928474426,0.5419382877009996,0.403061705146443,0.5225244368890778,0.42247555595836483
MLP,OSULeaf,10,60,0.9449999928474426,0.5470103986135182,0.39798959423392444,0.5216181506849316,0.42338184216251107
MLP,OSULeaf,10,55,0.9449999928474426,0.5454160491213212,0.3995839437261214,0.5189954925949775,0.42600450025246517
MLP,OSULeaf,10,50,0.9449999928474426,0.5419382877009996,0.403061705146443,0.5275573665022518,0.4174426263451908
MLP,OSULeaf,15,95,0.9449999928474426,0.530478274460769,0.4145217183866736,0.497164461247637,0.4478355315998056
MLP,OSULeaf,15,90,0.9449999928474426,0.5324274243360099,0.41257256851143276,0.4912442396313364,0.45375575321610623
MLP,OSULeaf,15,85,0.9449999928474426,0.5274143302180685,0.41758566262937413,0.48543087414755115,0.4595691186998915
MLP,OSULeaf,15,80,0.9449999928474426,0.5389294403892944,0.40607055245814827,0.485065339141257,0.45993465370618564
MLP,OSULeaf,15,75,0.9449999928474426,0.5397902529302899,0.4052097399171527,0.48649487736727726,0.45850511548016537
MLP,OSULeaf,15,70,0.9449999928474426,0.5506976744186046,0.394302318428838,0.4906969410280669,0.45430305181937575
MLP,OSULeaf,15,65,0.9449999928474426,0.5343182517697753,0.4106817410776673,0.4815625,0.4634374928474426
MLP,OSULeaf,15,60,0.9449999928474426,0.5392834695160277,0.40571652333141495,0.4937058642922935,0.4512941285551491
MLP,OSULeaf,15,55,0.9449999928474426,0.5371664548919949,0.40783353795544774,0.5026504521359526,0.44234954071149
MLP,OSULeaf,15,50,0.9449999928474426,0.5354037267080746,0.40959626613936806,0.4834788029925187,0.4615211898549239
MLP,OSULeaf,20,95,0.9449999928474426,0.5388071895424836,0.406192803304959,0.4752836304700162,0.4697163623774264
MLP,OSULeaf,20,90,0.9449999928474426,0.5288501452885015,0.41614984755894113,0.4674185463659148,0.47758144648152784
MLP,OSULeaf,20,85,0.9449999928474426,0.5388728918140683,0.40612710103337435,0.47364152473641524,0.4713584681110274
MLP,OSULeaf,20,80,0.9449999928474426,0.521865889212828,0.4231341036346147,0.4683127572016461,0.4766872356457965
MLP,OSULeaf,20,75,0.9449999928474426,0.5277324632952691,0.4172675295521735,0.4723127035830619,0.47268728926438075
MLP,OSULeaf,20,70,0.9449999928474426,0.5378221113881961,0.4071778814592465,0.4571310799670239,0.4878689128804187
MLP,OSULeaf,20,65,0.9449999928474426,0.5470468431771894,0.3979531496702532,0.46864548494983277,0.47635450789760986
MLP,OSULeaf,20,60,0.9449999928474426,0.5337124289195776,0.41128756392786503,0.4735139506672058,0.4714860421802368
MLP,OSULeaf,20,55,0.9449999928474426,0.5183374083129584,0.42666258453448425,0.4709083298451235,0.47409166300231914
MLP,OSULeaf,20,50,0.9449999928474426,0.5312627707396812,0.4137372221077614,0.46106807990216064,0.483931912945282
MLP,OSULeaf,25,95,0.9449999928474426,0.5385385385385385,0.4064614543089041,0.4570694087403599,0.48793058410708273
MLP,OSULeaf,25,90,0.9449999928474426,0.5359342915811088,0.4090657012663338,0.453046953046953,0.4919530398004896
MLP,OSULeaf,25,85,0.9449999928474426,0.531031031031031,0.41396896181641163,0.45354645354645357,0.49145353930098906
MLP,OSULeaf,25,80,0.9449999928474426,0.5465648854961832,0.3984351073512594,0.4516616314199396,0.49333836142750304
MLP,OSULeaf,25,75,0.9449999928474426,0.531871494135645,0.4131284987117976,0.45790251107828656,0.48709748176915607
MLP,OSULeaf,25,70,0.9449999928474426,0.5386546184738956,0.406345374373547,0.4502564102564103,0.49474358259103235
MLP,OSULeaf,25,65,0.9449999928474426,0.5203503348789283,0.4246496579685143,0.4434826883910387,0.5015173044564039
MLP,OSULeaf,25,60,0.9449999928474426,0.5264509501797637,0.4185490426676789,0.4455852156057495,0.49941477724169314
MLP,OSULeaf,25,55,0.9449999928474426,0.528672032193159,0.4163279606542837,0.46987341772151897,0.47512657512592366
MLP,OSULeaf,25,50,0.9449999928474426,0.5386221294363257,0.4063778634111169,0.4595551061678463,0.48544488667959634
MLP,OSULeaf,30,95,0.9449999928474426,0.5277777777777778,0.41722221506966484,0.427255985267035,0.5177440075804076
MLP,OSULeaf,30,90,0.9449999928474426,0.5176886792452831,0.42731131360215957,0.4374240583232078,0.5075759345242348
MLP,OSULeaf,30,85,0.9449999928474426,0.5312689738919247,0.4137310189555179,0.41973039215686275,0.5252696006905799
MLP,OSULeaf,30,80,0.9449999928474426,0.5513447432762836,0.39365524957115905,0.4196642685851319,0.5253357242623107
MLP,OSULeaf,30,75,0.9449999928474426,0.53239608801956,0.4126039048278827,0.4207683073229292,0.5242316855245135
MLP,OSULeaf,30,70,0.9449999928474426,0.5380530973451327,0.4069468955023099,0.4319306930693069,0.5130692997781356
MLP,OSULeaf,30,65,0.9449999928474426,0.5496688741721855,0.39533111867525716,0.41393939393939394,0.5310605989080487
MLP,OSULeaf,30,60,0.9449999928474426,0.5262507720815318,0.4187492207659108,0.40687160940325495,0.5381283834441877
MLP,OSULeaf,30,55,0.9449999928474426,0.5270935960591133,0.4179063967883293,0.43614457831325304,0.5088554145341896
MLP,OSULeaf,30,50,0.9449999928474426,0.5348980852378011,0.4101019076096415,0.4268366727383121,0.5181633201091305
MLP,OSULeaf,35,95,0.9449999928474426,0.5363636363636364,0.40863635648380625,0.4008438818565401,0.5441561109909026
MLP,OSULeaf,35,90,0.9449999928474426,0.5100574712643678,0.4349425215830748,0.4209039548022599,0.5240960380451827
MLP,OSULeaf,35,85,0.9449999928474426,0.526056338028169,0.41894365481927365,0.4126652748782185,0.5323347179692242
MLP,OSULeaf,35,80,0.9449999928474426,0.5306416726748377,0.4143583201726049,0.4099644128113879,0.5350355800360547
MLP,OSULeaf,35,75,0.9449999928474426,0.5209790209790209,0.4240209718684217,0.4183891660727014,0.5266108267747412
MLP,OSULeaf,35,70,0.9449999928474426,0.5336225596529284,0.41137743319451425,0.4183150183150183,0.5266849745324242
MLP,OSULeaf,35,65,0.9449999928474426,0.5194539249146758,0.42554606793276684,0.42574257425742573,0.519257418590017
MLP,OSULeaf,35,60,0.9449999928474426,0.5387374461979914,0.4062625466494513,0.4126315789473684,0.5323684139000742
MLP,OSULeaf,35,55,0.9449999928474426,0.5215877437325905,0.4234122491148521,0.400997150997151,0.5440028418502916
MLP,OSULeaf,35,50,0.9449999928474426,0.5381895332390382,0.40681045960840445,0.41829608938547486,0.5267039034619678
MLP,OSULeaf,40,95,0.9449999928474426,0.5190082644628099,0.42599172838463273,0.41836734693877553,0.5266326459086671
MLP,OSULeaf,40,90,0.9449999928474426,0.5298769771528998,0.4151230156945428,0.39948892674616693,0.5455110661012756
MLP,OSULeaf,40,85,0.9449999928474426,0.5102739726027398,0.43472602024470286,0.4074387151310228,0.5375612777164198
MLP,OSULeaf,40,80,0.9449999928474426,0.5213032581453634,0.42369673470207925,0.4012027491408935,0.5437972437065491
MLP,OSULeaf,40,75,0.9449999928474426,0.5198647506339814,0.4251352422134612,0.39608177172061326,0.5489182211268293
MLP,OSULeaf,40,70,0.9449999928474426,0.5268166089965398,0.4181833838509028,0.4150787075393538,0.5299212853080888
MLP,OSULeaf,40,65,0.9449999928474426,0.5227655986509275,0.4222343941965151,0.4104095563139932,0.5345904365334495
MLP,OSULeaf,40,60,0.9449999928474426,0.51010101010101,0.43489898274643257,0.4089754445385267,0.5360245483089159
MLP,OSULeaf,40,55,0.9449999928474426,0.5313014827018122,0.4136985101456304,0.4001684919966302,0.5448315008508124
MLP,OSULeaf,40,50,0.9449999928474426,0.5101694915254237,0.43483050132201895,0.3854425144747725,0.5595574783726701
MLP,OSULeaf,45,95,0.9449999928474426,0.5299065420560748,0.41509345079136784,0.3546845124282983,0.5903154804191444
MLP,OSULeaf,45,90,0.9449999928474426,0.5142332415059688,0.4307667513414738,0.37971014492753624,0.5652898479199064
MLP,OSULeaf,45,85,0.9449999928474426,0.530188679245283,0.4148113136021596,0.39,0.5549999928474426
MLP,OSULeaf,45,80,0.9449999928474426,0.5386064030131826,0.40639358983426,0.39202334630350194,0.5529766465439407
MLP,OSULeaf,45,75,0.9449999928474426,0.5130183220829315,0.4319816707645111,0.3816793893129771,0.5633206035344656
MLP,OSULeaf,45,70,0.9449999928474426,0.523320895522388,0.4216790973250546,0.3624655013799448,0.5825344914674978
MLP,OSULeaf,45,65,0.9449999928474426,0.5272045028142589,0.4177954900331837,0.380811078140455,0.5641889147069876
MLP,OSULeaf,45,60,0.9449999928474426,0.5290753098188751,0.41592468302856755,0.36338028169014086,0.5816197111573018
MLP,OSULeaf,45,55,0.9449999928474426,0.5200746965452848,0.4249252963021578,0.384321223709369,0.5606787691380737
MLP,OSULeaf,45,50,0.9449999928474426,0.529891304347826,0.4151086884996166,0.38073394495412843,0.5642660478933141
MLP,OSULeaf,50,95,0.9449999928474426,0.5190274841437632,0.4259725087036794,0.36747624076029567,0.577523752087147
MLP,OSULeaf,50,90,0.9449999928474426,0.5345528455284553,0.41044714731898735,0.3560371517027864,0.5889628411446562
MLP,OSULeaf,50,85,0.9449999928474426,0.514047866805411,0.4309521260420316,0.38054054054054054,0.5644594523069021
MLP,OSULeaf,50,80,0.9449999928474426,0.5192507804370448,0.42574921241039787,0.33993743482794575,0.6050625580194968
MLP,OSULeaf,50,75,0.9449999928474426,0.5390143737166324,0.4059856191308102,0.35275754422476585,0.5922424486226767
MLP,OSULeaf,50,70,0.9449999928474426,0.4989733059548255,0.44602668689261715,0.3547008547008547,0.5902991381465879
MLP,OSULeaf,50,65,0.9449999928474426,0.5195586760280843,0.4254413168193584,0.3697033898305085,0.5752966030169342
MLP,OSULeaf,50,60,0.9449999928474426,0.5315126050420168,0.4134873878054258,0.33755274261603374,0.6074472502314089
MLP,OSULeaf,50,55,0.9449999928474426,0.5315508021390374,0.41344919070840525,0.3631578947368421,0.5818420981106005
MLP,OSULeaf,50,50,0.9449999928474426,0.5211864406779662,0.42381355216947647,0.3458646616541353,0.5991353311933073
MLP,OSULeaf,55,95,0.9449999928474426,0.5310344827586206,0.413965510088822,0.35799522673031026,0.5870047661171324
MLP,OSULeaf,55,90,0.9449999928474426,0.5103785103785103,0.4346214824689323,0.3800738007380074,0.5649261921094353
MLP,OSULeaf,55,85,0.9449999928474426,0.5351941747572816,0.40980581809016103,0.3714622641509434,0.5735377286964992
MLP,OSULeaf,55,80,0.9449999928474426,0.5213776722090261,0.42362232063841654,0.3711467324290999,0.5738532604183427
MLP,OSULeaf,55,75,0.9449999928474426,0.5098522167487685,0.43514777609867417,0.35645933014354064,0.588540662703902
MLP,OSULeaf,55,70,0.9449999928474426,0.5386444708680143,0.40635552197942837,0.37394451145958985,0.5710554813878528
MLP,OSULeaf,55,65,0.9449999928474426,0.5266903914590747,0.4183096013883679,0.36682242990654207,0.5781775629409005
MLP,OSULeaf,55,60,0.9449999928474426,0.526774595267746,0.4182253975796967,0.3811230585424134,0.5638769343050292
MLP,OSULeaf,55,55,0.9449999928474426,0.5199063231850117,0.4250936696624309,0.3507549361207898,0.5942450567266528
MLP,OSULeaf,55,50,0.9449999928474426,0.5012345679012346,0.4437654249462081,0.3587962962962963,0.5862036965511463
MLP,OSULeaf,5,95,0.9449999928474426,0.5443605474280321,0.40063944541941054,0.5453119343550139,0.3996880584924287
MLP,OSULeaf,5,90,0.9449999928474426,0.5464938126104891,0.3985061802369535,0.5433691756272402,0.40163081722020244
MLP,OSULeaf,5,85,0.9449999928474426,0.5416957838341486,0.403304209013294,0.5432835820895522,0.40171641075789044
MLP,OSULeaf,5,80,0.9449999928474426,0.5414176918570591,0.4035823009903835,0.5425115617218071,0.4024884311256355
MLP,OSULeaf,5,75,0.9449999928474426,0.5436043071825819,0.4013956856648607,0.5432793807178043,0.4017206121296383
MLP,OSULeaf,5,70,0.9449999928474426,0.5332944606413994,0.4117055322060432,0.5390255439924314,0.4059744488550112
MLP,OSULeaf,5,65,0.9449999928474426,0.5377068557919622,0.4072931370554804,0.5392387218045113,0.40576127104293136
MLP,OSULeaf,5,60,0.9449999928474426,0.5403903015966883,0.4046096912507543,0.53994587598541,0.40505411686203263
MLP,OSULeaf,5,55,0.9449999928474426,0.5458779692594318,0.39912202358801085,0.5357437286538688,0.40925626419357386
MLP,OSULeaf,5,50,0.9449999928474426,0.5459484998818804,0.3990514929655622,0.5337989818870605,0.4112010109603821
MLP,OSULeaf,60,95,0.9449999928474426,0.5208581644815257,0.42414182836591696,0.30472636815920395,0.6402736246882387
MLP,OSULeaf,60,90,0.9449999928474426,0.5446756425948592,0.4003243502525834,0.32410611303344866,0.620893879813994
MLP,OSULeaf,60,85,0.9449999928474426,0.5334900117508813,0.41150998109656134,0.3160322952710496,0.628967697576393
MLP,OSULeaf,60,80,0.9449999928474426,0.5227790432801822,0.4222209495672604,0.31861575178997614,0.6263842410574665
MLP,OSULeaf,60,75,0.9449999928474426,0.5535097813578826,0.39149021148956,0.32448733413751507,0.6205126587099276
MLP,OSULeaf,60,70,0.9449999928474426,0.5112160566706021,0.4337839361768405,0.32320777642770354,0.6217922164197391
MLP,OSULeaf,60,65,0.9449999928474426,0.5407925407925408,0.40420745205490183,0.3235294117647059,0.6214705810827368
MLP,OSULeaf,60,60,0.9449999928474426,0.5087064676616916,0.43629352518575104,0.33533653846153844,0.6096634543859042
MLP,OSULeaf,60,55,0.9449999928474426,0.5260663507109005,0.41893364213654216,0.3084982537834691,0.6365017390639736
MLP,OSULeaf,60,50,0.9449999928474426,0.5488721804511278,0.3961278123963148,0.32585596221959856,0.6191440306278441
MLP,OSULeaf,65,95,0.9449999928474426,0.5179760319573902,0.42702396089005246,0.3401920438957476,0.6048079489516951
MLP,OSULeaf,65,90,0.9449999928474426,0.49860335195530725,0.4463966408921354,0.3398876404494382,0.6051123523980044
MLP,OSULeaf,65,85,0.9449999928474426,0.49658002735978113,0.4484199654876615,0.34758620689655173,0.5974137859508909
MLP,OSULeaf,65,80,0.9449999928474426,0.5,0.4449999928474426,0.34156378600823045,0.6034362068392122
MLP,OSULeaf,65,75,0.9449999928474426,0.5129682997118156,0.43203169313562706,0.35054347826086957,0.594456514586573
MLP,OSULeaf,65,70,0.9449999928474426,0.5,0.4449999928474426,0.3506849315068493,0.5943150613405933
MLP,OSULeaf,65,65,0.9449999928474426,0.5121602288984263,0.43283976394901635,0.350210970464135,0.5947890223833077
MLP,OSULeaf,65,60,0.9449999928474426,0.5211459754433834,0.42385401740405926,0.3398328690807799,0.6051671237666627
MLP,OSULeaf,65,55,0.9449999928474426,0.48324022346368717,0.46175976938375546,0.35492957746478876,0.5900704153826539
MLP,OSULeaf,65,50,0.9449999928474426,0.5104895104895105,0.4345104823579321,0.33936022253129344,0.6056397703161491
MLP,OSULeaf,70,95,0.9449999928474426,0.49783549783549785,0.4471644950119448,0.3342354533152909,0.6107645395321517
MLP,OSULeaf,70,90,0.9449999928474426,0.4839609483960948,0.4610390444513478,0.314404432132964,0.6305955607144786
MLP,OSULeaf,70,85,0.9449999928474426,0.5337078651685393,0.41129212767890333,0.3333333333333333,0.6116666595141094
MLP,OSULeaf,70,80,0.9449999928474426,0.5075653370013755,0.4374346558460671,0.31320224719101125,0.6317977456564314
MLP,OSULeaf,70,75,0.9449999928474426,0.5202898550724637,0.4247101377749789,0.355463347164592,0.5895366456828506
MLP,OSULeaf,70,70,0.9449999928474426,0.5129682997118156,0.43203169313562706,0.3396501457725947,0.605349847074848
MLP,OSULeaf,70,65,0.9449999928474426,0.496551724137931,0.4484482687095116,0.33472803347280333,0.6102719593746393
MLP,OSULeaf,70,60,0.9449999928474426,0.509325681492109,0.43567431135533363,0.3181818181818182,0.6268181746656245
MLP,OSULeaf,70,55,0.9449999928474426,0.5263908701854494,0.41860912266199324,0.33185185185185184,0.6131481409955908
MLP,OSULeaf,70,50,0.9449999928474426,0.5124653739612188,0.4325346188862238,0.332398316970547,0.6126016758768956
MLP,OSULeaf,75,95,0.9449999928474426,0.5346869712351946,0.41031302161224803,0.31442463533225284,0.6305753575151898
MLP,OSULeaf,75,90,0.9449999928474426,0.49747899159663866,0.44752100125080396,0.31840796019900497,0.6265920326484377
MLP,OSULeaf,75,85,0.9449999928474426,0.4983974358974359,0.4466025569500067,0.31743421052631576,0.6275657823211269
MLP,OSULeaf,75,80,0.9449999928474426,0.5066445182724253,0.43835547457501733,0.3169491525423729,0.6280508403050697
MLP,OSULeaf,75,75,0.9449999928474426,0.5131578947368421,0.4318420981106005,0.3274478330658106,0.617552159781632
MLP,OSULeaf,75,70,0.9449999928474426,0.5049833887043189,0.4400166041431237,0.3075601374570447,0.6374398553903979
MLP,OSULeaf,75,65,0.9449999928474426,0.5132450331125827,0.4317549597348599,0.3261205564142195,0.6188794364332231
MLP,OSULeaf,75,60,0.9449999928474426,0.5040650406504065,0.44093495219703616,0.30833333333333335,0.6366666595141093
MLP,OSULeaf,75,55,0.9449999928474426,0.5049180327868853,0.44008196006055733,0.3355263157894737,0.609473677057969
MLP,OSULeaf,75,50,0.9449999928474426,0.5064935064935064,0.4385064863539362,0.33559322033898303,0.6094067725084595
MLP,OSULeaf,80,95,0.9449999928474426,0.5112903225806451,0.4337096702667975,0.32100840336134456,0.6239915894860981
MLP,OSULeaf,80,90,0.9449999928474426,0.5123558484349259,0.43264414441251675,0.30130293159609123,0.6436970612513514
MLP,OSULeaf,80,85,0.9449999928474426,0.46688741721854304,0.4781125756288996,0.2862129144851658,0.6587870783622769
MLP,OSULeaf,80,80,0.9449999928474426,0.5024469820554649,0.44255301079197773,0.293354943273906,0.6516450495735366
MLP,OSULeaf,80,75,0.9449999928474426,0.5118243243243243,0.4331756685231183,0.2900505902192243,0.6549494026282183
MLP,OSULeaf,80,70,0.9449999928474426,0.5235602094240838,0.42143978342335886,0.3237639553429027,0.6212360375045399
MLP,OSULeaf,80,65,0.9449999928474426,0.5049180327868853,0.44008196006055733,0.3135593220338983,0.6314406708135443
MLP,OSULeaf,80,60,0.9449999928474426,0.5033783783783784,0.4416216144690642,0.29081632653061223,0.6541836663168303
MLP,OSULeaf,80,55,0.9449999928474426,0.5068493150684932,0.43815067777894945,0.30514096185737977,0.6398590309900629
MLP,OSULeaf,80,50,0.9449999928474426,0.4901315789473684,0.4548684139000742,0.2979094076655052,0.6470905851819374
MLP,OSULeaf,85,95,0.9449999928474426,0.47884940778341795,0.4661505850640247,0.3284072249589491,0.6165927678884935
MLP,OSULeaf,85,90,0.9449999928474426,0.5016722408026756,0.44332775204476704,0.28378378378378377,0.6612162090636589
MLP,OSULeaf,85,85,0.9449999928474426,0.5264847512038523,0.41851524164359033,0.3154471544715447,0.6295528383758979
MLP,OSULeaf,85,80,0.9449999928474426,0.49759229534510435,0.4474076975023383,0.2893401015228426,0.6556598913246
MLP,OSULeaf,85,75,0.9449999928474426,0.5,0.4449999928474426,0.2942176870748299,0.6507823057726128
MLP,OSULeaf,85,70,0.9449999928474426,0.5116279069767442,0.4333720858706984,0.2904841402337229,0.6545158526137198
MLP,OSULeaf,85,65,0.9449999928474426,0.4842105263157895,0.46078946653165315,0.3103448275862069,0.6346551652612358
MLP,OSULeaf,85,60,0.9449999928474426,0.5233333333333333,0.4216666595141093,0.30716723549488056,0.6378327573525621
MLP,OSULeaf,85,55,0.9449999928474426,0.5,0.4449999928474426,0.28429752066115704,0.6607024721862855
MLP,OSULeaf,85,50,0.9449999928474426,0.5016611295681063,0.44333886327933636,0.30505709624796085,0.6399428965994818
MLP,OSULeaf,90,95,0.9449999928474426,0.506198347107438,0.4388016457400046,0.32461873638344224,0.6203812564640003
MLP,OSULeaf,90,90,0.9449999928474426,0.4745762711864407,0.47042372166100194,0.341991341991342,0.6030086508561006
MLP,OSULeaf,90,85,0.9449999928474426,0.4847250509164969,0.4602749419309457,0.3202479338842975,0.6247520589631451
MLP,OSULeaf,90,80,0.9449999928474426,0.5171026156941649,0.4278973771532777,0.3081761006289308,0.6368238922185119
MLP,OSULeaf,90,75,0.9449999928474426,0.5272727272727272,0.4177272655747154,0.33752620545073375,0.6074737873967089
MLP,OSULeaf,90,70,0.9449999928474426,0.5,0.4449999928474426,0.3403361344537815,0.6046638583936611
MLP,OSULeaf,90,65,0.9449999928474426,0.5109170305676856,0.43408296227975707,0.3051181102362205,0.6398818826112221
MLP,OSULeaf,90,60,0.9449999928474426,0.4829059829059829,0.4620940099414597,0.32938856015779094,0.6156114326896517
MLP,OSULeaf,90,55,0.9449999928474426,0.5029585798816568,0.4420414129657858,0.30721649484536084,0.6377834980020818
MLP,OSULeaf,90,50,0.9449999928474426,0.51340206185567,0.43159793099177257,0.28354978354978355,0.6614502092976591
MLP,OSULeaf,95,95,0.9449999928474426,0.5274725274725275,0.41752746537491514,0.33047210300429186,0.6145278898431508
MLP,OSULeaf,95,90,0.9449999928474426,0.5074626865671642,0.4375373062802784,0.323943661971831,0.6210563308756116
MLP,OSULeaf,95,85,0.9449999928474426,0.5251046025104602,0.4198953903369824,0.3180873180873181,0.6269126747601246
MLP,OSULeaf,95,80,0.9449999928474426,0.518595041322314,0.4264049515251286,0.32298136645962733,0.6220186263878154
MLP,OSULeaf,95,75,0.9449999928474426,0.5105042016806722,0.4344957911667704,0.3253012048192771,0.6196987880281655
MLP,OSULeaf,95,70,0.9449999928474426,0.5205183585313174,0.4244816343161252,0.3411016949152542,0.6038982979321884
MLP,OSULeaf,95,65,0.9449999928474426,0.5408805031446541,0.40411948970278855,0.30425531914893617,0.6407446736985065
MLP,OSULeaf,95,60,0.9449999928474426,0.515274949083503,0.4297250437639396,0.28512396694214875,0.6598760259052938
MLP,OSULeaf,95,55,0.9449999928474426,0.4867075664621677,0.45829242638527495,0.31736526946107785,0.6276347233863648
MLP,OSULeaf,95,50,0.9449999928474426,0.5223300970873787,0.422669895760064,0.31063829787234043,0.6343616949751022
ResNet,OSULeaf,100,95,1.0,0.8818565400843882,0.11814345991561181,0.7204968944099379,0.2795031055900621
ResNet,OSULeaf,100,90,1.0,0.881578947368421,0.11842105263157898,0.7169421487603306,0.2830578512396694
ResNet,OSULeaf,100,85,1.0,0.893574297188755,0.10642570281124497,0.707843137254902,0.292156862745098
ResNet,OSULeaf,100,80,1.0,0.9065040650406504,0.0934959349593496,0.7309322033898306,0.26906779661016944
ResNet,OSULeaf,100,75,1.0,0.8808510638297873,0.11914893617021272,0.6902050113895216,0.3097949886104784
ResNet,OSULeaf,100,70,1.0,0.9008810572687225,0.09911894273127753,0.7316017316017316,0.2683982683982684
ResNet,OSULeaf,100,65,1.0,0.8784860557768924,0.12151394422310757,0.7257731958762886,0.27422680412371137
ResNet,OSULeaf,100,60,1.0,0.8694779116465864,0.1305220883534136,0.7067209775967414,0.29327902240325865
ResNet,OSULeaf,100,55,1.0,0.8947368421052632,0.10526315789473684,0.7479508196721312,0.2520491803278688
ResNet,OSULeaf,100,50,1.0,0.8985507246376812,0.10144927536231885,0.7105263157894737,0.2894736842105263
ResNet,OSULeaf,105,95,1.0,0.8945233265720081,0.10547667342799194,0.7370517928286853,0.26294820717131473
ResNet,OSULeaf,105,90,1.0,0.878727634194831,0.12127236580516898,0.7520325203252033,0.2479674796747967
ResNet,OSULeaf,105,85,1.0,0.8927875243664717,0.10721247563352831,0.7470588235294118,0.2529411764705882
ResNet,OSULeaf,105,80,1.0,0.9019189765458422,0.09808102345415781,0.7351694915254238,0.26483050847457623
ResNet,OSULeaf,105,75,1.0,0.8882113821138211,0.11178861788617889,0.7450110864745011,0.2549889135254989
ResNet,OSULeaf,105,70,1.0,0.8860759493670886,0.11392405063291144,0.7592592592592593,0.2407407407407407
ResNet,OSULeaf,105,65,1.0,0.8717948717948718,0.1282051282051282,0.7365145228215768,0.2634854771784232
ResNet,OSULeaf,105,60,1.0,0.8824786324786325,0.11752136752136755,0.7430406852248393,0.25695931477516065
ResNet,OSULeaf,105,55,1.0,0.8881720430107527,0.1118279569892473,0.7474747474747475,0.2525252525252525
ResNet,OSULeaf,105,50,1.0,0.89375,0.10624999999999996,0.75,0.25
ResNet,OSULeaf,10,95,1.0,0.9780597978059797,0.021940202194020264,0.8008271658685242,0.1991728341314758
ResNet,OSULeaf,10,90,1.0,0.976159230096238,0.02384076990376205,0.8080068876452863,0.19199311235471372
ResNet,OSULeaf,10,85,1.0,0.9764655541292255,0.023534445870774467,0.8060475161987041,0.19395248380129593
ResNet,OSULeaf,10,80,1.0,0.9772775536207262,0.022722446379273786,0.8119168787107719,0.1880831212892281
ResNet,OSULeaf,10,75,1.0,0.9774354523757866,0.02256454762421345,0.8090580480544334,0.19094195194556662
ResNet,OSULeaf,10,70,1.0,0.9751499571550986,0.024850042844901443,0.8074331667028907,0.19256683329710933
ResNet,OSULeaf,10,65,1.0,0.9767491926803014,0.02325080731969864,0.8121871599564744,0.1878128400435256
ResNet,OSULeaf,10,60,1.0,0.9763572679509632,0.023642732049036774,0.8079896907216495,0.1920103092783505
ResNet,OSULeaf,10,55,1.0,0.9754045307443365,0.02459546925566347,0.8012698412698412,0.19873015873015876
ResNet,OSULeaf,10,50,1.0,0.9808237088690347,0.019176291130965306,0.8097734899328859,0.1902265100671141
ResNet,OSULeaf,15,95,1.0,0.9668455952005052,0.03315440479949483,0.7784750549105742,0.22152494508942577
ResNet,OSULeaf,15,90,1.0,0.9705790297339593,0.029420970266040736,0.7816553428042001,0.21834465719579987
ResNet,OSULeaf,15,85,1.0,0.9687695190505934,0.031230480949406614,0.780943336498892,0.21905666350110797
ResNet,OSULeaf,15,80,1.0,0.9665634674922601,0.033436532507739924,0.7597765363128491,0.24022346368715086
ResNet,OSULeaf,15,75,1.0,0.9682689286836318,0.03173107131636821,0.7805102981862896,0.21948970181371041
ResNet,OSULeaf,15,70,1.0,0.9695746662527166,0.0304253337472834,0.77875274208712,0.22124725791288002
ResNet,OSULeaf,15,65,1.0,0.9646949519975224,0.03530504800247758,0.7789539227895392,0.22104607721046077
ResNet,OSULeaf,15,60,1.0,0.965527950310559,0.03447204968944095,0.7777085927770859,0.22229140722291407
ResNet,OSULeaf,15,55,1.0,0.9704292527821939,0.02957074721780606,0.765451174289246,0.23454882571075397
ResNet,OSULeaf,15,50,1.0,0.9687789799072642,0.031221020092735752,0.770404984423676,0.229595015576324
ResNet,OSULeaf,20,95,1.0,0.9564863765758438,0.04351362342415621,0.7615131578947368,0.23848684210526316
ResNet,OSULeaf,20,90,1.0,0.9567723342939481,0.043227665706051854,0.7656574035669846,0.23434259643301536
ResNet,OSULeaf,20,85,1.0,0.9542079207920792,0.04579207920792083,0.7713476325374342,0.2286523674625658
ResNet,OSULeaf,20,80,1.0,0.9545075125208681,0.04549248747913193,0.7717927631578947,0.2282072368421053
ResNet,OSULeaf,20,75,1.0,0.9615695792880259,0.03843042071197411,0.7611019736842105,0.2388980263157895
ResNet,OSULeaf,20,70,1.0,0.9619320507572656,0.03806794924273438,0.7783191230207065,0.2216808769792935
ResNet,OSULeaf,20,65,1.0,0.9556587837837838,0.04434121621621623,0.7735923869944489,0.22640761300555112
ResNet,OSULeaf,20,60,1.0,0.9542079207920792,0.04579207920792083,0.770600414078675,0.22939958592132503
ResNet,OSULeaf,20,55,1.0,0.9592927631578947,0.04070723684210531,0.761400651465798,0.23859934853420195
ResNet,OSULeaf,20,50,1.0,0.953228476821192,0.04677152317880795,0.7681217460953144,0.23187825390468564
ResNet,OSULeaf,25,95,1.0,0.9547993905535805,0.04520060944641946,0.77019568489714,0.22980431510286004
ResNet,OSULeaf,25,90,1.0,0.9576530612244898,0.04234693877551021,0.7604790419161677,0.23952095808383234
ResNet,OSULeaf,25,85,1.0,0.9552683896620279,0.04473161033797213,0.7637673700463201,0.23623262995367988
ResNet,OSULeaf,25,80,1.0,0.954954954954955,0.04504504504504503,0.7666166916541729,0.2333833083458271
ResNet,OSULeaf,25,75,1.0,0.9561491935483871,0.04385080645161288,0.7824543610547667,0.21754563894523327
ResNet,OSULeaf,25,70,1.0,0.9462524654832347,0.05374753451676528,0.77834008097166,0.22165991902834004
ResNet,OSULeaf,25,65,1.0,0.9617931737137035,0.03820682628629646,0.7681307456588355,0.23186925434116445
ResNet,OSULeaf,25,60,1.0,0.9516450648055832,0.048354935194416804,0.7654933068914229,0.23450669310857708
ResNet,OSULeaf,25,55,1.0,0.9493243243243243,0.05067567567567566,0.75642965204236,0.24357034795764
ResNet,OSULeaf,25,50,1.0,0.9520718921617574,0.04792810783824264,0.768056968463886,0.23194303153611395
ResNet,OSULeaf,30,95,1.0,0.9567398119122257,0.04326018808777432,0.7746730083234245,0.22532699167657555
ResNet,OSULeaf,30,90,1.0,0.9478260869565217,0.05217391304347829,0.7683000604960678,0.2316999395039322
ResNet,OSULeaf,30,85,1.0,0.9487478159580663,0.05125218404193366,0.7734231475811391,0.22657685241886094
ResNet,OSULeaf,30,80,1.0,0.9469240048250904,0.053075995174909574,0.7572218807621389,0.24277811923786108
ResNet,OSULeaf,30,75,1.0,0.9477987421383648,0.05220125786163521,0.7545018007202882,0.24549819927971184
ResNet,OSULeaf,30,70,1.0,0.957280385078219,0.042719614921781,0.7633495145631068,0.23665048543689315
ResNet,OSULeaf,30,65,1.0,0.9456849728424864,0.05431502715751357,0.7721518987341772,0.22784810126582278
ResNet,OSULeaf,30,60,1.0,0.9482551143200962,0.05174488567990376,0.7533659730722154,0.24663402692778458
ResNet,OSULeaf,30,55,1.0,0.9526123936816525,0.047387606318347486,0.7649546827794562,0.23504531722054378
ResNet,OSULeaf,30,50,1.0,0.9529553679131484,0.04704463208685161,0.7749235474006116,0.22507645259938835
ResNet,OSULeaf,35,95,1.0,0.9457364341085271,0.054263565891472854,0.7565217391304347,0.24347826086956526
ResNet,OSULeaf,35,90,1.0,0.947296372347707,0.05270362765229297,0.7544951590594744,0.2455048409405256
ResNet,OSULeaf,35,85,1.0,0.9485753995830438,0.05142460041695618,0.7736804049168474,0.22631959508315258
ResNet,OSULeaf,35,80,1.0,0.939288206559665,0.06071179344033495,0.7662889518413598,0.2337110481586402
ResNet,OSULeaf,35,75,1.0,0.9441301272984441,0.055869872701555856,0.773369199731002,0.22663080026899796
ResNet,OSULeaf,35,70,1.0,0.9456366237482118,0.05436337625178822,0.7761413843888071,0.2238586156111929
ResNet,OSULeaf,35,65,1.0,0.9497126436781609,0.050287356321839116,0.7811846689895471,0.21881533101045292
ResNet,OSULeaf,35,60,1.0,0.9425367904695164,0.05746320953048356,0.7537154989384289,0.24628450106157107
ResNet,OSULeaf,35,55,1.0,0.9448075526506899,0.05519244734931006,0.7655913978494624,0.2344086021505376
ResNet,OSULeaf,35,50,1.0,0.9458333333333333,0.054166666666666696,0.7587437544610992,0.2412562455389008
ResNet,OSULeaf,40,95,1.0,0.9359190556492412,0.06408094435075884,0.7167630057803468,0.2832369942196532
ResNet,OSULeaf,40,90,1.0,0.9416809605488851,0.05831903945111494,0.7328825021132713,0.26711749788672867
ResNet,OSULeaf,40,85,1.0,0.945054945054945,0.05494505494505497,0.7231638418079096,0.2768361581920904
ResNet,OSULeaf,40,80,1.0,0.9380305602716469,0.061969439728353115,0.7368421052631579,0.26315789473684215
ResNet,OSULeaf,40,75,1.0,0.9313559322033899,0.06864406779661014,0.7358171041490262,0.26418289585097376
ResNet,OSULeaf,40,70,1.0,0.9384236453201971,0.061576354679802936,0.7288135593220338,0.27118644067796616
ResNet,OSULeaf,40,65,1.0,0.9342881213142376,0.06571187868576245,0.7527801539777588,0.24721984602224123
ResNet,OSULeaf,40,60,1.0,0.9428090832632464,0.05719091673675358,0.7491721854304636,0.2508278145695364
ResNet,OSULeaf,40,55,1.0,0.9418604651162791,0.05813953488372092,0.752542372881356,0.24745762711864405
ResNet,OSULeaf,40,50,1.0,0.9408284023668639,0.059171597633136064,0.7257785467128027,0.27422145328719727
ResNet,OSULeaf,45,95,1.0,0.9410085632730733,0.05899143672692675,0.7315741583257507,0.2684258416742493
ResNet,OSULeaf,45,90,1.0,0.940959409594096,0.059040590405904037,0.7325023969319271,0.2674976030680729
ResNet,OSULeaf,45,85,1.0,0.9372071227741331,0.0627928772258669,0.7413308341143393,0.2586691658856607
ResNet,OSULeaf,45,80,1.0,0.935513169845595,0.06448683015440504,0.7410881801125704,0.2589118198874296
ResNet,OSULeaf,45,75,1.0,0.9313186813186813,0.06868131868131866,0.7396616541353384,0.26033834586466165
ResNet,OSULeaf,45,70,1.0,0.9378036929057337,0.06219630709426627,0.7513661202185792,0.24863387978142082
ResNet,OSULeaf,45,65,1.0,0.9473684210526315,0.052631578947368474,0.7552130553037172,0.24478694469628282
ResNet,OSULeaf,45,60,1.0,0.9325946445060018,0.06740535549399818,0.7357274401473296,0.2642725598526704
ResNet,OSULeaf,45,55,1.0,0.9411223551057958,0.05887764489420422,0.7419962335216572,0.2580037664783428
ResNet,OSULeaf,45,50,1.0,0.9303621169916435,0.0696378830083565,0.7414721723518851,0.2585278276481149
ResNet,OSULeaf,50,95,1.0,0.9309978768577495,0.06900212314225052,0.7198697068403909,0.28013029315960913
ResNet,OSULeaf,50,90,1.0,0.9420765027322404,0.05792349726775958,0.7297008547008547,0.27029914529914534
ResNet,OSULeaf,50,85,1.0,0.9391480730223124,0.0608519269776876,0.7330415754923414,0.2669584245076586
ResNet,OSULeaf,50,80,1.0,0.9393939393939394,0.06060606060606055,0.7204641350210971,0.2795358649789029
ResNet,OSULeaf,50,75,1.0,0.9357997823721437,0.06420021762785633,0.7249736564805058,0.2750263435194942
ResNet,OSULeaf,50,70,1.0,0.932446264073695,0.06755373592630498,0.7139938712972421,0.2860061287027579
ResNet,OSULeaf,50,65,1.0,0.9395248380129589,0.06047516198704106,0.7257709251101322,0.2742290748898678
ResNet,OSULeaf,50,60,1.0,0.94258872651357,0.05741127348643005,0.72978505629478,0.27021494370522003
ResNet,OSULeaf,50,55,1.0,0.9430719656283566,0.0569280343716434,0.7453027139874739,0.25469728601252606
ResNet,OSULeaf,50,50,1.0,0.9414838035527691,0.05851619644723094,0.7310565635005336,0.2689434364994664
ResNet,OSULeaf,55,95,1.0,0.9402985074626866,0.05970149253731338,0.7,0.30000000000000004
ResNet,OSULeaf,55,90,1.0,0.925609756097561,0.07439024390243898,0.695920889987639,0.304079110012361
ResNet,OSULeaf,55,85,1.0,0.9443127962085308,0.055687203791469186,0.7247596153846154,0.2752403846153846
ResNet,OSULeaf,55,80,1.0,0.9266272189349113,0.07337278106508871,0.7164527421236873,0.28354725787631274
ResNet,OSULeaf,55,75,1.0,0.9284848484848485,0.07151515151515153,0.7164351851851852,0.28356481481481477
ResNet,OSULeaf,55,70,1.0,0.937046004842615,0.06295399515738498,0.7188264058679706,0.28117359413202936
ResNet,OSULeaf,55,65,1.0,0.9455205811138014,0.05447941888619856,0.7272727272727273,0.2727272727272727
ResNet,OSULeaf,55,60,1.0,0.9415204678362573,0.05847953216374269,0.7420537897310513,0.2579462102689487
ResNet,OSULeaf,55,55,1.0,0.9408284023668639,0.059171597633136064,0.7417452830188679,0.2582547169811321
ResNet,OSULeaf,55,50,1.0,0.9417927823050058,0.05820721769499415,0.7305458768873403,0.2694541231126597
ResNet,OSULeaf,5,95,1.0,0.9812091503267973,0.01879084967320266,0.8639136555607696,0.1360863444392304
ResNet,OSULeaf,5,90,1.0,0.9836026896307656,0.01639731036923442,0.8613479733675973,0.13865202663240273
ResNet,OSULeaf,5,85,1.0,0.9847463639588506,0.015253636041149377,0.8596122401308106,0.1403877598691894
ResNet,OSULeaf,5,80,1.0,0.983510011778563,0.01648998822143699,0.865151154487027,0.13484884551297305
ResNet,OSULeaf,5,75,1.0,0.9791812865497076,0.020818713450292403,0.8638426626323752,0.1361573373676248
ResNet,OSULeaf,5,70,1.0,0.9819444444444444,0.018055555555555602,0.8598884802467671,0.14011151975323288
ResNet,OSULeaf,5,65,1.0,0.982756570341301,0.01724342965869896,0.8627054060490593,0.13729459395094068
ResNet,OSULeaf,5,60,1.0,0.9823689504200687,0.017631049579931335,0.8686292762392367,0.1313707237607633
ResNet,OSULeaf,5,55,1.0,0.9821365612880479,0.017863438711952062,0.8613189897100093,0.1386810102899907
ResNet,OSULeaf,5,50,1.0,0.9822085161902503,0.01779148380974971,0.866713764276463,0.13328623572353704
ResNet,OSULeaf,60,95,1.0,0.9436619718309859,0.05633802816901412,0.7331002331002331,0.2668997668997669
ResNet,OSULeaf,60,90,1.0,0.9507620164126612,0.049237983587338774,0.7604790419161677,0.23952095808383234
ResNet,OSULeaf,60,85,1.0,0.9355216881594373,0.06447831184056274,0.7546239210850801,0.24537607891491986
ResNet,OSULeaf,60,80,1.0,0.9421686746987952,0.05783132530120483,0.7597254004576659,0.2402745995423341
ResNet,OSULeaf,60,75,1.0,0.9526627218934911,0.047337278106508895,0.7484957882069796,0.2515042117930204
ResNet,OSULeaf,60,70,1.0,0.9419924337957125,0.058007566204287486,0.7476415094339622,0.25235849056603776
ResNet,OSULeaf,60,65,1.0,0.9388264669163545,0.06117353308364548,0.7472256473489519,0.2527743526510481
ResNet,OSULeaf,60,60,1.0,0.9451073985680191,0.054892601431980936,0.7577565632458234,0.2422434367541766
ResNet,OSULeaf,60,55,1.0,0.941747572815534,0.058252427184465994,0.7322738386308069,0.26772616136919314
ResNet,OSULeaf,60,50,1.0,0.9436964504283966,0.05630354957160344,0.7462514417531718,0.2537485582468282
ResNet,OSULeaf,65,95,1.0,0.9246088193456614,0.07539118065433859,0.7223756906077348,0.27762430939226523
ResNet,OSULeaf,65,90,1.0,0.9326647564469914,0.06733524355300857,0.6998635743519782,0.3001364256480218
ResNet,OSULeaf,65,85,1.0,0.9127423822714681,0.08725761772853191,0.7117241379310345,0.2882758620689655
ResNet,OSULeaf,65,80,1.0,0.9212376933895922,0.07876230661040784,0.7035460992907802,0.29645390070921984
ResNet,OSULeaf,65,75,1.0,0.9235294117647059,0.07647058823529407,0.7342143906020558,0.26578560939794416
ResNet,OSULeaf,65,70,1.0,0.9291666666666667,0.0708333333333333,0.7259684361549498,0.27403156384505023
ResNet,OSULeaf,65,65,1.0,0.9317548746518106,0.06824512534818938,0.7146702557200538,0.2853297442799462
ResNet,OSULeaf,65,60,1.0,0.9243243243243243,0.07567567567567568,0.7224606580829757,0.27753934191702434
ResNet,OSULeaf,65,55,1.0,0.9269972451790633,0.07300275482093666,0.7222222222222222,0.2777777777777778
ResNet,OSULeaf,65,50,1.0,0.9209039548022598,0.07909604519774016,0.7049180327868853,0.29508196721311475
ResNet,OSULeaf,70,95,1.0,0.9267643142476698,0.07323568575233019,0.7855072463768116,0.21449275362318843
ResNet,OSULeaf,70,90,1.0,0.9304123711340206,0.06958762886597936,0.7855113636363636,0.21448863636363635
ResNet,OSULeaf,70,85,1.0,0.9251040221914009,0.07489597780859913,0.7914285714285715,0.20857142857142852
ResNet,OSULeaf,70,80,1.0,0.9272727272727272,0.07272727272727275,0.7861189801699717,0.21388101983002827
ResNet,OSULeaf,70,75,1.0,0.924219910846954,0.07578008915304602,0.7765205091937766,0.22347949080622342
ResNet,OSULeaf,70,70,1.0,0.9224137931034483,0.07758620689655171,0.7757909215955984,0.22420907840440163
ResNet,OSULeaf,70,65,1.0,0.9217638691322901,0.07823613086770986,0.7899159663865546,0.2100840336134454
ResNet,OSULeaf,70,60,1.0,0.9310829817158931,0.0689170182841069,0.773224043715847,0.22677595628415304
ResNet,OSULeaf,70,55,1.0,0.9174964438122333,0.08250355618776672,0.7997198879551821,0.20028011204481788
ResNet,OSULeaf,70,50,1.0,0.9228571428571428,0.07714285714285718,0.7858117326057299,0.2141882673942701
ResNet,OSULeaf,75,95,1.0,0.9126984126984127,0.08730158730158732,0.7516339869281046,0.24836601307189543
ResNet,OSULeaf,75,90,1.0,0.9121405750798722,0.08785942492012777,0.7482876712328768,0.25171232876712324
ResNet,OSULeaf,75,85,1.0,0.9182098765432098,0.08179012345679015,0.7406199021207178,0.2593800978792822
ResNet,OSULeaf,75,80,1.0,0.9241379310344827,0.07586206896551728,0.7408637873754153,0.25913621262458475
ResNet,OSULeaf,75,75,1.0,0.9125214408233276,0.08747855917667235,0.7447916666666666,0.25520833333333337
ResNet,OSULeaf,75,70,1.0,0.9121951219512195,0.08780487804878045,0.743801652892562,0.25619834710743805
ResNet,OSULeaf,75,65,1.0,0.9121951219512195,0.08780487804878045,0.7266553480475382,0.2733446519524618
ResNet,OSULeaf,75,60,1.0,0.9180602006688964,0.08193979933110362,0.7198641765704584,0.2801358234295416
ResNet,OSULeaf,75,55,1.0,0.9234875444839857,0.07651245551601427,0.7284552845528456,0.2715447154471544
ResNet,OSULeaf,75,50,1.0,0.9282296650717703,0.0717703349282297,0.7371794871794872,0.2628205128205128
ResNet,OSULeaf,80,95,1.0,0.9096671949286846,0.09033280507131536,0.6773109243697479,0.32268907563025206
ResNet,OSULeaf,80,90,1.0,0.9223985890652557,0.07760141093474426,0.6771378708551483,0.3228621291448517
ResNet,OSULeaf,80,85,1.0,0.9185059422750425,0.08149405772495755,0.687603305785124,0.31239669421487604
ResNet,OSULeaf,80,80,1.0,0.9090909090909091,0.09090909090909094,0.7025641025641025,0.2974358974358975
ResNet,OSULeaf,80,75,1.0,0.8991304347826087,0.10086956521739132,0.6859504132231405,0.31404958677685946
ResNet,OSULeaf,80,70,1.0,0.9262295081967213,0.07377049180327866,0.662020905923345,0.33797909407665505
ResNet,OSULeaf,80,65,1.0,0.922165820642978,0.07783417935702197,0.6840336134453782,0.31596638655462184
ResNet,OSULeaf,80,60,1.0,0.9259259259259259,0.07407407407407407,0.6805324459234608,0.31946755407653915
ResNet,OSULeaf,80,55,1.0,0.9035087719298246,0.0964912280701754,0.6867862969004894,0.3132137030995106
ResNet,OSULeaf,80,50,1.0,0.9207119741100324,0.07928802588996764,0.6977124183006536,0.30228758169934644
ResNet,OSULeaf,85,95,1.0,0.9132569558101473,0.08674304418985268,0.7290322580645161,0.2709677419354839
ResNet,OSULeaf,85,90,1.0,0.912396694214876,0.08760330578512399,0.7271241830065359,0.2728758169934641
ResNet,OSULeaf,85,85,1.0,0.9086378737541528,0.09136212624584716,0.7335526315789473,0.26644736842105265
ResNet,OSULeaf,85,80,1.0,0.9150326797385621,0.08496732026143794,0.7174280879864636,0.2825719120135364
ResNet,OSULeaf,85,75,1.0,0.9191419141914191,0.08085808580858089,0.7185430463576159,0.2814569536423841
ResNet,OSULeaf,85,70,1.0,0.9097222222222222,0.09027777777777779,0.7343234323432343,0.2656765676567657
ResNet,OSULeaf,85,65,1.0,0.9113712374581939,0.08862876254180607,0.7281553398058253,0.27184466019417475
ResNet,OSULeaf,85,60,1.0,0.9258649093904449,0.07413509060955514,0.7162393162393162,0.28376068376068375
ResNet,OSULeaf,85,55,1.0,0.9041533546325878,0.09584664536741216,0.7558528428093646,0.2441471571906354
ResNet,OSULeaf,85,50,1.0,0.9103448275862069,0.08965517241379306,0.7369281045751634,0.26307189542483655
ResNet,OSULeaf,90,95,1.0,0.8931451612903226,0.10685483870967738,0.7200854700854701,0.2799145299145299
ResNet,OSULeaf,90,90,1.0,0.9044585987261147,0.09554140127388533,0.7276341948310139,0.2723658051689861
ResNet,OSULeaf,90,85,1.0,0.9020044543429844,0.09799554565701563,0.7398373983739838,0.26016260162601623
ResNet,OSULeaf,90,80,1.0,0.9065606361829026,0.09343936381709739,0.7241379310344828,0.27586206896551724
ResNet,OSULeaf,90,75,1.0,0.9156378600823045,0.08436213991769548,0.7309236947791165,0.26907630522088355
ResNet,OSULeaf,90,70,1.0,0.9008438818565401,0.09915611814345993,0.7192224622030238,0.28077753779697623
ResNet,OSULeaf,90,65,1.0,0.8968421052631579,0.10315789473684212,0.71900826446281,0.28099173553719003
ResNet,OSULeaf,90,60,1.0,0.9098196392785571,0.09018036072144286,0.7448979591836735,0.2551020408163265
ResNet,OSULeaf,90,55,1.0,0.9010526315789473,0.09894736842105267,0.7167019027484144,0.2832980972515856
ResNet,OSULeaf,90,50,1.0,0.8959660297239915,0.10403397027600847,0.7057569296375267,0.2942430703624733
ResNet,OSULeaf,95,95,1.0,0.8809034907597536,0.1190965092402464,0.7169042769857433,0.2830957230142567
ResNet,OSULeaf,95,90,1.0,0.8940936863543788,0.1059063136456212,0.7033707865168539,0.2966292134831461
ResNet,OSULeaf,95,85,1.0,0.8827160493827161,0.11728395061728392,0.7252066115702479,0.2747933884297521
ResNet,OSULeaf,95,80,1.0,0.9122055674518201,0.08779443254817987,0.7169811320754716,0.28301886792452835
ResNet,OSULeaf,95,75,1.0,0.8868312757201646,0.11316872427983538,0.7310924369747899,0.26890756302521013
ResNet,OSULeaf,95,70,1.0,0.8941684665226782,0.10583153347732177,0.7210743801652892,0.27892561983471076
ResNet,OSULeaf,95,65,1.0,0.8990291262135922,0.10097087378640779,0.6980728051391863,0.30192719486081365
ResNet,OSULeaf,95,60,1.0,0.8807531380753139,0.11924686192468614,0.7288135593220338,0.27118644067796616
ResNet,OSULeaf,95,55,1.0,0.8969072164948454,0.1030927835051546,0.7415966386554622,0.2584033613445378
ResNet,OSULeaf,95,50,1.0,0.893223819301848,0.10677618069815198,0.7211740041928721,0.27882599580712786
InceptionTime,OSULeaf,100,95,1.0,0.6089743589743589,0.3910256410256411,0.499009900990099,0.500990099009901
InceptionTime,OSULeaf,100,90,1.0,0.5936842105263158,0.4063157894736842,0.5189873417721519,0.4810126582278481
InceptionTime,OSULeaf,100,85,1.0,0.6024340770791075,0.39756592292089254,0.4865424430641822,0.5134575569358177
InceptionTime,OSULeaf,100,80,1.0,0.6158301158301158,0.3841698841698842,0.5155925155925156,0.4844074844074844
InceptionTime,OSULeaf,100,75,1.0,0.5967413441955194,0.4032586558044806,0.4874476987447699,0.5125523012552301
InceptionTime,OSULeaf,100,70,1.0,0.597979797979798,0.40202020202020206,0.5333333333333333,0.4666666666666667
InceptionTime,OSULeaf,100,65,1.0,0.5857740585774058,0.41422594142259417,0.5265392781316348,0.4734607218683652
InceptionTime,OSULeaf,100,60,1.0,0.615546218487395,0.384453781512605,0.5043103448275862,0.4956896551724138
InceptionTime,OSULeaf,100,55,1.0,0.5974025974025974,0.4025974025974026,0.49385245901639346,0.5061475409836065
InceptionTime,OSULeaf,100,50,1.0,0.6378269617706237,0.3621730382293763,0.5338983050847458,0.4661016949152542
InceptionTime,OSULeaf,105,95,1.0,0.5936842105263158,0.4063157894736842,0.5305719921104537,0.4694280078895463
InceptionTime,OSULeaf,105,90,1.0,0.55625,0.44375,0.5502183406113537,0.44978165938864634
InceptionTime,OSULeaf,105,85,1.0,0.5483193277310925,0.4516806722689075,0.4978813559322034,0.5021186440677966
InceptionTime,OSULeaf,105,80,1.0,0.5734406438631791,0.42655935613682094,0.55119825708061,0.44880174291939
InceptionTime,OSULeaf,105,75,1.0,0.5422680412371134,0.45773195876288664,0.51931330472103,0.48068669527897
InceptionTime,OSULeaf,105,70,1.0,0.5847107438016529,0.4152892561983471,0.5218340611353712,0.47816593886462877
InceptionTime,OSULeaf,105,65,1.0,0.5705394190871369,0.4294605809128631,0.5298804780876494,0.4701195219123506
InceptionTime,OSULeaf,105,60,1.0,0.6033057851239669,0.39669421487603307,0.5298013245033113,0.4701986754966887
InceptionTime,OSULeaf,105,55,1.0,0.564625850340136,0.435374149659864,0.5124481327800829,0.48755186721991706
InceptionTime,OSULeaf,105,50,1.0,0.5861344537815126,0.41386554621848737,0.5295315682281059,0.4704684317718941
InceptionTime,OSULeaf,10,95,1.0,0.9051705642565973,0.09482943574340275,0.674726661059714,0.325273338940286
InceptionTime,OSULeaf,10,90,1.0,0.9021951749619648,0.09780482503803523,0.6820038701354547,0.3179961298645453
InceptionTime,OSULeaf,10,85,1.0,0.906269925611052,0.09373007438894798,0.6761497326203209,0.32385026737967915
InceptionTime,OSULeaf,10,80,1.0,0.9076330981398332,0.09236690186016683,0.6758635672387573,0.3241364327612427
InceptionTime,OSULeaf,10,75,1.0,0.905790838375108,0.09420916162489201,0.6755155770074595,0.32448442299254054
InceptionTime,OSULeaf,10,70,1.0,0.903585999570539,0.09641400042946102,0.6769164140320485,0.3230835859679515
InceptionTime,OSULeaf,10,65,1.0,0.8998719043552519,0.10012809564474812,0.6800258564964448,0.31997414350355524
InceptionTime,OSULeaf,10,60,1.0,0.902475458813487,0.09752454118651299,0.6720418391806494,0.3279581608193506
InceptionTime,OSULeaf,10,55,1.0,0.9017551369863014,0.09824486301369861,0.6751455054968744,0.32485449450312565
InceptionTime,OSULeaf,10,50,1.0,0.9044788792188495,0.09552112078115049,0.6797343616109683,0.32026563838903166
InceptionTime,OSULeaf,15,95,1.0,0.9050332383665717,0.09496676163342832,0.7174185463659147,0.28258145363408527
InceptionTime,OSULeaf,15,90,1.0,0.906888958792073,0.09311104120792701,0.7162661737523105,0.2837338262476895
InceptionTime,OSULeaf,15,85,1.0,0.9065830721003135,0.09341692789968647,0.711550339715874,0.288449660284126
InceptionTime,OSULeaf,15,80,1.0,0.9057542768273716,0.09424572317262836,0.719900959455277,0.280099040544723
InceptionTime,OSULeaf,15,75,1.0,0.9154213036565978,0.0845786963434022,0.7123921085080148,0.2876078914919852
InceptionTime,OSULeaf,15,70,1.0,0.9114043355325165,0.08859566446748346,0.7109498264436731,0.2890501735563269
InceptionTime,OSULeaf,15,65,1.0,0.9094586185438706,0.09054138145612944,0.7105180533751962,0.28948194662480375
InceptionTime,OSULeaf,15,60,1.0,0.909717868338558,0.09028213166144206,0.7116035703293321,0.2883964296706679
InceptionTime,OSULeaf,15,55,1.0,0.9138888888888889,0.08611111111111114,0.7131612090680101,0.28683879093198994
InceptionTime,OSULeaf,15,50,1.0,0.906875,0.09312500000000001,0.7054432348367029,0.2945567651632971
InceptionTime,OSULeaf,20,95,1.0,0.9131321370309952,0.08686786296900484,0.737888198757764,0.262111801242236
InceptionTime,OSULeaf,20,90,1.0,0.9089000839630562,0.09109991603694378,0.7226720647773279,0.2773279352226721
InceptionTime,OSULeaf,20,85,1.0,0.9146644573322287,0.08533554266777132,0.7195660907995178,0.28043390920048217
InceptionTime,OSULeaf,20,80,1.0,0.9042464612822648,0.09575353871773518,0.723563696919234,0.27643630308076605
InceptionTime,OSULeaf,20,75,1.0,0.9070153590701536,0.09298464092984637,0.7281947261663286,0.27180527383367137
InceptionTime,OSULeaf,20,70,1.0,0.9116680361544782,0.08833196384552178,0.7299088649544325,0.2700911350455675
InceptionTime,OSULeaf,20,65,1.0,0.9049919484702094,0.09500805152979064,0.7234130255564716,0.2765869744435284
InceptionTime,OSULeaf,20,60,1.0,0.9068627450980392,0.09313725490196079,0.7270892208316512,0.2729107791683488
InceptionTime,OSULeaf,20,55,1.0,0.9037900874635568,0.09620991253644318,0.7185604528912253,0.2814395471087747
InceptionTime,OSULeaf,20,50,1.0,0.9027777777777778,0.09722222222222221,0.717443729903537,0.282556270096463
InceptionTime,OSULeaf,25,95,1.0,0.9114820435002529,0.08851795649974714,0.7249876786594381,0.27501232134056186
InceptionTime,OSULeaf,25,90,1.0,0.9005,0.09950000000000003,0.7089058524173028,0.29109414758269725
InceptionTime,OSULeaf,25,85,1.0,0.9017223910840932,0.09827760891590676,0.7187812187812188,0.2812187812187812
InceptionTime,OSULeaf,25,80,1.0,0.903096903096903,0.09690309690309695,0.717948717948718,0.28205128205128205
InceptionTime,OSULeaf,25,75,1.0,0.8984094407388404,0.10159055926115956,0.7131901840490797,0.28680981595092025
InceptionTime,OSULeaf,25,70,1.0,0.8998998998998999,0.10010010010010006,0.7142857142857143,0.2857142857142857
InceptionTime,OSULeaf,25,65,1.0,0.8953662182361734,0.10463378176382665,0.7097107438016529,0.2902892561983471
InceptionTime,OSULeaf,25,60,1.0,0.8970133882595263,0.10298661174047374,0.7332667332667333,0.2667332667332667
InceptionTime,OSULeaf,25,55,1.0,0.8974739970282318,0.10252600297176817,0.7129258517034068,0.28707414829659317
InceptionTime,OSULeaf,25,50,1.0,0.8988540109616343,0.10114598903836569,0.7239478957915831,0.27605210420841686
InceptionTime,OSULeaf,30,95,1.0,0.8930971288943189,0.10690287110568109,0.6771463119709794,0.3228536880290206
InceptionTime,OSULeaf,30,90,1.0,0.8830694275274056,0.11693057247259442,0.6914765906362546,0.30852340936374545
InceptionTime,OSULeaf,30,85,1.0,0.8868613138686131,0.11313868613138689,0.6889714993804213,0.31102850061957865
InceptionTime,OSULeaf,30,80,1.0,0.8927464352138872,0.10725356478611281,0.689592209373098,0.31040779062690205
InceptionTime,OSULeaf,30,75,1.0,0.8925518925518926,0.1074481074481074,0.6860321384425216,0.31396786155747836
InceptionTime,OSULeaf,30,70,1.0,0.8852760736196319,0.1147239263803681,0.6930632289748312,0.3069367710251688
InceptionTime,OSULeaf,30,65,1.0,0.8882750153468385,0.1117249846531615,0.6915604128718883,0.3084395871281117
InceptionTime,OSULeaf,30,60,1.0,0.8841463414634146,0.11585365853658536,0.6895573212258796,0.31044267877412035
InceptionTime,OSULeaf,30,55,1.0,0.8939759036144578,0.10602409638554222,0.7083580320094843,0.29164196799051567
InceptionTime,OSULeaf,30,50,1.0,0.9014084507042254,0.09859154929577463,0.7030593881223756,0.29694061187762444
InceptionTime,OSULeaf,35,95,1.0,0.8827338129496403,0.11726618705035974,0.6676096181046676,0.33239038189533243
InceptionTime,OSULeaf,35,90,1.0,0.8690303907380608,0.13096960926193923,0.6912798874824191,0.3087201125175809
InceptionTime,OSULeaf,35,85,1.0,0.8741007194244604,0.12589928057553956,0.6771761480466073,0.3228238519533927
InceptionTime,OSULeaf,35,80,1.0,0.8855337078651685,0.1144662921348315,0.6720733427362482,0.3279266572637518
InceptionTime,OSULeaf,35,75,1.0,0.879492600422833,0.12050739957716705,0.6786978060863411,0.3213021939136589
InceptionTime,OSULeaf,35,70,1.0,0.8745570517363572,0.12544294826364277,0.6891891891891891,0.31081081081081086
InceptionTime,OSULeaf,35,65,1.0,0.8861209964412812,0.11387900355871883,0.6741957563312799,0.3258042436687201
InceptionTime,OSULeaf,35,60,1.0,0.8721910112359551,0.1278089887640449,0.6835964310226493,0.31640356897735067
InceptionTime,OSULeaf,35,55,1.0,0.8837525492861998,0.11624745071380016,0.6694619147449337,0.33053808525506634
InceptionTime,OSULeaf,35,50,1.0,0.884404924760602,0.11559507523939805,0.6870120652945352,0.3129879347054648
InceptionTime,OSULeaf,40,95,1.0,0.873215785054576,0.12678421494542402,0.6582491582491582,0.3417508417508418
InceptionTime,OSULeaf,40,90,1.0,0.8701842546063652,0.12981574539363483,0.6527545909849749,0.3472454090150251
InceptionTime,OSULeaf,40,85,1.0,0.8704177323103154,0.12958226768968462,0.6508333333333334,0.3491666666666666
InceptionTime,OSULeaf,40,80,1.0,0.8699664429530202,0.13003355704697983,0.642504118616145,0.357495881383855
InceptionTime,OSULeaf,40,75,1.0,0.8694915254237288,0.13050847457627124,0.6553438276719138,0.3446561723280862
InceptionTime,OSULeaf,40,70,1.0,0.8774468085106383,0.12255319148936172,0.6325503355704698,0.3674496644295302
InceptionTime,OSULeaf,40,65,1.0,0.8710482529118136,0.12895174708818635,0.6420168067226891,0.3579831932773109
InceptionTime,OSULeaf,40,60,1.0,0.8636363636363636,0.13636363636363635,0.6285475792988314,0.3714524207011686
InceptionTime,OSULeaf,40,55,1.0,0.8754208754208754,0.12457912457912457,0.6493723849372385,0.3506276150627615
InceptionTime,OSULeaf,40,50,1.0,0.8704318936877077,0.12956810631229232,0.6501677852348994,0.3498322147651006
InceptionTime,OSULeaf,45,95,1.0,0.8778696051423324,0.12213039485766763,0.650137741046832,0.349862258953168
InceptionTime,OSULeaf,45,90,1.0,0.8710280373831776,0.12897196261682242,0.6421343146274149,0.3578656853725851
InceptionTime,OSULeaf,45,85,1.0,0.859035004730369,0.14096499526963102,0.6550179211469535,0.34498207885304655
InceptionTime,OSULeaf,45,80,1.0,0.8532710280373832,0.1467289719626168,0.6442220200181984,0.3557779799818016
InceptionTime,OSULeaf,45,75,1.0,0.8587257617728532,0.1412742382271468,0.6426566884939195,0.35734331150608045
InceptionTime,OSULeaf,45,70,1.0,0.8526615969581749,0.1473384030418251,0.625,0.375
InceptionTime,OSULeaf,45,65,1.0,0.858508604206501,0.141491395793499,0.6297709923664122,0.3702290076335878
InceptionTime,OSULeaf,45,60,1.0,0.8732014388489209,0.12679856115107913,0.635576923076923,0.36442307692307696
InceptionTime,OSULeaf,45,55,1.0,0.861904761904762,0.13809523809523805,0.6504217432052484,0.34957825679475163
InceptionTime,OSULeaf,45,50,1.0,0.865491651205937,0.13450834879406304,0.629182156133829,0.370817843866171
InceptionTime,OSULeaf,50,95,1.0,0.8568376068376068,0.1431623931623932,0.6290650406504065,0.37093495934959353
InceptionTime,OSULeaf,50,90,1.0,0.870899470899471,0.12910052910052905,0.6156316916488223,0.38436830835117775
InceptionTime,OSULeaf,50,85,1.0,0.8551351351351352,0.14486486486486483,0.6216505894962486,0.37834941050375137
InceptionTime,OSULeaf,50,80,1.0,0.8388473852721452,0.1611526147278548,0.6239495798319328,0.3760504201680672
InceptionTime,OSULeaf,50,75,1.0,0.8723872387238724,0.12761276127612764,0.6194871794871795,0.38051282051282054
InceptionTime,OSULeaf,50,70,1.0,0.8455026455026455,0.15449735449735447,0.64576802507837,0.35423197492163006
InceptionTime,OSULeaf,50,65,1.0,0.8512931034482759,0.1487068965517241,0.6447916666666667,0.35520833333333335
InceptionTime,OSULeaf,50,60,1.0,0.853763440860215,0.14623655913978495,0.6407766990291263,0.35922330097087374
InceptionTime,OSULeaf,50,55,1.0,0.8466522678185745,0.1533477321814255,0.6352201257861635,0.3647798742138365
InceptionTime,OSULeaf,50,50,1.0,0.8626609442060086,0.13733905579399142,0.6164529914529915,0.3835470085470085
InceptionTime,OSULeaf,55,95,1.0,0.8769987699876999,0.12300123001230012,0.6170703575547867,0.3829296424452133
InceptionTime,OSULeaf,55,90,1.0,0.8646706586826347,0.1353293413173653,0.6165501165501166,0.3834498834498834
InceptionTime,OSULeaf,55,85,1.0,0.88,0.12,0.6150178784266984,0.3849821215733016
InceptionTime,OSULeaf,55,80,1.0,0.8548780487804878,0.1451219512195122,0.5947302383939774,0.40526976160602257
InceptionTime,OSULeaf,55,75,1.0,0.8623188405797102,0.1376811594202898,0.6119760479041916,0.3880239520958084
InceptionTime,OSULeaf,55,70,1.0,0.8677884615384616,0.13221153846153844,0.6120481927710844,0.38795180722891565
InceptionTime,OSULeaf,55,65,1.0,0.8599269183922046,0.1400730816077954,0.5961768219832736,0.4038231780167264
InceptionTime,OSULeaf,55,60,1.0,0.8639125151883353,0.13608748481166466,0.6262019230769231,0.37379807692307687
InceptionTime,OSULeaf,55,55,1.0,0.8680800942285041,0.13191990577149593,0.6065192083818394,0.39348079161816063
InceptionTime,OSULeaf,55,50,1.0,0.8610451306413301,0.13895486935866985,0.6137184115523465,0.3862815884476535
InceptionTime,OSULeaf,5,95,1.0,0.9068258199096071,0.09317418009039291,0.656578791819364,0.34342120818063604
InceptionTime,OSULeaf,5,90,1.0,0.9118163719405082,0.08818362805949176,0.661144578313253,0.338855421686747
InceptionTime,OSULeaf,5,85,1.0,0.9105681552490064,0.08943184475099364,0.6550510383667723,0.34494896163322775
InceptionTime,OSULeaf,5,80,1.0,0.9104164236556631,0.08958357634433689,0.6547058823529411,0.34529411764705886
InceptionTime,OSULeaf,5,75,1.0,0.9059254013220018,0.09407459867799817,0.6622500887258961,0.3377499112741039
InceptionTime,OSULeaf,5,70,1.0,0.9096609382257316,0.09033906177426843,0.6623067776456599,0.3376932223543401
InceptionTime,OSULeaf,5,65,1.0,0.907185983189298,0.092814016810702,0.6584298888626152,0.3415701111373848
InceptionTime,OSULeaf,5,60,1.0,0.9056887961997451,0.09431120380025493,0.6649817797108264,0.3350182202891736
InceptionTime,OSULeaf,5,55,1.0,0.9084936649460347,0.09150633505396533,0.6590532544378698,0.3409467455621302
InceptionTime,OSULeaf,5,50,1.0,0.9072824156305507,0.09271758436944932,0.6642139686989021,0.33578603130109785
InceptionTime,OSULeaf,60,95,1.0,0.8627906976744186,0.13720930232558137,0.641086186540732,0.358913813459268
InceptionTime,OSULeaf,60,90,1.0,0.8529062870699882,0.14709371293001183,0.6402966625463535,0.35970333745364647
InceptionTime,OSULeaf,60,85,1.0,0.8445229681978799,0.15547703180212014,0.6350540216086434,0.36494597839135656
InceptionTime,OSULeaf,60,80,1.0,0.8543451652386781,0.1456548347613219,0.5978128797083839,0.4021871202916161
InceptionTime,OSULeaf,60,75,1.0,0.8383233532934131,0.16167664670658688,0.6083231334149327,0.3916768665850673
InceptionTime,OSULeaf,60,70,1.0,0.8583850931677018,0.14161490683229816,0.6232961586121437,0.3767038413878563
InceptionTime,OSULeaf,60,65,1.0,0.8646441073512252,0.1353558926487748,0.6068075117370892,0.39319248826291076
InceptionTime,OSULeaf,60,60,1.0,0.8514150943396226,0.1485849056603774,0.6018735362997658,0.3981264637002342
InceptionTime,OSULeaf,60,55,1.0,0.8598351001177856,0.14016489988221437,0.6182857142857143,0.3817142857142857
InceptionTime,OSULeaf,60,50,1.0,0.865546218487395,0.134453781512605,0.6102683780630105,0.3897316219369895
InceptionTime,OSULeaf,65,95,1.0,0.8664731494920174,0.13352685050798263,0.5834502103786816,0.4165497896213184
InceptionTime,OSULeaf,65,90,1.0,0.8440860215053764,0.15591397849462363,0.5977337110481586,0.40226628895184136
InceptionTime,OSULeaf,65,85,1.0,0.853887399463807,0.14611260053619302,0.6,0.4
InceptionTime,OSULeaf,65,80,1.0,0.8624113475177305,0.13758865248226948,0.594222833562586,0.405777166437414
InceptionTime,OSULeaf,65,75,1.0,0.8503597122302158,0.14964028776978422,0.5960729312762973,0.40392706872370265
InceptionTime,OSULeaf,65,70,1.0,0.8536585365853658,0.14634146341463417,0.5698324022346368,0.4301675977653632
InceptionTime,OSULeaf,65,65,1.0,0.8388814913448736,0.16111850865512645,0.5969738651994498,0.40302613480055016
InceptionTime,OSULeaf,65,60,1.0,0.8625525946704067,0.13744740532959332,0.6256906077348067,0.37430939226519333
InceptionTime,OSULeaf,65,55,1.0,0.8669410150891632,0.1330589849108368,0.6085714285714285,0.39142857142857146
InceptionTime,OSULeaf,65,50,1.0,0.8567454798331016,0.14325452016689844,0.5895196506550219,0.4104803493449781
InceptionTime,OSULeaf,70,95,1.0,0.8118668596237337,0.18813314037626627,0.577683615819209,0.422316384180791
InceptionTime,OSULeaf,70,90,1.0,0.7866847826086957,0.21331521739130432,0.6444444444444445,0.3555555555555555
InceptionTime,OSULeaf,70,85,1.0,0.8146551724137931,0.18534482758620685,0.6519886363636364,0.34801136363636365
InceptionTime,OSULeaf,70,80,1.0,0.8110014104372355,0.1889985895627645,0.6002824858757062,0.3997175141242938
InceptionTime,OSULeaf,70,75,1.0,0.7997237569060773,0.20027624309392267,0.6332863187588152,0.36671368124118475
InceptionTime,OSULeaf,70,70,1.0,0.7919655667144907,0.2080344332855093,0.6141078838174274,0.3858921161825726
InceptionTime,OSULeaf,70,65,1.0,0.8326585695006747,0.16734143049932526,0.6215083798882681,0.3784916201117319
InceptionTime,OSULeaf,70,60,1.0,0.7989203778677463,0.20107962213225372,0.6134800550206327,0.38651994497936726
InceptionTime,OSULeaf,70,55,1.0,0.7878378378378378,0.21216216216216222,0.6,0.4
InceptionTime,OSULeaf,70,50,1.0,0.8146551724137931,0.18534482758620685,0.625,0.375
InceptionTime,OSULeaf,75,95,1.0,0.7993311036789298,0.2006688963210702,0.588034188034188,0.41196581196581195
InceptionTime,OSULeaf,75,90,1.0,0.7953736654804271,0.2046263345195729,0.5818476499189628,0.41815235008103724
InceptionTime,OSULeaf,75,85,1.0,0.7889273356401384,0.2110726643598616,0.5837479270315091,0.41625207296849087
InceptionTime,OSULeaf,75,80,1.0,0.7935702199661591,0.20642978003384094,0.5831932773109244,0.4168067226890756
InceptionTime,OSULeaf,75,75,1.0,0.7982758620689655,0.2017241379310345,0.5836298932384342,0.41637010676156583
InceptionTime,OSULeaf,75,70,1.0,0.7955326460481099,0.20446735395189009,0.5909878682842288,0.4090121317157712
InceptionTime,OSULeaf,75,65,1.0,0.788235294117647,0.21176470588235297,0.5716753022452504,0.4283246977547496
InceptionTime,OSULeaf,75,60,1.0,0.802675585284281,0.19732441471571904,0.5739837398373984,0.42601626016260163
InceptionTime,OSULeaf,75,55,1.0,0.7898089171974523,0.21019108280254772,0.580906148867314,0.41909385113268605
InceptionTime,OSULeaf,75,50,1.0,0.784688995215311,0.215311004784689,0.5868465430016864,0.41315345699831363
InceptionTime,OSULeaf,80,95,1.0,0.7715231788079471,0.22847682119205293,0.5669934640522876,0.43300653594771243
InceptionTime,OSULeaf,80,90,1.0,0.7722772277227723,0.2277227722772277,0.5635792778649922,0.4364207221350078
InceptionTime,OSULeaf,80,85,1.0,0.8047138047138047,0.19528619528619529,0.5709515859766278,0.42904841402337224
InceptionTime,OSULeaf,80,80,1.0,0.7854785478547854,0.21452145214521456,0.5893470790378007,0.4106529209621993
InceptionTime,OSULeaf,80,75,1.0,0.7552674230145867,0.24473257698541329,0.5570698466780238,0.44293015332197616
InceptionTime,OSULeaf,80,70,1.0,0.7692307692307693,0.23076923076923073,0.5746140651801029,0.42538593481989706
InceptionTime,OSULeaf,80,65,1.0,0.771004942339374,0.228995057660626,0.5697278911564626,0.4302721088435374
InceptionTime,OSULeaf,80,60,1.0,0.7792869269949066,0.22071307300509335,0.5581787521079258,0.4418212478920742
InceptionTime,OSULeaf,80,55,1.0,0.7621440536013401,0.23785594639865992,0.5620805369127517,0.4379194630872483
InceptionTime,OSULeaf,80,50,1.0,0.7679180887372014,0.23208191126279865,0.576,0.42400000000000004
InceptionTime,OSULeaf,85,95,1.0,0.7287581699346405,0.2712418300653595,0.5598650927487352,0.4401349072512648
InceptionTime,OSULeaf,85,90,1.0,0.71900826446281,0.28099173553719003,0.5739130434782609,0.4260869565217391
InceptionTime,OSULeaf,85,85,1.0,0.726984126984127,0.27301587301587305,0.5707317073170731,0.4292682926829269
InceptionTime,OSULeaf,85,80,1.0,0.7173553719008264,0.28264462809917357,0.5767284991568297,0.42327150084317033
InceptionTime,OSULeaf,85,75,1.0,0.6947723440134908,0.30522765598650925,0.5930807248764415,0.4069192751235585
InceptionTime,OSULeaf,85,70,1.0,0.7333333333333333,0.2666666666666667,0.5941080196399345,0.40589198036006546
InceptionTime,OSULeaf,85,65,1.0,0.7157534246575342,0.2842465753424658,0.571912013536379,0.428087986463621
InceptionTime,OSULeaf,85,60,1.0,0.7030716723549488,0.29692832764505117,0.5789473684210527,0.42105263157894735
InceptionTime,OSULeaf,85,55,1.0,0.7230769230769231,0.27692307692307694,0.5822147651006712,0.41778523489932884
InceptionTime,OSULeaf,85,50,1.0,0.7371900826446282,0.26280991735537185,0.5613718411552346,0.43862815884476536
InceptionTime,OSULeaf,90,95,1.0,0.6706349206349206,0.3293650793650794,0.545054945054945,0.454945054945055
InceptionTime,OSULeaf,90,90,1.0,0.6673346693386774,0.33266533066132264,0.5254237288135594,0.47457627118644063
InceptionTime,OSULeaf,90,85,1.0,0.6407563025210085,0.35924369747899154,0.5622406639004149,0.43775933609958506
InceptionTime,OSULeaf,90,80,1.0,0.6638830897703549,0.33611691022964507,0.5829694323144105,0.41703056768558955
InceptionTime,OSULeaf,90,75,1.0,0.6600441501103753,0.3399558498896247,0.5626373626373626,0.43736263736263736
InceptionTime,OSULeaf,90,70,1.0,0.6363636363636364,0.36363636363636365,0.5517241379310345,0.4482758620689655
InceptionTime,OSULeaf,90,65,1.0,0.6620278330019881,0.3379721669980119,0.5362318840579711,0.46376811594202894
InceptionTime,OSULeaf,90,60,1.0,0.6584867075664622,0.3415132924335378,0.5544747081712063,0.44552529182879375
InceptionTime,OSULeaf,90,55,1.0,0.6739562624254473,0.32604373757455274,0.5479166666666667,0.4520833333333333
InceptionTime,OSULeaf,90,50,1.0,0.6798336798336798,0.3201663201663202,0.5649606299212598,0.43503937007874016
InceptionTime,OSULeaf,95,95,1.0,0.6354581673306773,0.3645418326693227,0.5403050108932462,0.45969498910675377
InceptionTime,OSULeaf,95,90,1.0,0.648936170212766,0.35106382978723405,0.4968553459119497,0.5031446540880503
InceptionTime,OSULeaf,95,85,1.0,0.6446280991735537,0.3553719008264463,0.5257142857142857,0.4742857142857143
InceptionTime,OSULeaf,95,80,1.0,0.6551724137931034,0.3448275862068966,0.5127701375245579,0.4872298624754421
InceptionTime,OSULeaf,95,75,1.0,0.6440329218106996,0.3559670781893004,0.5439330543933054,0.4560669456066946
InceptionTime,OSULeaf,95,70,1.0,0.6341948310139165,0.3658051689860835,0.5454545454545454,0.4545454545454546
InceptionTime,OSULeaf,95,65,1.0,0.6570155902004454,0.3429844097995546,0.5327510917030568,0.4672489082969432
InceptionTime,OSULeaf,95,60,1.0,0.6522633744855967,0.3477366255144033,0.5246913580246914,0.47530864197530864
InceptionTime,OSULeaf,95,55,1.0,0.6421267893660532,0.35787321063394684,0.5370370370370371,0.4629629629629629
InceptionTime,OSULeaf,95,50,1.0,0.6359918200408998,0.3640081799591002,0.5074309978768577,0.49256900212314225
