classifier,dataset,interpolation,batch_size,threshold,acc_base,acc_zero_tp,change_zero_tp,acc_inve_tp,change_inve_tp
MLP,OSULeaf,fourier,100,95,0.9449999928474426,0.5129107981220657,0.4320891947253769,0.2805164319248826,0.66448356092256
MLP,OSULeaf,fourier,100,90,0.9449999928474426,0.5252613240418118,0.4197386688056308,0.2970383275261324,0.6479616653213103
MLP,OSULeaf,fourier,100,85,0.9449999928474426,0.520066889632107,0.4249331032153356,0.3060200668896321,0.6389799259578105
MLP,OSULeaf,fourier,100,80,0.9449999928474426,0.5195996663886572,0.42540032645878545,0.30692243536280234,0.6380775574846402
MLP,OSULeaf,fourier,100,75,0.9449999928474426,0.5191666666666667,0.42583332618077596,0.30666666666666664,0.638333326180776
MLP,OSULeaf,fourier,100,70,0.9449999928474426,0.5191666666666667,0.42583332618077596,0.30666666666666664,0.638333326180776
MLP,OSULeaf,fourier,100,65,0.9449999928474426,0.5191666666666667,0.42583332618077596,0.30666666666666664,0.638333326180776
MLP,OSULeaf,fourier,100,60,0.9449999928474426,0.5191666666666667,0.42583332618077596,0.30666666666666664,0.638333326180776
MLP,OSULeaf,fourier,100,55,0.9449999928474426,0.5191666666666667,0.42583332618077596,0.30666666666666664,0.638333326180776
MLP,OSULeaf,fourier,100,50,0.9449999928474426,0.5191666666666667,0.42583332618077596,0.30666666666666664,0.638333326180776
MLP,OSULeaf,linear,100,95,0.9449999928474426,0.5236406619385343,0.4213593309089083,0.2765957446808511,0.6684042481665915
MLP,OSULeaf,linear,100,90,0.9449999928474426,0.5226480836236934,0.4223519092237492,0.29965156794425085,0.6453484249031918
MLP,OSULeaf,linear,100,85,0.9449999928474426,0.5217755443886097,0.4232244484588329,0.3065326633165829,0.6384673295308597
MLP,OSULeaf,linear,100,80,0.9449999928474426,0.5195996663886572,0.42540032645878545,0.30692243536280234,0.6380775574846402
MLP,OSULeaf,linear,100,75,0.9449999928474426,0.5191666666666667,0.42583332618077596,0.30666666666666664,0.638333326180776
MLP,OSULeaf,linear,100,70,0.9449999928474426,0.5191666666666667,0.42583332618077596,0.30666666666666664,0.638333326180776
MLP,OSULeaf,linear,100,65,0.9449999928474426,0.5191666666666667,0.42583332618077596,0.30666666666666664,0.638333326180776
MLP,OSULeaf,linear,100,60,0.9449999928474426,0.5191666666666667,0.42583332618077596,0.30666666666666664,0.638333326180776
MLP,OSULeaf,linear,100,55,0.9449999928474426,0.5191666666666667,0.42583332618077596,0.30666666666666664,0.638333326180776
MLP,OSULeaf,linear,100,50,0.9449999928474426,0.5191666666666667,0.42583332618077596,0.30666666666666664,0.638333326180776
MLP,OSULeaf,fourier,105,95,0.9449999928474426,0.48267008985879334,0.4623299029886493,0.2888318356867779,0.6561681571606648
MLP,OSULeaf,fourier,105,90,0.9449999928474426,0.5100286532951289,0.4349713395523137,0.30945558739255014,0.6355444054548924
MLP,OSULeaf,fourier,105,85,0.9449999928474426,0.5178727114210985,0.42712728142634415,0.31386224934612034,0.6311377435013223
MLP,OSULeaf,fourier,105,80,0.9449999928474426,0.5173288250211328,0.4276711678263099,0.31107354184277264,0.63392645100467
MLP,OSULeaf,fourier,105,75,0.9449999928474426,0.5146689019279128,0.4303310909195298,0.3101424979044426,0.634857494943
MLP,OSULeaf,fourier,105,70,0.9449999928474426,0.5125,0.43249999284744267,0.30833333333333335,0.6366666595141093
MLP,OSULeaf,fourier,105,65,0.9449999928474426,0.5125,0.43249999284744267,0.30833333333333335,0.6366666595141093
MLP,OSULeaf,fourier,105,60,0.9449999928474426,0.5125,0.43249999284744267,0.30833333333333335,0.6366666595141093
MLP,OSULeaf,fourier,105,55,0.9449999928474426,0.5125,0.43249999284744267,0.30833333333333335,0.6366666595141093
MLP,OSULeaf,fourier,105,50,0.9449999928474426,0.5125,0.43249999284744267,0.30833333333333335,0.6366666595141093
MLP,OSULeaf,linear,105,95,0.9449999928474426,0.5006195786864932,0.4443804141609494,0.28872366790582404,0.6562763249416186
MLP,OSULeaf,linear,105,90,0.9449999928474426,0.5205104831358249,0.4244895097116177,0.3072014585232452,0.6377985343241974
MLP,OSULeaf,linear,105,85,0.9449999928474426,0.5218884120171674,0.4231115808302752,0.3133047210300429,0.6316952718173997
MLP,OSULeaf,linear,105,80,0.9449999928474426,0.5190839694656488,0.4259160233817938,0.3112807463952502,0.6337192464521924
MLP,OSULeaf,linear,105,75,0.9449999928474426,0.5155331654072208,0.4294668274402218,0.31066330814441645,0.6343366847030262
MLP,OSULeaf,linear,105,70,0.9449999928474426,0.5129274395329442,0.43207255331449845,0.3085904920767306,0.636409500770712
MLP,OSULeaf,linear,105,65,0.9449999928474426,0.5125,0.43249999284744267,0.30833333333333335,0.6366666595141093
MLP,OSULeaf,linear,105,60,0.9449999928474426,0.5125,0.43249999284744267,0.30833333333333335,0.6366666595141093
MLP,OSULeaf,linear,105,55,0.9449999928474426,0.5125,0.43249999284744267,0.30833333333333335,0.6366666595141093
MLP,OSULeaf,linear,105,50,0.9449999928474426,0.5125,0.43249999284744267,0.30833333333333335,0.6366666595141093
MLP,OSULeaf,fourier,10,95,0.9449999928474426,0.5703275529865125,0.37467243986093013,0.4913294797687861,0.4536705130786565
MLP,OSULeaf,fourier,10,90,0.9449999928474426,0.6075013206550449,0.3374986721923977,0.5388272583201268,0.40617273452731584
MLP,OSULeaf,fourier,10,85,0.9449999928474426,0.6185010128291695,0.32649898001827315,0.5631330182309251,0.38186697461651753
MLP,OSULeaf,fourier,10,80,0.9449999928474426,0.6206398845321145,0.32436010831532813,0.571566033197017,0.3734339596504256
MLP,OSULeaf,fourier,10,75,0.9449999928474426,0.6164666166541636,0.32853337619327905,0.5720180045011253,0.37298198834631735
MLP,OSULeaf,fourier,10,70,0.9449999928474426,0.605649188514357,0.3393508043330856,0.5656991260923845,0.37930086675505814
MLP,OSULeaf,fourier,10,65,0.9449999928474426,0.5967586869935448,0.3482413058538978,0.5609119626424942,0.3840880302049484
MLP,OSULeaf,fourier,10,60,0.9449999928474426,0.5875249003984063,0.3574750924490363,0.5542828685258964,0.39071712432154626
MLP,OSULeaf,fourier,10,55,0.9449999928474426,0.5759560285346743,0.3690439643127683,0.5457841188165127,0.39921587403092995
MLP,OSULeaf,fourier,10,50,0.9449999928474426,0.5678929013387333,0.37710709150870936,0.5390932613342333,0.40590673151320933
MLP,OSULeaf,linear,10,95,0.9449999928474426,0.5693135935397039,0.3756863993077387,0.5121130551816958,0.4328869376657468
MLP,OSULeaf,linear,10,90,0.9449999928474426,0.6085396483674201,0.3364603444800225,0.5479009687836384,0.39709902406380426
MLP,OSULeaf,linear,10,85,0.9449999928474426,0.6247283264911857,0.3202716663562569,0.5740159381791837,0.3709840546682589
MLP,OSULeaf,linear,10,80,0.9449999928474426,0.6220472440944882,0.32295274875295443,0.5810291155466032,0.36397087730083943
MLP,OSULeaf,linear,10,75,0.9449999928474426,0.6170790585395293,0.32792093430791336,0.5786059143029572,0.36639407854448547
MLP,OSULeaf,linear,10,70,0.9449999928474426,0.6068812140240711,0.3381187788233715,0.5711669283097854,0.3738330645376572
MLP,OSULeaf,linear,10,65,0.9449999928474426,0.5929406095651126,0.35205938328233,0.5607758101433562,0.3842241827040864
MLP,OSULeaf,linear,10,60,0.9449999928474426,0.5779637697775739,0.3670362230698687,0.5482687457005274,0.3967312471469152
MLP,OSULeaf,linear,10,55,0.9449999928474426,0.5661674986134221,0.37883249423402054,0.5387687188019967,0.4062312740454459
MLP,OSULeaf,linear,10,50,0.9449999928474426,0.5583215566909446,0.386678436156498,0.532340471790412,0.41265952105703063
MLP,OSULeaf,fourier,15,95,0.9449999928474426,0.5231316725978647,0.4218683202495779,0.37544483985765126,0.5695551529897913
MLP,OSULeaf,fourier,15,90,0.9449999928474426,0.567703952901598,0.3772960399458446,0.44070647603027757,0.504293516817165
MLP,OSULeaf,fourier,15,85,0.9449999928474426,0.5916708989334688,0.3533290939139738,0.48755713560182834,0.4574428572456143
MLP,OSULeaf,fourier,15,80,0.9449999928474426,0.5982578397212543,0.3467421531261883,0.5087108013937283,0.43628919145371436
MLP,OSULeaf,fourier,15,75,0.9449999928474426,0.6026998411858125,0.3423001516616301,0.5203811540497618,0.4246188387976808
MLP,OSULeaf,fourier,15,70,0.9449999928474426,0.5950681375730046,0.34993185527443804,0.5210902011680727,0.42390979167936993
MLP,OSULeaf,fourier,15,65,0.9449999928474426,0.5833644859813084,0.3616355068661342,0.5158878504672897,0.42911214238015294
MLP,OSULeaf,fourier,15,60,0.9449999928474426,0.5756482912588013,0.3693517015886413,0.5138244890949683,0.4311755037524744
MLP,OSULeaf,fourier,15,55,0.9449999928474426,0.5637813211845103,0.38121867166293233,0.508623494956069,0.43637649789137367
MLP,OSULeaf,fourier,15,50,0.9449999928474426,0.555748853392377,0.3892511394550656,0.5027676735726712,0.44223231927477147
MLP,OSULeaf,linear,15,95,0.9449999928474426,0.538647342995169,0.4063526498522736,0.4190821256038647,0.5259178672435779
MLP,OSULeaf,linear,15,90,0.9449999928474426,0.5869688385269122,0.35803115432053045,0.47988668555240793,0.4651133072950347
MLP,OSULeaf,linear,15,85,0.9449999928474426,0.6117443868739205,0.3332556059735221,0.5208981001727115,0.4241018926747311
MLP,OSULeaf,linear,15,80,0.9449999928474426,0.6065244667503137,0.33847552609712894,0.5284818067754078,0.41651818607203484
MLP,OSULeaf,linear,15,75,0.9449999928474426,0.5986116782360147,0.34638831461142794,0.5296039199673336,0.41539607288010905
MLP,OSULeaf,linear,15,70,0.9449999928474426,0.5845713262931806,0.360428666554262,0.5212099516735278,0.42379004117391483
MLP,OSULeaf,linear,15,65,0.9449999928474426,0.5694904037061549,0.37550958914128774,0.5107544672402382,0.4342455256072044
MLP,OSULeaf,linear,15,60,0.9449999928474426,0.558239313522962,0.38676067932448066,0.5046877482917528,0.44031224455568985
MLP,OSULeaf,linear,15,55,0.9449999928474426,0.5501864512119329,0.39481354163550975,0.4990677439403356,0.44593224890710703
MLP,OSULeaf,linear,15,50,0.9449999928474426,0.5455524776854417,0.39944751516200094,0.49599876885195443,0.4490012239954882
MLP,OSULeaf,fourier,20,95,0.9449999928474426,0.5037878787878788,0.44121211405956384,0.3541666666666667,0.5908333261807759
MLP,OSULeaf,fourier,20,90,0.9449999928474426,0.5479041916167665,0.3970958012306761,0.3972055888223553,0.5477944040250873
MLP,OSULeaf,fourier,20,85,0.9449999928474426,0.5748259860788864,0.3701740067685563,0.4396751740139211,0.5053248188335215
MLP,OSULeaf,fourier,20,80,0.9449999928474426,0.5960159362549801,0.34898405659246257,0.4784860557768924,0.4665139370705502
MLP,OSULeaf,fourier,20,75,0.9449999928474426,0.5906626506024096,0.354337342245033,0.49337349397590363,0.451626498871539
MLP,OSULeaf,fourier,20,70,0.9449999928474426,0.5736724008975318,0.37132759194991083,0.4886561954624782,0.45634379738496444
MLP,OSULeaf,fourier,20,65,0.9449999928474426,0.5625847266154541,0.3824152662319885,0.48328061455038407,0.46171937829705856
MLP,OSULeaf,fourier,20,60,0.9449999928474426,0.5537747785744411,0.3912252142730015,0.4801771404470688,0.46482285240037385
MLP,OSULeaf,fourier,20,55,0.9449999928474426,0.5480572597137015,0.3969427331337412,0.47730061349693254,0.4676993793505101
MLP,OSULeaf,fourier,20,50,0.9449999928474426,0.5410986367281475,0.4039013561192951,0.47333600641539697,0.47166398643204566
MLP,OSULeaf,linear,20,95,0.9449999928474426,0.5174050632911392,0.4275949295563034,0.3670886075949367,0.577911385252506
MLP,OSULeaf,linear,20,90,0.9449999928474426,0.5804145818441744,0.36458541100326824,0.4610436025732666,0.48395639027417603
MLP,OSULeaf,linear,20,85,0.9449999928474426,0.5941666666666666,0.350833326180776,0.48791666666666667,0.45708332618077596
MLP,OSULeaf,linear,20,80,0.9449999928474426,0.5980541197932502,0.34694587305419244,0.5041045910611128,0.4408954017863298
MLP,OSULeaf,linear,20,75,0.9449999928474426,0.5821986888552698,0.3628013039921728,0.494452849218356,0.4505471436290866
MLP,OSULeaf,linear,20,70,0.9449999928474426,0.5657661647475642,0.3792338280998784,0.48560673162090345,0.4593932612265392
MLP,OSULeaf,linear,20,65,0.9449999928474426,0.5534081463009144,0.39159184654652823,0.4790108063175395,0.4659891865299031
MLP,OSULeaf,linear,20,60,0.9449999928474426,0.5452708164915118,0.39972917635593086,0.4747372675828618,0.47026272526458085
MLP,OSULeaf,linear,20,55,0.9449999928474426,0.5400717703349283,0.40492822251251437,0.4730861244019139,0.47191386844552874
MLP,OSULeaf,linear,20,50,0.9449999928474426,0.5369233815086122,0.40807661133883044,0.47119382300534546,0.47380616984209717
MLP,OSULeaf,fourier,25,95,0.9449999928474426,0.454,0.4909999928474426,0.346,0.5989999928474427
MLP,OSULeaf,fourier,25,90,0.9449999928474426,0.5280665280665281,0.41693346478091453,0.3877338877338877,0.5572661051135549
MLP,OSULeaf,fourier,25,85,0.9449999928474426,0.5709914320685434,0.3740085607788992,0.4375764993880049,0.5074234934594377
MLP,OSULeaf,fourier,25,80,0.9449999928474426,0.5795694385816801,0.36543055426576254,0.4622203461376108,0.4827796467098318
MLP,OSULeaf,fourier,25,75,0.9449999928474426,0.5703751202308432,0.3746248726165994,0.4648925937800577,0.4801073990673849
MLP,OSULeaf,fourier,25,70,0.9449999928474426,0.5614227086183311,0.3835772842291115,0.4642954856361149,0.48070450721132774
MLP,OSULeaf,fourier,25,65,0.9449999928474426,0.5510670731707317,0.39393291967671096,0.460619918699187,0.4843800741482556
MLP,OSULeaf,fourier,25,60,0.9449999928474426,0.5438898450946644,0.4011101477527782,0.45856896975657735,0.4864310230908653
MLP,OSULeaf,fourier,25,55,0.9449999928474426,0.5368090755491189,0.4081909172983237,0.45522568187303886,0.48977431097440377
MLP,OSULeaf,fourier,25,50,0.9449999928474426,0.5353632222488612,0.4096367705985814,0.45456725005993764,0.490432742787505
MLP,OSULeaf,linear,25,95,0.9449999928474426,0.4984126984126984,0.4465872944347442,0.36984126984126986,0.5751587230061728
MLP,OSULeaf,linear,25,90,0.9449999928474426,0.574033552151714,0.3709664406957286,0.4427425237053246,0.502257469142118
MLP,OSULeaf,linear,25,85,0.9449999928474426,0.5839964633068081,0.3610035295406345,0.46816976127320953,0.4768302315742331
MLP,OSULeaf,linear,25,80,0.9449999928474426,0.5859349326322708,0.3590650602151718,0.47420308905685177,0.47079690379059086
MLP,OSULeaf,linear,25,75,0.9449999928474426,0.5701219512195121,0.3748780416279305,0.46895787139689576,0.47604212145054686
MLP,OSULeaf,linear,25,70,0.9449999928474426,0.5554985901051013,0.38950140274234135,0.4624455267880031,0.4825544660594395
MLP,OSULeaf,linear,25,65,0.9449999928474426,0.5437346437346438,0.4012653491127989,0.45921375921375923,0.4857862336336834
MLP,OSULeaf,linear,25,60,0.9449999928474426,0.5394482090997096,0.40555178374773304,0.45619554695062925,0.4888044458968134
MLP,OSULeaf,linear,25,55,0.9449999928474426,0.5360824742268041,0.4089175186206385,0.454087748741309,0.4909122441061336
MLP,OSULeaf,linear,25,50,0.9449999928474426,0.5343675417661098,0.41063245108133284,0.45369928400954657,0.49130070883789606
MLP,OSULeaf,fourier,30,95,0.9449999928474426,0.42359767891682787,0.5214023139306148,0.29593810444874274,0.6490618883986998
MLP,OSULeaf,fourier,30,90,0.9449999928474426,0.5096241979835013,0.4353757948639413,0.3565536205316224,0.5884463723158202
MLP,OSULeaf,fourier,30,85,0.9449999928474426,0.5343000557724484,0.4106999370749942,0.3909648633575014,0.5540351294899413
MLP,OSULeaf,fourier,30,80,0.9449999928474426,0.5516282764098491,0.3933717164375935,0.41898332009531375,0.5260166727521289
MLP,OSULeaf,fourier,30,75,0.9449999928474426,0.5519501802687643,0.3930498125786783,0.43198951163552934,0.5130104812119133
MLP,OSULeaf,fourier,30,70,0.9449999928474426,0.5464414957780458,0.39855849706939683,0.4333534378769602,0.5116465549704825
MLP,OSULeaf,fourier,30,65,0.9449999928474426,0.5380813953488373,0.40691859749860537,0.43343023255813956,0.511569760289303
MLP,OSULeaf,fourier,30,60,0.9449999928474426,0.5351304846572985,0.4098695081901441,0.4338973329509607,0.5111026598964818
MLP,OSULeaf,fourier,30,55,0.9449999928474426,0.5333713633770679,0.4116286294703747,0.4338277239018825,0.5111722689455601
MLP,OSULeaf,fourier,30,50,0.9449999928474426,0.5327262379055208,0.41227375494192187,0.4334092202618099,0.5115907725856328
MLP,OSULeaf,linear,30,95,0.9449999928474426,0.4975124378109453,0.44748755503649734,0.35655058043117743,0.5884494124162651
MLP,OSULeaf,linear,30,90,0.9449999928474426,0.5640465793304221,0.3809534135170205,0.4163027656477438,0.5286972271996988
MLP,OSULeaf,linear,30,85,0.9449999928474426,0.5740740740740741,0.37092591877336856,0.43179765130984643,0.5132023415375961
MLP,OSULeaf,linear,30,80,0.9449999928474426,0.5674157303370787,0.3775842625103639,0.44206460674157305,0.5029353861058696
MLP,OSULeaf,linear,30,75,0.9449999928474426,0.5525255655407499,0.3924744273066927,0.4378679888441277,0.5071320040033149
MLP,OSULeaf,linear,30,70,0.9449999928474426,0.544595392793857,0.4004046000535856,0.43679858239810987,0.5082014104493328
MLP,OSULeaf,linear,30,65,0.9449999928474426,0.53841709994223,0.40658289290521266,0.4352975158867706,0.509702476960672
MLP,OSULeaf,linear,30,60,0.9449999928474426,0.5345714285714286,0.41042856427601404,0.43342857142857144,0.5115714214188711
MLP,OSULeaf,linear,30,55,0.9449999928474426,0.5330296127562643,0.41197038009117837,0.4328018223234624,0.5121981705239802
MLP,OSULeaf,linear,30,50,0.9449999928474426,0.532084043157297,0.41291594969014567,0.4335604770017036,0.511439515845739
MLP,OSULeaf,fourier,35,95,0.9449999928474426,0.50814332247557,0.4368566703718726,0.3713355048859935,0.5736644879614492
MLP,OSULeaf,fourier,35,90,0.9449999928474426,0.5546088303640588,0.3903911624833838,0.4113090627420604,0.5336909301053823
MLP,OSULeaf,fourier,35,85,0.9449999928474426,0.5557768924302788,0.3892231004171638,0.41782868525896416,0.5271713075884785
MLP,OSULeaf,fourier,35,80,0.9449999928474426,0.55203798971112,0.3929620031363227,0.4289671547289276,0.5160328381185151
MLP,OSULeaf,fourier,35,75,0.9449999928474426,0.5463517800493479,0.3986482127980947,0.4268593584772647,0.518140634370178
MLP,OSULeaf,fourier,35,70,0.9449999928474426,0.539986559139785,0.40501343370765763,0.4237231182795699,0.5212768745678727
MLP,OSULeaf,fourier,35,65,0.9449999928474426,0.5343915343915344,0.4106084584559082,0.4209656084656085,0.5240343843818341
MLP,OSULeaf,fourier,35,60,0.9449999928474426,0.5324590163934426,0.412540976454,0.42032786885245904,0.5246721239949836
MLP,OSULeaf,fourier,35,55,0.9449999928474426,0.5315462569467146,0.413453735900728,0.41974501471068976,0.5252549781367528
MLP,OSULeaf,fourier,35,50,0.9449999928474426,0.5308319738988581,0.41416801894858457,0.4199021207177814,0.5250978721296613
MLP,OSULeaf,linear,35,95,0.9449999928474426,0.5084485407066052,0.43655145214083746,0.3717357910906298,0.5732642017568128
MLP,OSULeaf,linear,35,90,0.9449999928474426,0.5502832861189801,0.3947167067284625,0.4093484419263456,0.5356515509210971
MLP,OSULeaf,linear,35,85,0.9449999928474426,0.5748251748251748,0.3701748180222678,0.4358974358974359,0.5091025569500067
MLP,OSULeaf,linear,35,80,0.9449999928474426,0.5564334085778782,0.3885665842695645,0.4292701279157261,0.5157298649317166
MLP,OSULeaf,linear,35,75,0.9449999928474426,0.5445441988950276,0.40045579395241504,0.42506906077348067,0.519930932073962
MLP,OSULeaf,linear,35,70,0.9449999928474426,0.5389241563648514,0.40607583648259127,0.42265285666555297,0.5223471361818897
MLP,OSULeaf,linear,35,65,0.9449999928474426,0.5334211392821864,0.41157885356525625,0.4201514652617715,0.5248485275856711
MLP,OSULeaf,linear,35,60,0.9449999928474426,0.5315668956493295,0.41343309719811316,0.4203467451750082,0.5246532476724344
MLP,OSULeaf,linear,35,55,0.9449999928474426,0.5308319738988581,0.41416801894858457,0.4202283849918434,0.5247716078555993
MLP,OSULeaf,linear,35,50,0.9449999928474426,0.530658838878017,0.4143411539694256,0.4200913242009132,0.5249086686465294
MLP,OSULeaf,fourier,40,95,0.9449999928474426,0.5151953690303908,0.42980462381705187,0.35311143270622286,0.5918885601412198
MLP,OSULeaf,fourier,40,90,0.9449999928474426,0.5488668555240793,0.3961331373233633,0.40084985835694054,0.5441501344905021
MLP,OSULeaf,fourier,40,85,0.9449999928474426,0.5479921645445641,0.3970078283028785,0.40940254652301666,0.535597446324426
MLP,OSULeaf,fourier,40,80,0.9449999928474426,0.5355351170568562,0.40946487579058644,0.4076086956521739,0.5373912971952688
MLP,OSULeaf,fourier,40,75,0.9449999928474426,0.5283168316831683,0.4166831611642743,0.4091089108910891,0.5358910819563536
MLP,OSULeaf,fourier,40,70,0.9449999928474426,0.5239752513534416,0.42102474149400104,0.40873936581593195,0.5362606270315107
MLP,OSULeaf,fourier,40,65,0.9449999928474426,0.5236629472874182,0.4213370455600244,0.40900346287033473,0.5359965299771079
MLP,OSULeaf,fourier,40,60,0.9449999928474426,0.5238095238095238,0.4211904690379188,0.40860215053763443,0.5363978423098081
MLP,OSULeaf,fourier,40,55,0.9449999928474426,0.5239923224568138,0.4210076703906288,0.4088291746641075,0.5361708181833351
MLP,OSULeaf,fourier,40,50,0.9449999928474426,0.5237912509593247,0.42120874188811797,0.40905602455871065,0.5359439682887319
MLP,OSULeaf,linear,40,95,0.9449999928474426,0.5160818713450293,0.4289181215024134,0.36257309941520466,0.582426893432238
MLP,OSULeaf,linear,40,90,0.9449999928474426,0.5650349650349651,0.37996502781247754,0.40559440559440557,0.539405587253037
MLP,OSULeaf,linear,40,85,0.9449999928474426,0.5558276199804114,0.3891723728670312,0.41429970617042117,0.5307002866770214
MLP,OSULeaf,linear,40,80,0.9449999928474426,0.5397559949516197,0.4052439978958229,0.41312578880942363,0.531874204038019
MLP,OSULeaf,linear,40,75,0.9449999928474426,0.5322516818361693,0.4127483110112733,0.4103680253264741,0.5346319675209685
MLP,OSULeaf,linear,40,70,0.9449999928474426,0.5267234701781565,0.41827652266928617,0.4085979860573199,0.5364020067901227
MLP,OSULeaf,linear,40,65,0.9449999928474426,0.5248554913294797,0.4201445015179629,0.4092485549132948,0.5357514379341478
MLP,OSULeaf,linear,40,60,0.9449999928474426,0.524010756819055,0.42098923602838767,0.4091432961966961,0.5358566966507465
MLP,OSULeaf,linear,40,55,0.9449999928474426,0.5237912509593247,0.42120874188811797,0.40905602455871065,0.5359439682887319
MLP,OSULeaf,linear,40,50,0.9449999928474426,0.5237912509593247,0.42120874188811797,0.40905602455871065,0.5359439682887319
MLP,OSULeaf,fourier,45,95,0.9449999928474426,0.5186721991701245,0.4263277936773181,0.34716459197787,0.5978354008695727
MLP,OSULeaf,fourier,45,90,0.9449999928474426,0.5607094133697135,0.38429057947772916,0.39017735334242837,0.5548226395050142
MLP,OSULeaf,fourier,45,85,0.9449999928474426,0.549901185770751,0.39509880707669165,0.38883399209486164,0.556166000752581
MLP,OSULeaf,fourier,45,80,0.9449999928474426,0.5331868131868132,0.41181317966062947,0.38505494505494503,0.5599450477924977
MLP,OSULeaf,fourier,45,75,0.9449999928474426,0.5262932877297991,0.4187067051176435,0.38435228730226595,0.5606477055451766
MLP,OSULeaf,fourier,45,70,0.9449999928474426,0.5253807106598984,0.4196192821875442,0.38451776649746194,0.5604822263499807
MLP,OSULeaf,fourier,45,65,0.9449999928474426,0.5242513707296499,0.42074862211779274,0.38380430198228593,0.5611956908651567
MLP,OSULeaf,fourier,45,60,0.9449999928474426,0.5238095238095238,0.4211904690379188,0.3839022334597556,0.561097759387687
MLP,OSULeaf,fourier,45,55,0.9449999928474426,0.5242105263157895,0.42078946653165317,0.38442105263157894,0.5605789402158636
MLP,OSULeaf,fourier,45,50,0.9449999928474426,0.5242105263157895,0.42078946653165317,0.38442105263157894,0.5605789402158636
MLP,OSULeaf,linear,45,95,0.9449999928474426,0.4883401920438957,0.4566598008035469,0.32098765432098764,0.624012338526455
MLP,OSULeaf,linear,45,90,0.9449999928474426,0.5461847389558233,0.3988152538916193,0.3795180722891566,0.5654819205582859
MLP,OSULeaf,linear,45,85,0.9449999928474426,0.5444610034773969,0.40053898937004573,0.3840039741679086,0.560996018679534
MLP,OSULeaf,linear,45,80,0.9449999928474426,0.531523642732049,0.41347635011539363,0.3839754816112084,0.5610245112362342
MLP,OSULeaf,linear,45,75,0.9449999928474426,0.5278730703259005,0.41712692252154215,0.3846483704974271,0.5603516223500156
MLP,OSULeaf,linear,45,70,0.9449999928474426,0.525,0.4199999928474426,0.38389830508474576,0.5611016877626969
MLP,OSULeaf,linear,45,65,0.9449999928474426,0.5242718446601942,0.42072814818724846,0.38370620514985226,0.5612937876975903
MLP,OSULeaf,linear,45,60,0.9449999928474426,0.5240101095197978,0.42098988332764486,0.38416175231676497,0.5608382405306777
MLP,OSULeaf,linear,45,55,0.9449999928474426,0.5240101095197978,0.42098988332764486,0.38416175231676497,0.5608382405306777
MLP,OSULeaf,linear,45,50,0.9449999928474426,0.5242105263157895,0.42078946653165317,0.38442105263157894,0.5605789402158636
MLP,OSULeaf,fourier,50,95,0.9449999928474426,0.4947916666666667,0.45020832618077594,0.328125,0.6168749928474426
MLP,OSULeaf,fourier,50,90,0.9449999928474426,0.5487483530961792,0.39625163975126343,0.35507246376811596,0.5899275290793267
MLP,OSULeaf,fourier,50,85,0.9449999928474426,0.5393721049922799,0.4056278878551627,0.3597529593412249,0.5852470335062177
MLP,OSULeaf,fourier,50,80,0.9449999928474426,0.5280575539568345,0.4169424388906081,0.36211031175059955,0.5828896810968431
MLP,OSULeaf,fourier,50,75,0.9449999928474426,0.523921200750469,0.42107879209697363,0.36350844277673544,0.5814915500707072
MLP,OSULeaf,fourier,50,70,0.9449999928474426,0.5233644859813084,0.42163550686613427,0.3644859813084112,0.5805140115390315
MLP,OSULeaf,fourier,50,65,0.9449999928474426,0.523120037365717,0.42187995548172563,0.3643157403082672,0.5806842525391754
MLP,OSULeaf,fourier,50,60,0.9449999928474426,0.523342670401494,0.42165732244594867,0.3641456582633053,0.5808543345841373
MLP,OSULeaf,fourier,50,55,0.9449999928474426,0.523342670401494,0.42165732244594867,0.3641456582633053,0.5808543345841373
MLP,OSULeaf,fourier,50,50,0.9449999928474426,0.523342670401494,0.42165732244594867,0.3641456582633053,0.5808543345841373
MLP,OSULeaf,linear,50,95,0.9449999928474426,0.4931506849315068,0.4518493079159358,0.2851805728518057,0.6598194199956369
MLP,OSULeaf,linear,50,90,0.9449999928474426,0.5422488356620093,0.4027511571854333,0.3439787092481703,0.6010212835992723
MLP,OSULeaf,linear,50,85,0.9449999928474426,0.5391394504924831,0.4058605423549595,0.36132711249351995,0.5836728803539226
MLP,OSULeaf,linear,50,80,0.9449999928474426,0.5285920230658337,0.4164079697816089,0.36328688130706394,0.5817131115403786
MLP,OSULeaf,linear,50,75,0.9449999928474426,0.5251055842327546,0.4198944086146881,0.36367902393242607,0.5813209689150165
MLP,OSULeaf,linear,50,70,0.9449999928474426,0.5233644859813084,0.42163550686613427,0.364018691588785,0.5809813012586575
MLP,OSULeaf,linear,50,65,0.9449999928474426,0.523342670401494,0.42165732244594867,0.3641456582633053,0.5808543345841373
MLP,OSULeaf,linear,50,60,0.9449999928474426,0.523342670401494,0.42165732244594867,0.3641456582633053,0.5808543345841373
MLP,OSULeaf,linear,50,55,0.9449999928474426,0.523342670401494,0.42165732244594867,0.3641456582633053,0.5808543345841373
MLP,OSULeaf,linear,50,50,0.9449999928474426,0.523342670401494,0.42165732244594867,0.3641456582633053,0.5808543345841373
MLP,OSULeaf,fourier,55,95,0.9449999928474426,0.5269320843091335,0.4180679085383091,0.3360655737704918,0.6089344190769508
MLP,OSULeaf,fourier,55,90,0.9449999928474426,0.5517241379310345,0.39327585491640815,0.3620689655172414,0.5829310273302013
MLP,OSULeaf,fourier,55,85,0.9449999928474426,0.535,0.4099999928474426,0.36777777777777776,0.5772222150696649
MLP,OSULeaf,fourier,55,80,0.9449999928474426,0.5285412262156448,0.4164587666317978,0.3668076109936575,0.5781923818537851
MLP,OSULeaf,fourier,55,75,0.9449999928474426,0.5262329485834207,0.4187670442640219,0.3672612801678909,0.5777387126795517
MLP,OSULeaf,fourier,55,70,0.9449999928474426,0.5267295597484277,0.4182704330990149,0.36792452830188677,0.5770754645455558
MLP,OSULeaf,fourier,55,65,0.9449999928474426,0.5267295597484277,0.4182704330990149,0.36792452830188677,0.5770754645455558
MLP,OSULeaf,fourier,55,60,0.9449999928474426,0.5267295597484277,0.4182704330990149,0.36792452830188677,0.5770754645455558
MLP,OSULeaf,fourier,55,55,0.9449999928474426,0.5267295597484277,0.4182704330990149,0.36792452830188677,0.5770754645455558
MLP,OSULeaf,fourier,55,50,0.9449999928474426,0.5267295597484277,0.4182704330990149,0.36792452830188677,0.5770754645455558
MLP,OSULeaf,linear,55,95,0.9449999928474426,0.5237020316027088,0.42129796124473384,0.327313769751693,0.6176862230957496
MLP,OSULeaf,linear,55,90,0.9449999928474426,0.5470967741935484,0.3979032186538942,0.3664516129032258,0.5785483799442168
MLP,OSULeaf,linear,55,85,0.9449999928474426,0.5383771929824561,0.4066227998649865,0.3684210526315789,0.5765789402158636
MLP,OSULeaf,linear,55,80,0.9449999928474426,0.5282024248813917,0.41679756796605094,0.3668950975224038,0.5781048953250388
MLP,OSULeaf,linear,55,75,0.9449999928474426,0.5270057682223388,0.4179942246251038,0.3675930781331935,0.5774069147142491
MLP,OSULeaf,linear,55,70,0.9449999928474426,0.5267295597484277,0.4182704330990149,0.36792452830188677,0.5770754645455558
MLP,OSULeaf,linear,55,65,0.9449999928474426,0.5267295597484277,0.4182704330990149,0.36792452830188677,0.5770754645455558
MLP,OSULeaf,linear,55,60,0.9449999928474426,0.5267295597484277,0.4182704330990149,0.36792452830188677,0.5770754645455558
MLP,OSULeaf,linear,55,55,0.9449999928474426,0.5267295597484277,0.4182704330990149,0.36792452830188677,0.5770754645455558
MLP,OSULeaf,linear,55,50,0.9449999928474426,0.5267295597484277,0.4182704330990149,0.36792452830188677,0.5770754645455558
MLP,OSULeaf,fourier,5,95,0.9449999928474426,0.6255722694571615,0.31942772339028114,0.6000654022236757,0.34493459062376697
MLP,OSULeaf,fourier,5,90,0.9449999928474426,0.6457861116834948,0.29921388116394787,0.6227076035441995,0.3222923893032431
MLP,OSULeaf,fourier,5,85,0.9449999928474426,0.6382237041527735,0.3067762886946691,0.6217035465292513,0.3232964463181913
MLP,OSULeaf,fourier,5,80,0.9449999928474426,0.6349186791522917,0.3100813136951509,0.621734844751109,0.32326514809633367
MLP,OSULeaf,fourier,5,75,0.9449999928474426,0.6309461578672243,0.3140538349802183,0.6184004181913225,0.3265995746561201
MLP,OSULeaf,fourier,5,70,0.9449999928474426,0.6330550009076057,0.31194499193983694,0.6219822109275731,0.3230177819198695
MLP,OSULeaf,fourier,5,65,0.9449999928474426,0.6238584474885844,0.3211415453588582,0.6145629484670581,0.33043704438038457
MLP,OSULeaf,fourier,5,60,0.9449999928474426,0.6175569667538289,0.32744302609361375,0.6102353380649981,0.33476465478244455
MLP,OSULeaf,fourier,5,55,0.9449999928474426,0.6073078538429232,0.33769213900451944,0.6006579868402632,0.34434200600717946
MLP,OSULeaf,fourier,5,50,0.9449999928474426,0.5943735035913806,0.350626489256062,0.5889864325618516,0.35601356028559106
MLP,OSULeaf,linear,5,95,0.9449999928474426,0.6437054631828979,0.30129452966454473,0.6244871518030662,0.3205128410443764
MLP,OSULeaf,linear,5,90,0.9449999928474426,0.6560781078107811,0.2889218850366615,0.6398514851485149,0.30514850769892776
MLP,OSULeaf,linear,5,85,0.9449999928474426,0.6489001692047377,0.29609982364270493,0.6348350253807107,0.31016496746673194
MLP,OSULeaf,linear,5,80,0.9449999928474426,0.6407956664594618,0.3042043263879808,0.6309386377763964,0.31406135507104627
MLP,OSULeaf,linear,5,75,0.9449999928474426,0.6291053677932406,0.31589462505420207,0.6217097415506958,0.3232902512967468
MLP,OSULeaf,linear,5,70,0.9449999928474426,0.6202301194290708,0.3247698734183718,0.6128022138071657,0.3321977790402769
MLP,OSULeaf,linear,5,65,0.9449999928474426,0.6087224850853734,0.3362775077620692,0.6024137694575876,0.342586223389855
MLP,OSULeaf,linear,5,60,0.9449999928474426,0.5977881640445001,0.34721182880294255,0.5913369758409585,0.35366301700648417
MLP,OSULeaf,linear,5,55,0.9449999928474426,0.5855346710693421,0.35946532177810053,0.5799466598933198,0.3650533329541228
MLP,OSULeaf,linear,5,50,0.9449999928474426,0.5736803065891952,0.3713196862582474,0.5696006922981827,0.37539930054925996
MLP,OSULeaf,fourier,60,95,0.9449999928474426,0.49813664596273294,0.4468633468847097,0.3130434782608696,0.6319565145865731
MLP,OSULeaf,fourier,60,90,0.9449999928474426,0.5327510917030568,0.41224890114438584,0.3413391557496361,0.6036608370978065
MLP,OSULeaf,fourier,60,85,0.9449999928474426,0.5341578327444052,0.4108421601030374,0.3551236749116608,0.5898763179357818
MLP,OSULeaf,fourier,60,80,0.9449999928474426,0.5319735391400221,0.4130264537074205,0.35667034178610807,0.5883296510613345
MLP,OSULeaf,fourier,60,75,0.9449999928474426,0.5291599785981809,0.41584001424926176,0.3547351524879615,0.5902648403594811
MLP,OSULeaf,fourier,60,70,0.9449999928474426,0.526176626123744,0.4188233667236986,0.3527234267583289,0.5922765660891137
MLP,OSULeaf,fourier,60,65,0.9449999928474426,0.5241850683491062,0.42081492449833646,0.3512092534174553,0.5937907394299873
MLP,OSULeaf,fourier,60,60,0.9449999928474426,0.5233350812794966,0.42166491156794605,0.3502884111169376,0.5947115817305051
MLP,OSULeaf,fourier,60,55,0.9449999928474426,0.5230607966457023,0.42193919620174036,0.350104821802935,0.5948951710445076
MLP,OSULeaf,fourier,60,50,0.9449999928474426,0.5230607966457023,0.42193919620174036,0.350104821802935,0.5948951710445076
MLP,OSULeaf,linear,60,95,0.9449999928474426,0.5233532934131736,0.421646699434269,0.33053892215568864,0.6144610706917539
MLP,OSULeaf,linear,60,90,0.9449999928474426,0.5544354838709677,0.3905645089764749,0.3588709677419355,0.5861290251055071
MLP,OSULeaf,linear,60,85,0.9449999928474426,0.5436013590033975,0.40139863384404517,0.3578708946772367,0.587129098170206
MLP,OSULeaf,linear,60,80,0.9449999928474426,0.5326145552560647,0.4123854375913779,0.3557951482479784,0.5892048445994642
MLP,OSULeaf,linear,60,75,0.9449999928474426,0.5275715800636267,0.4174284127838159,0.3531283138918346,0.591871678955608
MLP,OSULeaf,linear,60,70,0.9449999928474426,0.5242105263157895,0.42078946653165317,0.3510526315789474,0.5939473612684952
MLP,OSULeaf,linear,60,65,0.9449999928474426,0.5228346456692914,0.42216534717815124,0.3501312335958005,0.5948687592516422
MLP,OSULeaf,linear,60,60,0.9449999928474426,0.5233350812794966,0.42166491156794605,0.3502884111169376,0.5947115817305051
MLP,OSULeaf,linear,60,55,0.9449999928474426,0.5230607966457023,0.42193919620174036,0.350104821802935,0.5948951710445076
MLP,OSULeaf,linear,60,50,0.9449999928474426,0.5230607966457023,0.42193919620174036,0.350104821802935,0.5948951710445076
MLP,OSULeaf,fourier,65,95,0.9449999928474426,0.5258426966292135,0.41915729621822917,0.32134831460674157,0.6236516782407011
MLP,OSULeaf,fourier,65,90,0.9449999928474426,0.5320600272851296,0.41293996556231305,0.3403819918144611,0.6046180010329816
MLP,OSULeaf,fourier,65,85,0.9449999928474426,0.5194647201946472,0.42553527265279545,0.34549878345498786,0.5995012093924548
MLP,OSULeaf,fourier,65,80,0.9449999928474426,0.5167664670658683,0.42823352578157436,0.3461077844311377,0.5988922084163049
MLP,OSULeaf,fourier,65,75,0.9449999928474426,0.515839808726838,0.42916018412060464,0.34548714883442916,0.5995128440130135
MLP,OSULeaf,fourier,65,70,0.9449999928474426,0.515839808726838,0.42916018412060464,0.34548714883442916,0.5995128440130135
MLP,OSULeaf,fourier,65,65,0.9449999928474426,0.515839808726838,0.42916018412060464,0.34548714883442916,0.5995128440130135
MLP,OSULeaf,fourier,65,60,0.9449999928474426,0.515839808726838,0.42916018412060464,0.34548714883442916,0.5995128440130135
MLP,OSULeaf,fourier,65,55,0.9449999928474426,0.515839808726838,0.42916018412060464,0.34548714883442916,0.5995128440130135
MLP,OSULeaf,fourier,65,50,0.9449999928474426,0.515839808726838,0.42916018412060464,0.34548714883442916,0.5995128440130135
MLP,OSULeaf,linear,65,95,0.9449999928474426,0.5242603550295858,0.42073963781785684,0.3183431952662722,0.6266567975811704
MLP,OSULeaf,linear,65,90,0.9449999928474426,0.5296143250688705,0.4153856677785721,0.3409090909090909,0.6040909019383518
MLP,OSULeaf,linear,65,85,0.9449999928474426,0.5207064555420219,0.42429353730542074,0.3447015834348356,0.600298409412607
MLP,OSULeaf,linear,65,80,0.9449999928474426,0.5164572112507481,0.42854278159669457,0.34470377019748655,0.6002962226499561
MLP,OSULeaf,linear,65,75,0.9449999928474426,0.515839808726838,0.42916018412060464,0.34548714883442916,0.5995128440130135
MLP,OSULeaf,linear,65,70,0.9449999928474426,0.515839808726838,0.42916018412060464,0.34548714883442916,0.5995128440130135
MLP,OSULeaf,linear,65,65,0.9449999928474426,0.515839808726838,0.42916018412060464,0.34548714883442916,0.5995128440130135
MLP,OSULeaf,linear,65,60,0.9449999928474426,0.515839808726838,0.42916018412060464,0.34548714883442916,0.5995128440130135
MLP,OSULeaf,linear,65,55,0.9449999928474426,0.515839808726838,0.42916018412060464,0.34548714883442916,0.5995128440130135
MLP,OSULeaf,linear,65,50,0.9449999928474426,0.515839808726838,0.42916018412060464,0.34548714883442916,0.5995128440130135
MLP,OSULeaf,fourier,70,95,0.9449999928474426,0.49154746423927176,0.45345252860817087,0.3420026007802341,0.6029973920672085
MLP,OSULeaf,fourier,70,90,0.9449999928474426,0.5093896713615024,0.43561032148594026,0.3513302034428795,0.593669789404563
MLP,OSULeaf,fourier,70,85,0.9449999928474426,0.5214564369310793,0.4235435559163633,0.3647594278283485,0.580240565019094
MLP,OSULeaf,fourier,70,80,0.9449999928474426,0.5214987714987716,0.4235012213486711,0.36609336609336607,0.5789066267540766
MLP,OSULeaf,fourier,70,75,0.9449999928474426,0.517490952955368,0.42750903989207467,0.36369119420989143,0.5813087986375511
MLP,OSULeaf,fourier,70,70,0.9449999928474426,0.5180288461538461,0.4269711466935965,0.3635817307692308,0.5814182620782118
MLP,OSULeaf,fourier,70,65,0.9449999928474426,0.5161676646706587,0.42883232817678396,0.36227544910179643,0.5827245437456462
MLP,OSULeaf,fourier,70,60,0.9449999928474426,0.5152420800956365,0.4297579127518061,0.3616258218768679,0.5833741709705746
MLP,OSULeaf,fourier,70,55,0.9449999928474426,0.5152420800956365,0.4297579127518061,0.3616258218768679,0.5833741709705746
MLP,OSULeaf,fourier,70,50,0.9449999928474426,0.5152420800956365,0.4297579127518061,0.3616258218768679,0.5833741709705746
MLP,OSULeaf,linear,70,95,0.9449999928474426,0.49755501222493886,0.44744498062250376,0.3215158924205379,0.6234841004269047
MLP,OSULeaf,linear,70,90,0.9449999928474426,0.5200892857142857,0.42491070713315693,0.359375,0.5856249928474426
MLP,OSULeaf,linear,70,85,0.9449999928474426,0.5254019292604502,0.4195980635869925,0.3672025723472669,0.5777974205001757
MLP,OSULeaf,linear,70,80,0.9449999928474426,0.5217125382262997,0.4232874546211429,0.363914373088685,0.5810856197587576
MLP,OSULeaf,linear,70,75,0.9449999928474426,0.5180940892641737,0.42690590358326896,0.36308805790108567,0.581911934946357
MLP,OSULeaf,linear,70,70,0.9449999928474426,0.5155688622754491,0.42943113057199356,0.36227544910179643,0.5827245437456462
MLP,OSULeaf,linear,70,65,0.9449999928474426,0.5152420800956365,0.4297579127518061,0.3616258218768679,0.5833741709705746
MLP,OSULeaf,linear,70,60,0.9449999928474426,0.5152420800956365,0.4297579127518061,0.3616258218768679,0.5833741709705746
MLP,OSULeaf,linear,70,55,0.9449999928474426,0.5152420800956365,0.4297579127518061,0.3616258218768679,0.5833741709705746
MLP,OSULeaf,linear,70,50,0.9449999928474426,0.5152420800956365,0.4297579127518061,0.3616258218768679,0.5833741709705746
MLP,OSULeaf,fourier,75,95,0.9449999928474426,0.5092091007583965,0.4357908920890461,0.28927410617551463,0.655725886671928
MLP,OSULeaf,fourier,75,90,0.9449999928474426,0.5092661230541141,0.4357338697933285,0.31875463306152707,0.6262453597859156
MLP,OSULeaf,fourier,75,85,0.9449999928474426,0.5052484254723583,0.43975156737508436,0.32260321903428973,0.6223967738131528
MLP,OSULeaf,fourier,75,80,0.9449999928474426,0.5045233124565066,0.440476680390936,0.3235908141962422,0.6214091786512004
MLP,OSULeaf,fourier,75,75,0.9449999928474426,0.5045233124565066,0.440476680390936,0.3235908141962422,0.6214091786512004
MLP,OSULeaf,fourier,75,70,0.9449999928474426,0.5045233124565066,0.440476680390936,0.3235908141962422,0.6214091786512004
MLP,OSULeaf,fourier,75,65,0.9449999928474426,0.5045233124565066,0.440476680390936,0.3235908141962422,0.6214091786512004
MLP,OSULeaf,fourier,75,60,0.9449999928474426,0.5045233124565066,0.440476680390936,0.3235908141962422,0.6214091786512004
MLP,OSULeaf,fourier,75,55,0.9449999928474426,0.5045233124565066,0.440476680390936,0.3235908141962422,0.6214091786512004
MLP,OSULeaf,fourier,75,50,0.9449999928474426,0.5045233124565066,0.440476680390936,0.3235908141962422,0.6214091786512004
MLP,OSULeaf,linear,75,95,0.9449999928474426,0.5205627705627706,0.42443722228467207,0.2911255411255411,0.6538744517219015
MLP,OSULeaf,linear,75,90,0.9449999928474426,0.5151515151515151,0.4298484776959275,0.32076866223207684,0.6242313306153657
MLP,OSULeaf,linear,75,85,0.9449999928474426,0.506993006993007,0.43800698585443565,0.3237762237762238,0.6212237690712188
MLP,OSULeaf,linear,75,80,0.9449999928474426,0.5045233124565066,0.440476680390936,0.3235908141962422,0.6214091786512004
MLP,OSULeaf,linear,75,75,0.9449999928474426,0.5045233124565066,0.440476680390936,0.3235908141962422,0.6214091786512004
MLP,OSULeaf,linear,75,70,0.9449999928474426,0.5045233124565066,0.440476680390936,0.3235908141962422,0.6214091786512004
MLP,OSULeaf,linear,75,65,0.9449999928474426,0.5045233124565066,0.440476680390936,0.3235908141962422,0.6214091786512004
MLP,OSULeaf,linear,75,60,0.9449999928474426,0.5045233124565066,0.440476680390936,0.3235908141962422,0.6214091786512004
MLP,OSULeaf,linear,75,55,0.9449999928474426,0.5045233124565066,0.440476680390936,0.3235908141962422,0.6214091786512004
MLP,OSULeaf,linear,75,50,0.9449999928474426,0.5045233124565066,0.440476680390936,0.3235908141962422,0.6214091786512004
MLP,OSULeaf,fourier,80,95,0.9449999928474426,0.49537037037037035,0.4496296224770723,0.2835648148148148,0.6614351780326277
MLP,OSULeaf,fourier,80,90,0.9449999928474426,0.5151750972762645,0.4298248955711781,0.311284046692607,0.6337159461548356
MLP,OSULeaf,fourier,80,85,0.9449999928474426,0.5106382978723404,0.43436169497510224,0.32127659574468087,0.6237233971027618
MLP,OSULeaf,fourier,80,80,0.9449999928474426,0.5073272854152129,0.43767270743222975,0.32309839497557574,0.6219015978718669
MLP,OSULeaf,fourier,80,75,0.9449999928474426,0.5066109951287404,0.4383889977187022,0.3221990257480863,0.6228009670993564
MLP,OSULeaf,fourier,80,70,0.9449999928474426,0.5066109951287404,0.4383889977187022,0.3221990257480863,0.6228009670993564
MLP,OSULeaf,fourier,80,65,0.9449999928474426,0.5066109951287404,0.4383889977187022,0.3221990257480863,0.6228009670993564
MLP,OSULeaf,fourier,80,60,0.9449999928474426,0.5066109951287404,0.4383889977187022,0.3221990257480863,0.6228009670993564
MLP,OSULeaf,fourier,80,55,0.9449999928474426,0.5066109951287404,0.4383889977187022,0.3221990257480863,0.6228009670993564
MLP,OSULeaf,fourier,80,50,0.9449999928474426,0.5066109951287404,0.4383889977187022,0.3221990257480863,0.6228009670993564
MLP,OSULeaf,linear,80,95,0.9449999928474426,0.509895227008149,0.4351047658392936,0.2968568102444703,0.6481431826029723
MLP,OSULeaf,linear,80,90,0.9449999928474426,0.5179407176287052,0.42705927521873743,0.3174726989079563,0.6275272939394863
MLP,OSULeaf,linear,80,85,0.9449999928474426,0.5092067988668555,0.43579319398058713,0.32294617563739375,0.6220538172100489
MLP,OSULeaf,linear,80,80,0.9449999928474426,0.5073170731707317,0.4376829196767109,0.3226480836236934,0.6223519092237493
MLP,OSULeaf,linear,80,75,0.9449999928474426,0.5066109951287404,0.4383889977187022,0.3221990257480863,0.6228009670993564
MLP,OSULeaf,linear,80,70,0.9449999928474426,0.5066109951287404,0.4383889977187022,0.3221990257480863,0.6228009670993564
MLP,OSULeaf,linear,80,65,0.9449999928474426,0.5066109951287404,0.4383889977187022,0.3221990257480863,0.6228009670993564
MLP,OSULeaf,linear,80,60,0.9449999928474426,0.5066109951287404,0.4383889977187022,0.3221990257480863,0.6228009670993564
MLP,OSULeaf,linear,80,55,0.9449999928474426,0.5066109951287404,0.4383889977187022,0.3221990257480863,0.6228009670993564
MLP,OSULeaf,linear,80,50,0.9449999928474426,0.5066109951287404,0.4383889977187022,0.3221990257480863,0.6228009670993564
MLP,OSULeaf,fourier,85,95,0.9449999928474426,0.4900990099009901,0.45490098294645254,0.31064356435643564,0.634356428491007
MLP,OSULeaf,fourier,85,90,0.9449999928474426,0.5004156275976724,0.4445843652497702,0.32917705735660846,0.6158229354908342
MLP,OSULeaf,fourier,85,85,0.9449999928474426,0.5129725722757599,0.43202742057168275,0.3365455893254262,0.6084544035220164
MLP,OSULeaf,fourier,85,80,0.9449999928474426,0.5192582025677603,0.4257417902796823,0.3437945791726106,0.601205413674832
MLP,OSULeaf,fourier,85,75,0.9449999928474426,0.5133614627285513,0.4316385301188913,0.3410689170182841,0.6039310758291585
MLP,OSULeaf,fourier,85,70,0.9449999928474426,0.5101327742837177,0.4348672185637249,0.3389238294898672,0.6060761633575754
MLP,OSULeaf,fourier,85,65,0.9449999928474426,0.5083565459610028,0.43664344688643986,0.33774373259052926,0.6072562602569134
MLP,OSULeaf,fourier,85,60,0.9449999928474426,0.5083565459610028,0.43664344688643986,0.33774373259052926,0.6072562602569134
MLP,OSULeaf,fourier,85,55,0.9449999928474426,0.5080027835768963,0.4369972092705463,0.337508698677801,0.6074912941696416
MLP,OSULeaf,fourier,85,50,0.9449999928474426,0.5080027835768963,0.4369972092705463,0.337508698677801,0.6074912941696416
MLP,OSULeaf,linear,85,95,0.9449999928474426,0.5177142857142857,0.42728570713315694,0.3211428571428571,0.6238571357045855
MLP,OSULeaf,linear,85,90,0.9449999928474426,0.5202808112324493,0.42471918161499334,0.3338533541341654,0.6111466387132772
MLP,OSULeaf,linear,85,85,0.9449999928474426,0.5154343144292893,0.4295656784181533,0.3402727925340991,0.6047272003133435
MLP,OSULeaf,linear,85,80,0.9449999928474426,0.511204481792717,0.4337955110547256,0.3396358543417367,0.6053641385057059
MLP,OSULeaf,linear,85,75,0.9449999928474426,0.5097765363128491,0.4352234565345935,0.33868715083798884,0.6063128420094538
MLP,OSULeaf,linear,85,70,0.9449999928474426,0.5080027835768963,0.4369972092705463,0.337508698677801,0.6074912941696416
MLP,OSULeaf,linear,85,65,0.9449999928474426,0.5080027835768963,0.4369972092705463,0.337508698677801,0.6074912941696416
MLP,OSULeaf,linear,85,60,0.9449999928474426,0.5080027835768963,0.4369972092705463,0.337508698677801,0.6074912941696416
MLP,OSULeaf,linear,85,55,0.9449999928474426,0.5080027835768963,0.4369972092705463,0.337508698677801,0.6074912941696416
MLP,OSULeaf,linear,85,50,0.9449999928474426,0.5080027835768963,0.4369972092705463,0.337508698677801,0.6074912941696416
MLP,OSULeaf,fourier,90,95,0.9449999928474426,0.4957627118644068,0.44923728098303584,0.2754237288135593,0.6695762640338834
MLP,OSULeaf,fourier,90,90,0.9449999928474426,0.5063291139240507,0.43867087892339196,0.3029535864978903,0.6420464063495523
MLP,OSULeaf,fourier,90,85,0.9449999928474426,0.5058333333333334,0.43916665951410927,0.305,0.6399999928474427
MLP,OSULeaf,fourier,90,80,0.9449999928474426,0.5058333333333334,0.43916665951410927,0.305,0.6399999928474427
MLP,OSULeaf,fourier,90,75,0.9449999928474426,0.5058333333333334,0.43916665951410927,0.305,0.6399999928474427
MLP,OSULeaf,fourier,90,70,0.9449999928474426,0.5058333333333334,0.43916665951410927,0.305,0.6399999928474427
MLP,OSULeaf,fourier,90,65,0.9449999928474426,0.5058333333333334,0.43916665951410927,0.305,0.6399999928474427
MLP,OSULeaf,fourier,90,60,0.9449999928474426,0.5058333333333334,0.43916665951410927,0.305,0.6399999928474427
MLP,OSULeaf,fourier,90,55,0.9449999928474426,0.5058333333333334,0.43916665951410927,0.305,0.6399999928474427
MLP,OSULeaf,fourier,90,50,0.9449999928474426,0.5058333333333334,0.43916665951410927,0.305,0.6399999928474427
MLP,OSULeaf,linear,90,95,0.9449999928474426,0.5,0.4449999928474426,0.2766884531590414,0.6683115396884012
MLP,OSULeaf,linear,90,90,0.9449999928474426,0.5076923076923077,0.43730768515513496,0.30256410256410254,0.64243589028334
MLP,OSULeaf,linear,90,85,0.9449999928474426,0.505008347245409,0.43999164560203363,0.3038397328881469,0.6411602599592957
MLP,OSULeaf,linear,90,80,0.9449999928474426,0.5058333333333334,0.43916665951410927,0.305,0.6399999928474427
MLP,OSULeaf,linear,90,75,0.9449999928474426,0.5058333333333334,0.43916665951410927,0.305,0.6399999928474427
MLP,OSULeaf,linear,90,70,0.9449999928474426,0.5058333333333334,0.43916665951410927,0.305,0.6399999928474427
MLP,OSULeaf,linear,90,65,0.9449999928474426,0.5058333333333334,0.43916665951410927,0.305,0.6399999928474427
MLP,OSULeaf,linear,90,60,0.9449999928474426,0.5058333333333334,0.43916665951410927,0.305,0.6399999928474427
MLP,OSULeaf,linear,90,55,0.9449999928474426,0.5058333333333334,0.43916665951410927,0.305,0.6399999928474427
MLP,OSULeaf,linear,90,50,0.9449999928474426,0.5058333333333334,0.43916665951410927,0.305,0.6399999928474427
MLP,OSULeaf,fourier,95,95,0.9449999928474426,0.5184381778741866,0.42656181497325607,0.2950108459869848,0.6499891468604578
MLP,OSULeaf,fourier,95,90,0.9449999928474426,0.521079258010118,0.4239207348373246,0.3220910623946037,0.6229089304528389
MLP,OSULeaf,fourier,95,85,0.9449999928474426,0.5183333333333333,0.4266666595141093,0.3225,0.6224999928474426
MLP,OSULeaf,fourier,95,80,0.9449999928474426,0.5183333333333333,0.4266666595141093,0.3225,0.6224999928474426
MLP,OSULeaf,fourier,95,75,0.9449999928474426,0.5183333333333333,0.4266666595141093,0.3225,0.6224999928474426
MLP,OSULeaf,fourier,95,70,0.9449999928474426,0.5183333333333333,0.4266666595141093,0.3225,0.6224999928474426
MLP,OSULeaf,fourier,95,65,0.9449999928474426,0.5183333333333333,0.4266666595141093,0.3225,0.6224999928474426
MLP,OSULeaf,fourier,95,60,0.9449999928474426,0.5183333333333333,0.4266666595141093,0.3225,0.6224999928474426
MLP,OSULeaf,fourier,95,55,0.9449999928474426,0.5183333333333333,0.4266666595141093,0.3225,0.6224999928474426
MLP,OSULeaf,fourier,95,50,0.9449999928474426,0.5183333333333333,0.4266666595141093,0.3225,0.6224999928474426
MLP,OSULeaf,linear,95,95,0.9449999928474426,0.5076252723311547,0.4373747205162879,0.2886710239651416,0.6563289688823011
MLP,OSULeaf,linear,95,90,0.9449999928474426,0.52,0.4249999928474426,0.3191489361702128,0.6258510566772298
MLP,OSULeaf,linear,95,85,0.9449999928474426,0.5183333333333333,0.4266666595141093,0.3225,0.6224999928474426
MLP,OSULeaf,linear,95,80,0.9449999928474426,0.5183333333333333,0.4266666595141093,0.3225,0.6224999928474426
MLP,OSULeaf,linear,95,75,0.9449999928474426,0.5183333333333333,0.4266666595141093,0.3225,0.6224999928474426
MLP,OSULeaf,linear,95,70,0.9449999928474426,0.5183333333333333,0.4266666595141093,0.3225,0.6224999928474426
MLP,OSULeaf,linear,95,65,0.9449999928474426,0.5183333333333333,0.4266666595141093,0.3225,0.6224999928474426
MLP,OSULeaf,linear,95,60,0.9449999928474426,0.5183333333333333,0.4266666595141093,0.3225,0.6224999928474426
MLP,OSULeaf,linear,95,55,0.9449999928474426,0.5183333333333333,0.4266666595141093,0.3225,0.6224999928474426
MLP,OSULeaf,linear,95,50,0.9449999928474426,0.5183333333333333,0.4266666595141093,0.3225,0.6224999928474426
ResNet,OSULeaf,fourier,100,95,1.0,0.8931552587646077,0.10684474123539234,0.7779632721202003,0.22203672787979967
ResNet,OSULeaf,fourier,100,90,1.0,0.8898514851485149,0.11014851485148514,0.7574257425742574,0.24257425742574257
ResNet,OSULeaf,fourier,100,85,1.0,0.8949579831932774,0.10504201680672265,0.7552521008403361,0.24474789915966388
ResNet,OSULeaf,fourier,100,80,1.0,0.8952929875120077,0.1047070124879923,0.7502401536983669,0.24975984630163306
ResNet,OSULeaf,fourier,100,75,1.0,0.9005424954792043,0.09945750452079571,0.7531645569620253,0.24683544303797467
ResNet,OSULeaf,fourier,100,70,1.0,0.9003496503496503,0.09965034965034969,0.7552447552447552,0.2447552447552448
ResNet,OSULeaf,fourier,100,65,1.0,0.9000853970964987,0.09991460290350129,0.7557643040136636,0.24423569598633643
ResNet,OSULeaf,fourier,100,60,1.0,0.9000846740050804,0.09991532599491959,0.7552921253175275,0.24470787468247246
ResNet,OSULeaf,fourier,100,55,1.0,0.9009235936188077,0.0990764063811923,0.7565071368597817,0.24349286314021834
ResNet,OSULeaf,fourier,100,50,1.0,0.901255230125523,0.098744769874477,0.7573221757322176,0.2426778242677824
ResNet,OSULeaf,linear,100,95,1.0,0.8920863309352518,0.1079136690647482,0.7661870503597122,0.23381294964028776
ResNet,OSULeaf,linear,100,90,1.0,0.8877005347593583,0.11229946524064172,0.7620320855614974,0.23796791443850263
ResNet,OSULeaf,linear,100,85,1.0,0.8830275229357798,0.1169724770642202,0.7545871559633027,0.24541284403669728
ResNet,OSULeaf,linear,100,80,1.0,0.8894575230296827,0.11054247697031727,0.7584442169907881,0.24155578300921188
ResNet,OSULeaf,linear,100,75,1.0,0.8949858088930936,0.10501419110690635,0.7634815515610217,0.2365184484389783
ResNet,OSULeaf,linear,100,70,1.0,0.8970189701897019,0.10298102981029811,0.7606142728093948,0.23938572719060525
ResNet,OSULeaf,linear,100,65,1.0,0.8999129677980853,0.10008703220191473,0.7563098346388164,0.2436901653611836
ResNet,OSULeaf,linear,100,60,1.0,0.902127659574468,0.09787234042553195,0.7565957446808511,0.2434042553191489
ResNet,OSULeaf,linear,100,55,1.0,0.9029535864978903,0.09704641350210974,0.7586497890295358,0.24135021097046416
ResNet,OSULeaf,linear,100,50,1.0,0.9035234899328859,0.09647651006711411,0.7592281879194631,0.24077181208053688
ResNet,OSULeaf,fourier,105,95,1.0,0.9059304703476483,0.09406952965235171,0.820040899795501,0.179959100204499
ResNet,OSULeaf,fourier,105,90,1.0,0.8902077151335311,0.10979228486646886,0.8130563798219584,0.18694362017804156
ResNet,OSULeaf,fourier,105,85,1.0,0.8847583643122676,0.11524163568773238,0.8091697645600991,0.19083023543990085
ResNet,OSULeaf,fourier,105,80,1.0,0.8861330326944757,0.11386696730552426,0.8015783540022547,0.19842164599774526
ResNet,OSULeaf,fourier,105,75,1.0,0.8901437371663244,0.10985626283367556,0.7915811088295688,0.20841889117043122
ResNet,OSULeaf,fourier,105,70,1.0,0.8926499032882012,0.10735009671179885,0.7920696324951644,0.20793036750483562
ResNet,OSULeaf,fourier,105,65,1.0,0.8956999085086916,0.10430009149130837,0.7913998170173834,0.20860018298261662
ResNet,OSULeaf,fourier,105,60,1.0,0.8981399468556245,0.10186005314437552,0.7909654561558902,0.2090345438441098
ResNet,OSULeaf,fourier,105,55,1.0,0.9005190311418685,0.09948096885813151,0.7932525951557093,0.20674740484429066
ResNet,OSULeaf,fourier,105,50,1.0,0.9008474576271186,0.0991525423728814,0.7949152542372881,0.20508474576271185
ResNet,OSULeaf,linear,105,95,1.0,0.9196940726577438,0.08030592734225617,0.8202676864244742,0.17973231357552577
ResNet,OSULeaf,linear,105,90,1.0,0.9033613445378151,0.09663865546218486,0.7969187675070029,0.20308123249299714
ResNet,OSULeaf,linear,105,85,1.0,0.8960096735187424,0.10399032648125761,0.7847642079806529,0.21523579201934706
ResNet,OSULeaf,linear,105,80,1.0,0.8982869379014989,0.10171306209850106,0.7880085653104925,0.21199143468950754
ResNet,OSULeaf,linear,105,75,1.0,0.8982035928143712,0.10179640718562877,0.7874251497005988,0.21257485029940115
ResNet,OSULeaf,linear,105,70,1.0,0.8984962406015038,0.10150375939849621,0.7894736842105263,0.21052631578947367
ResNet,OSULeaf,linear,105,65,1.0,0.89937106918239,0.10062893081761004,0.7870619946091644,0.21293800539083563
ResNet,OSULeaf,linear,105,60,1.0,0.8981562774363476,0.10184372256365237,0.7866549604916594,0.2133450395083406
ResNet,OSULeaf,linear,105,55,1.0,0.898876404494382,0.101123595505618,0.7891097666378565,0.21089023336214352
ResNet,OSULeaf,linear,105,50,1.0,0.8998287671232876,0.10017123287671237,0.791095890410959,0.20890410958904104
ResNet,OSULeaf,fourier,10,95,1.0,0.9836065573770492,0.016393442622950838,0.8124590163934426,0.18754098360655735
ResNet,OSULeaf,fourier,10,90,1.0,0.982895153626861,0.017104846373139027,0.8248337028824834,0.17516629711751663
ResNet,OSULeaf,fourier,10,85,1.0,0.9837185929648241,0.016281407035175888,0.832964824120603,0.16703517587939698
ResNet,OSULeaf,fourier,10,80,1.0,0.9836192242311853,0.016380775768814693,0.8355740998300109,0.16442590016998915
ResNet,OSULeaf,fourier,10,75,1.0,0.9843007915567282,0.015699208443271773,0.8362796833773087,0.16372031662269126
ResNet,OSULeaf,fourier,10,70,1.0,0.983132530120482,0.016867469879518038,0.8318072289156626,0.1681927710843374
ResNet,OSULeaf,fourier,10,65,1.0,0.9818638074597924,0.018136192540207596,0.824797536215353,0.175202463784647
ResNet,OSULeaf,fourier,10,60,1.0,0.9817059731099845,0.01829402689001547,0.820806700462861,0.17919329953713903
ResNet,OSULeaf,fourier,10,55,1.0,0.9810201660735468,0.018979833926453193,0.8183974981128006,0.1816025018871994
ResNet,OSULeaf,fourier,10,50,1.0,0.9807630650849631,0.019236934915036863,0.8161803997007588,0.18381960029924116
ResNet,OSULeaf,linear,10,95,1.0,0.9819729594391587,0.018027040560841257,0.785678517776665,0.21432148222333502
ResNet,OSULeaf,linear,10,90,1.0,0.9837278106508875,0.016272189349112454,0.8131163708086785,0.1868836291913215
ResNet,OSULeaf,linear,10,85,1.0,0.9845898922949462,0.0154101077050538,0.824026512013256,0.17597348798674395
ResNet,OSULeaf,linear,10,80,1.0,0.9842917997870074,0.015708200212992574,0.8268104366347178,0.17318956336528224
ResNet,OSULeaf,linear,10,75,1.0,0.9819681791396582,0.01803182086034183,0.8222746022392458,0.17772539776075424
ResNet,OSULeaf,linear,10,70,1.0,0.9815930388219545,0.018406961178045522,0.8196117804551539,0.18038821954484607
ResNet,OSULeaf,linear,10,65,1.0,0.9801389190362492,0.019861080963750832,0.8172346429346646,0.18276535706533537
ResNet,OSULeaf,linear,10,60,1.0,0.9796943464785722,0.02030565352142777,0.8156460403975633,0.18435395960243672
ResNet,OSULeaf,linear,10,55,1.0,0.9788859416445623,0.02111405835543767,0.8136870026525199,0.18631299734748008
ResNet,OSULeaf,linear,10,50,1.0,0.9781438074121,0.021856192587899947,0.8122690317812269,0.1877309682187731
ResNet,OSULeaf,fourier,15,95,1.0,0.9791666666666666,0.02083333333333337,0.8357843137254902,0.16421568627450978
ResNet,OSULeaf,fourier,15,90,1.0,0.981037367540435,0.018962632459564976,0.8192972671500279,0.18070273284997207
ResNet,OSULeaf,fourier,15,85,1.0,0.9781218444968024,0.021878155503197605,0.8148771457421744,0.1851228542578256
ResNet,OSULeaf,fourier,15,80,1.0,0.9772504892367906,0.022749510763209413,0.8133561643835616,0.18664383561643838
ResNet,OSULeaf,fourier,15,75,1.0,0.9767723692183398,0.023227630781660236,0.8117552009695012,0.18824479903049884
ResNet,OSULeaf,fourier,15,70,1.0,0.9771407837445574,0.022859216255442627,0.8076923076923077,0.1923076923076923
ResNet,OSULeaf,fourier,15,65,1.0,0.975754493048491,0.024245506951508955,0.7973889454052221,0.2026110545947779
ResNet,OSULeaf,fourier,15,60,1.0,0.9739286296235946,0.02607137037640539,0.7904513605996415,0.2095486394003585
ResNet,OSULeaf,fourier,15,55,1.0,0.9736633349198794,0.026336665080120558,0.7878787878787878,0.21212121212121215
ResNet,OSULeaf,fourier,15,50,1.0,0.972972972972973,0.027027027027026973,0.7861271676300579,0.21387283236994215
ResNet,OSULeaf,linear,15,95,1.0,0.959409594095941,0.040590405904059046,0.727859778597786,0.27214022140221406
ResNet,OSULeaf,linear,15,90,1.0,0.9706375838926175,0.02936241610738255,0.7638422818791947,0.23615771812080533
ResNet,OSULeaf,linear,15,85,1.0,0.9758212877792378,0.024178712220762177,0.7892247043363995,0.21077529566360054
ResNet,OSULeaf,linear,15,80,1.0,0.9763540824575586,0.023645917542441386,0.7956750202101859,0.20432497978981412
ResNet,OSULeaf,linear,15,75,1.0,0.9747394453276806,0.025260554672319357,0.7938526762056174,0.2061473237943826
ResNet,OSULeaf,linear,15,70,1.0,0.9740949850547991,0.02590501494520092,0.7896047824642975,0.21039521753570245
ResNet,OSULeaf,linear,15,65,1.0,0.9730462519936204,0.02695374800637962,0.785805422647528,0.21419457735247205
ResNet,OSULeaf,linear,15,60,1.0,0.9720530835284934,0.0279469164715066,0.7842310694769711,0.21576893052302892
ResNet,OSULeaf,linear,15,55,1.0,0.9714594261030546,0.02854057389694542,0.7829373650107991,0.21706263498920086
ResNet,OSULeaf,linear,15,50,1.0,0.9708352420216827,0.0291647579783173,0.7811879676286456,0.21881203237135438
ResNet,OSULeaf,fourier,20,95,1.0,0.9608763693270735,0.03912363067292646,0.7871674491392802,0.21283255086071984
ResNet,OSULeaf,fourier,20,90,1.0,0.9698972099853157,0.0301027900146843,0.8186490455212923,0.18135095447870775
ResNet,OSULeaf,fourier,20,85,1.0,0.9687774846086191,0.03122251539138088,0.8276165347405453,0.1723834652594547
ResNet,OSULeaf,fourier,20,80,1.0,0.9702072538860104,0.029792746113989632,0.8235103626943006,0.17648963730569944
ResNet,OSULeaf,fourier,20,75,1.0,0.9685807150595883,0.031419284940411685,0.8187973997833152,0.18120260021668477
ResNet,OSULeaf,fourier,20,70,1.0,0.9682004336304505,0.0317995663695495,0.8125752830643218,0.1874247169356782
ResNet,OSULeaf,fourier,20,65,1.0,0.9661857529305681,0.033814247069431924,0.8020739404869252,0.19792605951307485
ResNet,OSULeaf,fourier,20,60,1.0,0.9641778161415624,0.035822183858437606,0.7949935261113509,0.20500647388864912
ResNet,OSULeaf,fourier,20,55,1.0,0.9638731358958202,0.03612686410417976,0.7903801722327242,0.20961982776727583
ResNet,OSULeaf,fourier,20,50,1.0,0.9627418690819267,0.037258130918073284,0.7853025936599424,0.21469740634005763
ResNet,OSULeaf,linear,20,95,1.0,0.9499358151476252,0.05006418485237485,0.7599486521181001,0.24005134788189986
ResNet,OSULeaf,linear,20,90,1.0,0.9646860986547086,0.03531390134529144,0.7886771300448431,0.21132286995515692
ResNet,OSULeaf,linear,20,85,1.0,0.97054698457223,0.029453015427770013,0.8075035063113605,0.19249649368863953
ResNet,OSULeaf,linear,20,80,1.0,0.972411909314395,0.02758809068560497,0.8071565146134936,0.19284348538650642
ResNet,OSULeaf,linear,20,75,1.0,0.9680094786729858,0.03199052132701419,0.797867298578199,0.20213270142180095
ResNet,OSULeaf,linear,20,70,1.0,0.9653964082347788,0.03460359176522121,0.7897503285151117,0.21024967148488827
ResNet,OSULeaf,linear,20,65,1.0,0.9642707898035938,0.03572921019640618,0.7852068533221898,0.21479314667781024
ResNet,OSULeaf,linear,20,60,1.0,0.9617497456765005,0.03825025432349949,0.7812817904374364,0.2187182095625636
ResNet,OSULeaf,linear,20,55,1.0,0.9603444822751852,0.03965551772481479,0.7798918485880232,0.22010815141197682
ResNet,OSULeaf,linear,20,50,1.0,0.9594997022036926,0.04050029779630737,0.7794322017073655,0.2205677982926345
ResNet,OSULeaf,fourier,25,95,1.0,0.9476117103235747,0.05238828967642528,0.8043143297380585,0.1956856702619415
ResNet,OSULeaf,fourier,25,90,1.0,0.9636767976278725,0.036323202372127494,0.8272794662713121,0.1727205337286879
ResNet,OSULeaf,fourier,25,85,1.0,0.9695264885138303,0.030473511486169724,0.8279418659165495,0.1720581340834505
ResNet,OSULeaf,fourier,25,80,1.0,0.971003717472119,0.028996282527881,0.829368029739777,0.17063197026022303
ResNet,OSULeaf,fourier,25,75,1.0,0.9697162894485177,0.030283710551482268,0.8233981510997769,0.17660184890022312
ResNet,OSULeaf,fourier,25,70,1.0,0.9688319254296534,0.03116807457034665,0.8135741334110108,0.1864258665889892
ResNet,OSULeaf,fourier,25,65,1.0,0.9665294924554184,0.033470507544581585,0.8082304526748971,0.19176954732510287
ResNet,OSULeaf,fourier,25,60,1.0,0.9637890317501968,0.03621096824980319,0.7982156914195749,0.20178430858042506
ResNet,OSULeaf,fourier,25,55,1.0,0.9619482496194824,0.03805175038051756,0.7917300862506342,0.20826991374936576
ResNet,OSULeaf,fourier,25,50,1.0,0.9619402985074627,0.038059701492537346,0.7880597014925373,0.21194029850746265
ResNet,OSULeaf,linear,25,95,1.0,0.9455958549222798,0.05440414507772018,0.7823834196891192,0.21761658031088082
ResNet,OSULeaf,linear,25,90,1.0,0.9608076009501187,0.039192399049881255,0.8123515439429929,0.18764845605700708
ResNet,OSULeaf,linear,25,85,1.0,0.9668115369419202,0.033188463058079765,0.8170683524298696,0.18293164757013036
ResNet,OSULeaf,linear,25,80,1.0,0.9659906396255851,0.03400936037441493,0.8118564742589703,0.18814352574102966
ResNet,OSULeaf,linear,25,75,1.0,0.9657762938230384,0.03422370617696158,0.800222593210907,0.19977740678909295
ResNet,OSULeaf,linear,25,70,1.0,0.964641173389209,0.03535882661079104,0.7925615505500262,0.2074384494499738
ResNet,OSULeaf,linear,25,65,1.0,0.9622166246851386,0.03778337531486142,0.7894206549118388,0.21057934508816123
ResNet,OSULeaf,linear,25,60,1.0,0.9604449938195303,0.0395550061804697,0.7876390605686032,0.21236093943139678
ResNet,OSULeaf,linear,25,55,1.0,0.9586977648202138,0.04130223517978615,0.7840136054421769,0.2159863945578231
ResNet,OSULeaf,linear,25,50,1.0,0.9578109932497589,0.042189006750241065,0.7820636451301832,0.21793635486981677
ResNet,OSULeaf,fourier,30,95,1.0,0.9593373493975904,0.04066265060240959,0.8177710843373494,0.18222891566265065
ResNet,OSULeaf,fourier,30,90,1.0,0.9680624556422995,0.031937544357700465,0.8275372604684174,0.17246273953158264
ResNet,OSULeaf,fourier,30,85,1.0,0.9683908045977011,0.031609195402298895,0.8347701149425287,0.16522988505747127
ResNet,OSULeaf,fourier,30,80,1.0,0.9689119170984456,0.031088082901554404,0.8318055001992826,0.16819449980071743
ResNet,OSULeaf,fourier,30,75,1.0,0.9678226671433678,0.03217733285663216,0.8226671433678941,0.17733285663210585
ResNet,OSULeaf,fourier,30,70,1.0,0.9662320294215981,0.03376797057840186,0.8110999665663657,0.18890003343363426
ResNet,OSULeaf,fourier,30,65,1.0,0.9637404580152672,0.0362595419847328,0.8043893129770993,0.19561068702290074
ResNet,OSULeaf,fourier,30,60,1.0,0.9635013918960718,0.03649860810392824,0.8014228270955769,0.19857717290442312
ResNet,OSULeaf,fourier,30,55,1.0,0.9601569574403863,0.039843042559613684,0.7950498038031996,0.20495019619680044
ResNet,OSULeaf,fourier,30,50,1.0,0.9594074074074074,0.040592592592592625,0.7931851851851852,0.20681481481481478
ResNet,OSULeaf,linear,30,95,1.0,0.9470013947001394,0.05299860529986056,0.8047419804741981,0.1952580195258019
ResNet,OSULeaf,linear,30,90,1.0,0.9678233438485805,0.032176656151419514,0.8347003154574133,0.1652996845425867
ResNet,OSULeaf,linear,30,85,1.0,0.9696202531645569,0.03037974683544309,0.8299578059071729,0.17004219409282706
ResNet,OSULeaf,linear,30,80,1.0,0.968365553602812,0.03163444639718804,0.8175746924428823,0.18242530755711772
ResNet,OSULeaf,linear,30,75,1.0,0.9674193548387097,0.032580645161290334,0.812258064516129,0.18774193548387097
ResNet,OSULeaf,linear,30,70,1.0,0.9643844028246853,0.035615597175314706,0.803193122505373,0.196806877494627
ResNet,OSULeaf,linear,30,65,1.0,0.9629518972213923,0.037048102778607706,0.7962354347176576,0.20376456528234244
ResNet,OSULeaf,linear,30,60,1.0,0.9605032182562903,0.03949678174370974,0.7925687536571094,0.20743124634289056
ResNet,OSULeaf,linear,30,55,1.0,0.9589476727377855,0.04105232726221453,0.7906909511419485,0.20930904885805146
ResNet,OSULeaf,linear,30,50,1.0,0.9559244419004007,0.04407555809959929,0.7870635374928449,0.21293646250715514
ResNet,OSULeaf,fourier,35,95,1.0,0.9508196721311475,0.049180327868852514,0.8114754098360656,0.1885245901639344
ResNet,OSULeaf,fourier,35,90,1.0,0.9661399548532731,0.033860045146726914,0.8231753197893152,0.17682468021068476
ResNet,OSULeaf,fourier,35,85,1.0,0.9715639810426541,0.028436018957345932,0.8256977356503423,0.17430226434965768
ResNet,OSULeaf,fourier,35,80,1.0,0.9674725274725274,0.03252747252747257,0.821098901098901,0.17890109890109895
ResNet,OSULeaf,fourier,35,75,1.0,0.9637883008356546,0.03621169916434541,0.8093911659371269,0.1906088340628731
ResNet,OSULeaf,fourier,35,70,1.0,0.9598214285714286,0.0401785714285714,0.8028273809523809,0.19717261904761907
ResNet,OSULeaf,fourier,35,65,1.0,0.9578014184397163,0.042198581560283666,0.799645390070922,0.20035460992907805
ResNet,OSULeaf,fourier,35,60,1.0,0.9551414768806074,0.044858523119392646,0.7957211870255348,0.20427881297446515
ResNet,OSULeaf,fourier,35,55,1.0,0.953960731211916,0.046039268788083954,0.7928232904536222,0.2071767095463778
ResNet,OSULeaf,fourier,35,50,1.0,0.9525242393848211,0.047475760615178886,0.7910397860247409,0.2089602139752591
ResNet,OSULeaf,linear,35,95,1.0,0.9585427135678392,0.041457286432160845,0.8027638190954773,0.19723618090452266
ResNet,OSULeaf,linear,35,90,1.0,0.9658744667885436,0.034125533211456394,0.8171846435100548,0.18281535648994518
ResNet,OSULeaf,linear,35,85,1.0,0.9653052261747914,0.03469477382520858,0.8164251207729468,0.18357487922705318
ResNet,OSULeaf,linear,35,80,1.0,0.9628210042161748,0.03717899578382522,0.8075891146032963,0.1924108853967037
ResNet,OSULeaf,linear,35,75,1.0,0.9605593402653281,0.03944065973467192,0.8017210469702403,0.19827895302975973
ResNet,OSULeaf,linear,35,70,1.0,0.9578729281767956,0.04212707182320441,0.7962707182320442,0.2037292817679558
ResNet,OSULeaf,linear,35,65,1.0,0.9554355165428764,0.044564483457123605,0.7903443619176233,0.20965563808237675
ResNet,OSULeaf,linear,35,60,1.0,0.9547119547119547,0.04528804528804531,0.7905427905427905,0.20945720945720947
ResNet,OSULeaf,linear,35,55,1.0,0.952820851204223,0.047179148795777004,0.7875288683602771,0.21247113163972287
ResNet,OSULeaf,linear,35,50,1.0,0.9526315789473684,0.047368421052631615,0.7875,0.21250000000000002
ResNet,OSULeaf,fourier,40,95,1.0,0.9551630434782609,0.044836956521739135,0.7880434782608695,0.2119565217391305
ResNet,OSULeaf,fourier,40,90,1.0,0.9641350210970464,0.03586497890295359,0.7960618846694796,0.20393811533052042
ResNet,OSULeaf,fourier,40,85,1.0,0.9639008620689655,0.036099137931034475,0.7941810344827587,0.20581896551724133
ResNet,OSULeaf,fourier,40,80,1.0,0.9624703087885986,0.03752969121140137,0.7881235154394299,0.21187648456057007
ResNet,OSULeaf,fourier,40,75,1.0,0.9568815331010453,0.04311846689895471,0.7809233449477352,0.2190766550522648
ResNet,OSULeaf,fourier,40,70,1.0,0.9551738583996648,0.044826141600335156,0.7762882279011312,0.22371177209886883
ResNet,OSULeaf,fourier,40,65,1.0,0.9525547445255474,0.04744525547445255,0.7708840227088403,0.22911597729115973
ResNet,OSULeaf,fourier,40,60,1.0,0.9484331614438715,0.051566838556128536,0.7647758825862753,0.23522411741372473
ResNet,OSULeaf,fourier,40,55,1.0,0.9474097331240189,0.05259026687598112,0.7613814756671899,0.23861852433281006
ResNet,OSULeaf,fourier,40,50,1.0,0.9454616283599533,0.05453837164004671,0.7588624853915076,0.24113751460849242
ResNet,OSULeaf,linear,40,95,1.0,0.9491916859122402,0.050808314087759765,0.7655889145496536,0.2344110854503464
ResNet,OSULeaf,linear,40,90,1.0,0.9610870907967881,0.03891290920321189,0.7844348363187152,0.21556516368128475
ResNet,OSULeaf,linear,40,85,1.0,0.9609962406015038,0.03900375939849621,0.7894736842105263,0.21052631578947367
ResNet,OSULeaf,linear,40,80,1.0,0.9570685169124025,0.04293148308759753,0.7870771899392888,0.21292281006071123
ResNet,OSULeaf,linear,40,75,1.0,0.9526748971193416,0.04732510288065839,0.7748971193415638,0.2251028806584362
ResNet,OSULeaf,linear,40,70,1.0,0.9479583666933546,0.05204163330664535,0.7650120096076861,0.23498799039231388
ResNet,OSULeaf,linear,40,65,1.0,0.94672454617206,0.05327545382793997,0.7620363062352012,0.23796369376479876
ResNet,OSULeaf,linear,40,60,1.0,0.944184231069477,0.05581576893052298,0.758391881342701,0.24160811865729903
ResNet,OSULeaf,linear,40,55,1.0,0.9426134160527336,0.05738658394726637,0.7564947654129508,0.2435052345870492
ResNet,OSULeaf,linear,40,50,1.0,0.9425376012340918,0.057462398765908196,0.7551099112996529,0.24489008870034712
ResNet,OSULeaf,fourier,45,95,1.0,0.9601593625498008,0.03984063745019917,0.8047808764940239,0.19521912350597614
ResNet,OSULeaf,fourier,45,90,1.0,0.9683766690091357,0.03162333099086434,0.8067463106113844,0.19325368938861565
ResNet,OSULeaf,fourier,45,85,1.0,0.9650704225352112,0.03492957746478875,0.7949295774647888,0.20507042253521124
ResNet,OSULeaf,fourier,45,80,1.0,0.9582914572864322,0.04170854271356783,0.785427135678392,0.21457286432160805
ResNet,OSULeaf,fourier,45,75,1.0,0.9526932084309133,0.04730679156908668,0.7793911007025761,0.2206088992974239
ResNet,OSULeaf,fourier,45,70,1.0,0.9497757847533632,0.05022421524663678,0.7753363228699551,0.22466367713004487
ResNet,OSULeaf,fourier,45,65,1.0,0.9469334493257938,0.05306655067420618,0.7716398434101783,0.22836015658982167
ResNet,OSULeaf,fourier,45,60,1.0,0.944706386626661,0.055293613373339046,0.7693956279468496,0.23060437205315043
ResNet,OSULeaf,fourier,45,55,1.0,0.9443736730360934,0.05562632696390657,0.7677282377919321,0.2322717622080679
ResNet,OSULeaf,fourier,45,50,1.0,0.9437632135306554,0.0562367864693446,0.7674418604651163,0.2325581395348837
ResNet,OSULeaf,linear,45,95,1.0,0.9529276693455798,0.04707233065442018,0.7784156142365097,0.22158438576349027
ResNet,OSULeaf,linear,45,90,1.0,0.9607965152457997,0.039203484754200324,0.7965152457996266,0.20348475420037337
ResNet,OSULeaf,linear,45,85,1.0,0.9628140703517588,0.03718592964824119,0.7949748743718593,0.20502512562814068
ResNet,OSULeaf,linear,45,80,1.0,0.9542302357836339,0.04576976421636614,0.7850208044382802,0.21497919556171985
ResNet,OSULeaf,linear,45,75,1.0,0.9523385300668151,0.047661469933184875,0.7799554565701559,0.22004454342984414
ResNet,OSULeaf,linear,45,70,1.0,0.948561464690497,0.05143853530950304,0.7746294681778553,0.22537053182214473
ResNet,OSULeaf,linear,45,65,1.0,0.946167097329888,0.05383290267011198,0.7717484926787253,0.22825150732127475
ResNet,OSULeaf,linear,45,60,1.0,0.943404255319149,0.056595744680851046,0.7676595744680851,0.23234042553191492
ResNet,OSULeaf,linear,45,55,1.0,0.9432924248836225,0.05670757511637747,0.7668218366483284,0.23317816335167163
ResNet,OSULeaf,linear,45,50,1.0,0.9434121621621622,0.05658783783783783,0.7660472972972973,0.23395270270270274
ResNet,OSULeaf,fourier,50,95,1.0,0.956575682382134,0.043424317617866026,0.7704714640198511,0.22952853598014888
ResNet,OSULeaf,fourier,50,90,1.0,0.9592727272727273,0.04072727272727272,0.7796363636363637,0.22036363636363632
ResNet,OSULeaf,fourier,50,85,1.0,0.9583584791792396,0.04164152082076045,0.7767048883524442,0.22329511164755578
ResNet,OSULeaf,fourier,50,80,1.0,0.9530567685589519,0.04694323144104806,0.767467248908297,0.23253275109170302
ResNet,OSULeaf,fourier,50,75,1.0,0.9499742135121196,0.050025786487880364,0.7658586900464157,0.2341413099535843
ResNet,OSULeaf,fourier,50,70,1.0,0.9471343873517787,0.052865612648221316,0.758399209486166,0.24160079051383399
ResNet,OSULeaf,fourier,50,65,1.0,0.9454106280193236,0.05458937198067637,0.7555555555555555,0.24444444444444446
ResNet,OSULeaf,fourier,50,60,1.0,0.9433872502378687,0.056612749762131265,0.7530922930542341,0.24690770694576591
ResNet,OSULeaf,fourier,50,55,1.0,0.9424799622819425,0.05752003771805747,0.7515322960867515,0.24846770391324846
ResNet,OSULeaf,fourier,50,50,1.0,0.9414245548266167,0.05857544517338331,0.7502343017806935,0.2497656982193065
ResNet,OSULeaf,linear,50,95,1.0,0.9539473684210527,0.046052631578947345,0.7736842105263158,0.22631578947368425
ResNet,OSULeaf,linear,50,90,1.0,0.962536023054755,0.03746397694524495,0.7867435158501441,0.21325648414985587
ResNet,OSULeaf,linear,50,85,1.0,0.9597701149425287,0.04022988505747127,0.7781609195402299,0.22183908045977008
ResNet,OSULeaf,linear,50,80,1.0,0.953231739358907,0.04676826064109296,0.7719390436153442,0.22806095638465584
ResNet,OSULeaf,linear,50,75,1.0,0.947129909365559,0.052870090634441036,0.7653575025176234,0.23464249748237664
ResNet,OSULeaf,linear,50,70,1.0,0.947265625,0.052734375,0.75927734375,0.24072265625
ResNet,OSULeaf,linear,50,65,1.0,0.9430349449497367,0.05696505505026328,0.7549066539013882,0.24509334609861178
ResNet,OSULeaf,linear,50,60,1.0,0.9429115128449096,0.057088487155090406,0.7540437678401523,0.24595623215984774
ResNet,OSULeaf,linear,50,55,1.0,0.94234404536862,0.05765595463137996,0.752835538752363,0.24716446124763702
ResNet,OSULeaf,linear,50,50,1.0,0.9416195856873822,0.05838041431261776,0.751412429378531,0.24858757062146897
ResNet,OSULeaf,fourier,55,95,1.0,0.9370179948586118,0.06298200514138819,0.7660668380462725,0.2339331619537275
ResNet,OSULeaf,fourier,55,90,1.0,0.9426751592356688,0.0573248407643312,0.7643312101910829,0.23566878980891715
ResNet,OSULeaf,fourier,55,85,1.0,0.9398395721925134,0.06016042780748665,0.7620320855614974,0.23796791443850263
ResNet,OSULeaf,fourier,55,80,1.0,0.9437308868501529,0.05626911314984706,0.7626911314984709,0.2373088685015291
ResNet,OSULeaf,fourier,55,75,1.0,0.9389965792474344,0.061003420752565596,0.7554161915621437,0.24458380843785632
ResNet,OSULeaf,fourier,55,70,1.0,0.9386973180076629,0.06130268199233713,0.7536945812807881,0.24630541871921185
ResNet,OSULeaf,fourier,55,65,1.0,0.9390507011866235,0.06094929881337652,0.7524271844660194,0.24757281553398058
ResNet,OSULeaf,fourier,55,60,1.0,0.939297124600639,0.060702875399361034,0.751863684771033,0.24813631522896695
ResNet,OSULeaf,fourier,55,55,1.0,0.9397781299524565,0.060221870047543535,0.751188589540412,0.248811410459588
ResNet,OSULeaf,fourier,55,50,1.0,0.9394418114797262,0.06055818852027384,0.7498683517640864,0.2501316482359136
ResNet,OSULeaf,linear,55,95,1.0,0.9513888888888888,0.04861111111111116,0.7638888888888888,0.23611111111111116
ResNet,OSULeaf,linear,55,90,1.0,0.9490703314470493,0.05092966855295067,0.7574777687954729,0.2425222312045271
ResNet,OSULeaf,linear,55,85,1.0,0.9508519003931848,0.04914809960681521,0.7667103538663171,0.23328964613368286
ResNet,OSULeaf,linear,55,80,1.0,0.9482352941176471,0.051764705882352935,0.7652941176470588,0.2347058823529412
ResNet,OSULeaf,linear,55,75,1.0,0.9435984207557812,0.05640157924421885,0.757473209249859,0.24252679075014105
ResNet,OSULeaf,linear,55,70,1.0,0.9425915800984145,0.05740841990158552,0.7550574084199015,0.24494259158009846
ResNet,OSULeaf,linear,55,65,1.0,0.9419354838709677,0.058064516129032295,0.7526881720430108,0.24731182795698925
ResNet,OSULeaf,linear,55,60,1.0,0.9420520999468368,0.05794790005316319,0.7506645401382244,0.24933545986177563
ResNet,OSULeaf,linear,55,55,1.0,0.940646528881823,0.059353471118177015,0.749867514573397,0.25013248542660305
ResNet,OSULeaf,linear,55,50,1.0,0.939873417721519,0.060126582278481,0.75,0.25
ResNet,OSULeaf,fourier,5,95,1.0,0.9863072314933675,0.01369276850663248,0.8528027385537014,0.14719726144629863
ResNet,OSULeaf,fourier,5,90,1.0,0.9871107708014293,0.012889229198570717,0.8584737110770801,0.14152628892291985
ResNet,OSULeaf,fourier,5,85,1.0,0.9877991553261379,0.012200844673862066,0.866353824495542,0.133646175504458
ResNet,OSULeaf,fourier,5,80,1.0,0.9876437674852346,0.012356232514765364,0.8690550202051601,0.13094497979483988
ResNet,OSULeaf,fourier,5,75,1.0,0.9875913415138563,0.012408658486143698,0.8695022749207224,0.1304977250792776
ResNet,OSULeaf,fourier,5,70,1.0,0.9876897563464727,0.012310243653527286,0.8699451460645491,0.1300548539354509
ResNet,OSULeaf,fourier,5,65,1.0,0.987364288781206,0.012635711218794032,0.8693491995338282,0.13065080046617183
ResNet,OSULeaf,fourier,5,60,1.0,0.9869974234525736,0.013002576547426425,0.8690754389118581,0.13092456108814188
ResNet,OSULeaf,fourier,5,55,1.0,0.9862105699236551,0.013789430076344922,0.8679055453630822,0.13209445463691782
ResNet,OSULeaf,fourier,5,50,1.0,0.985357247868274,0.014642752131725945,0.8669802999117906,0.1330197000882094
ResNet,OSULeaf,linear,5,95,1.0,0.9894689333533925,0.010531066646607523,0.8746803069053708,0.1253196930946292
ResNet,OSULeaf,linear,5,90,1.0,0.9915886967205368,0.008411303279463156,0.8746810320385597,0.12531896796144026
ResNet,OSULeaf,linear,5,85,1.0,0.9905752846264043,0.009424715373595682,0.872200859534042,0.12779914046595797
ResNet,OSULeaf,linear,5,80,1.0,0.9900434346809222,0.009956565319077848,0.8732375542933511,0.12676244570664885
ResNet,OSULeaf,linear,5,75,1.0,0.9892600686856072,0.01073993131439277,0.8702466437714642,0.1297533562285358
ResNet,OSULeaf,linear,5,70,1.0,0.9879481771617957,0.012051822838204274,0.8694787586622477,0.13052124133775234
ResNet,OSULeaf,linear,5,65,1.0,0.987329030730061,0.012670969269939047,0.8684942862218011,0.13150571377819886
ResNet,OSULeaf,linear,5,60,1.0,0.9869549888353508,0.013045011164649178,0.8686097073686685,0.1313902926313315
ResNet,OSULeaf,linear,5,55,1.0,0.9865189613738937,0.013481038626106279,0.868296113944083,0.13170388605591699
ResNet,OSULeaf,linear,5,50,1.0,0.986017668051249,0.013982331948750981,0.8676651260750015,0.13233487392499854
ResNet,OSULeaf,fourier,60,95,1.0,0.9623493975903614,0.03765060240963858,0.8132530120481928,0.18674698795180722
ResNet,OSULeaf,fourier,60,90,1.0,0.967600700525394,0.03239929947460596,0.8117338003502627,0.18826619964973734
ResNet,OSULeaf,fourier,60,85,1.0,0.9695872556118754,0.03041274438812458,0.8117306299782766,0.1882693700217234
ResNet,OSULeaf,fourier,60,80,1.0,0.9647749510763209,0.03522504892367906,0.7964774951076321,0.2035225048923679
ResNet,OSULeaf,fourier,60,75,1.0,0.9594185342216839,0.04058146577831612,0.7874015748031497,0.21259842519685035
ResNet,OSULeaf,fourier,60,70,1.0,0.9579250720461095,0.04207492795389045,0.7855907780979827,0.21440922190201728
ResNet,OSULeaf,fourier,60,65,1.0,0.9535655058043118,0.046434494195688236,0.7816473189607518,0.2183526810392482
ResNet,OSULeaf,fourier,60,60,1.0,0.9521998913633895,0.04780010863661055,0.78164041281912,0.21835958718088
ResNet,OSULeaf,fourier,60,55,1.0,0.950187466523835,0.04981253347616499,0.7787895018746652,0.22121049812533478
ResNet,OSULeaf,fourier,60,50,1.0,0.9501854795972443,0.04981452040275569,0.7784843667196608,0.22151563328033919
ResNet,OSULeaf,linear,60,95,1.0,0.9549929676511955,0.04500703234880454,0.8073136427566807,0.19268635724331928
ResNet,OSULeaf,linear,60,90,1.0,0.9598031173092699,0.040196882690730074,0.8121410992616899,0.18785890073831013
ResNet,OSULeaf,linear,60,85,1.0,0.9584450402144772,0.041554959785522816,0.8049597855227882,0.19504021447721176
ResNet,OSULeaf,linear,60,80,1.0,0.9552599758162031,0.044740024183796856,0.7962515114873036,0.20374848851269645
ResNet,OSULeaf,linear,60,75,1.0,0.9518958687040181,0.0481041312959819,0.7911714770797963,0.2088285229202037
ResNet,OSULeaf,linear,60,70,1.0,0.9505766062602965,0.0494233937397035,0.786381109280615,0.213618890719385
ResNet,OSULeaf,linear,60,65,1.0,0.9493534482758621,0.0506465517241379,0.7828663793103449,0.21713362068965514
ResNet,OSULeaf,linear,60,60,1.0,0.9494411921234699,0.05055880787653011,0.7802022352315061,0.2197977647684939
ResNet,OSULeaf,linear,60,55,1.0,0.9486228813559322,0.0513771186440678,0.7791313559322034,0.2208686440677966
ResNet,OSULeaf,linear,60,50,1.0,0.9488935721812434,0.05110642781875663,0.7781875658587988,0.22181243414120122
ResNet,OSULeaf,fourier,65,95,1.0,0.9289099526066351,0.07109004739336489,0.7788309636650869,0.22116903633491314
ResNet,OSULeaf,fourier,65,90,1.0,0.9355797819623389,0.06442021803766107,0.77601585728444,0.22398414271556
ResNet,OSULeaf,fourier,65,85,1.0,0.9304418985270049,0.06955810147299513,0.7675941080196399,0.2324058919803601
ResNet,OSULeaf,fourier,65,80,1.0,0.9302496328928047,0.06975036710719529,0.7679882525697503,0.23201174743024966
ResNet,OSULeaf,fourier,65,75,1.0,0.9293405114401077,0.07065948855989235,0.7624495289367429,0.2375504710632571
ResNet,OSULeaf,fourier,65,70,1.0,0.9302775984506133,0.06972240154938669,0.7604906391220142,0.2395093608779858
ResNet,OSULeaf,fourier,65,65,1.0,0.9312736443883984,0.06872635561160156,0.7578814627994955,0.24211853720050447
ResNet,OSULeaf,fourier,65,60,1.0,0.9298461538461539,0.07015384615384612,0.7556923076923077,0.24430769230769234
ResNet,OSULeaf,fourier,65,55,1.0,0.9296116504854369,0.07038834951456308,0.7530339805825242,0.24696601941747576
ResNet,OSULeaf,fourier,65,50,1.0,0.9300783604581073,0.06992163954189268,0.753465943339361,0.246534056660639
ResNet,OSULeaf,linear,65,95,1.0,0.9229651162790697,0.07703488372093026,0.7616279069767442,0.2383720930232558
ResNet,OSULeaf,linear,65,90,1.0,0.9287804878048781,0.0712195121951219,0.7678048780487805,0.2321951219512195
ResNet,OSULeaf,linear,65,85,1.0,0.9323248407643312,0.0676751592356688,0.767515923566879,0.23248407643312097
ResNet,OSULeaf,linear,65,80,1.0,0.9322033898305084,0.06779661016949157,0.7669491525423728,0.23305084745762716
ResNet,OSULeaf,linear,65,75,1.0,0.9335963182117029,0.06640368178829714,0.7646285338593031,0.23537146614069693
ResNet,OSULeaf,linear,65,70,1.0,0.9331651954602774,0.06683480453972257,0.7629255989911727,0.23707440100882726
ResNet,OSULeaf,linear,65,65,1.0,0.9307359307359307,0.06926406926406925,0.7588126159554731,0.2411873840445269
ResNet,OSULeaf,linear,65,60,1.0,0.9298352654057352,0.07016473459426475,0.7547284929835265,0.2452715070164735
ResNet,OSULeaf,linear,65,55,1.0,0.9303874092009685,0.06961259079903148,0.7536319612590799,0.24636803874092006
ResNet,OSULeaf,linear,65,50,1.0,0.9300783604581073,0.06992163954189268,0.7528631705846895,0.24713682941531046
ResNet,OSULeaf,fourier,70,95,1.0,0.94,0.06000000000000005,0.8416666666666667,0.15833333333333333
ResNet,OSULeaf,fourier,70,90,1.0,0.9442658092175777,0.055734190782422255,0.842443729903537,0.157556270096463
ResNet,OSULeaf,fourier,70,85,1.0,0.9458515283842794,0.05414847161572056,0.840174672489083,0.15982532751091705
ResNet,OSULeaf,fourier,70,80,1.0,0.9418515684774292,0.058148431522570765,0.8324407039020658,0.16755929609793418
ResNet,OSULeaf,fourier,70,75,1.0,0.9412181303116147,0.05878186968838528,0.8243626062322946,0.17563739376770537
ResNet,OSULeaf,fourier,70,70,1.0,0.9397590361445783,0.06024096385542166,0.820615796519411,0.17938420348058903
ResNet,OSULeaf,fourier,70,65,1.0,0.9352978859705318,0.06470211402946824,0.8161434977578476,0.18385650224215244
ResNet,OSULeaf,fourier,70,60,1.0,0.9351620947630923,0.06483790523690769,0.814214463840399,0.18578553615960103
ResNet,OSULeaf,fourier,70,55,1.0,0.9340256566890653,0.06597434331093466,0.8124618204031765,0.1875381795968235
ResNet,OSULeaf,fourier,70,50,1.0,0.9339794064203513,0.06602059357964873,0.8128407026044822,0.18715929739551784
ResNet,OSULeaf,linear,70,95,1.0,0.9499217527386542,0.0500782472613458,0.7981220657276995,0.2018779342723005
ResNet,OSULeaf,linear,70,90,1.0,0.9476386036960985,0.052361396303901464,0.8172484599589322,0.18275154004106775
ResNet,OSULeaf,linear,70,85,1.0,0.9436974789915966,0.05630252100840338,0.8260504201680672,0.17394957983193282
ResNet,OSULeaf,linear,70,80,1.0,0.9427312775330396,0.05726872246696035,0.8223201174743024,0.17767988252569755
ResNet,OSULeaf,linear,70,75,1.0,0.9378342245989305,0.06216577540106949,0.8181818181818182,0.18181818181818177
ResNet,OSULeaf,linear,70,70,1.0,0.9356913183279743,0.06430868167202575,0.8160771704180064,0.18392282958199357
ResNet,OSULeaf,linear,70,65,1.0,0.9342928660826032,0.0657071339173968,0.8160200250312891,0.18397997496871088
ResNet,OSULeaf,linear,70,60,1.0,0.9343960760269773,0.06560392397302273,0.8160637645616187,0.18393623543838133
ResNet,OSULeaf,linear,70,55,1.0,0.9345057610673135,0.06549423893268647,0.8156458459672529,0.18435415403274713
ResNet,OSULeaf,linear,70,50,1.0,0.9341787439613527,0.0658212560386473,0.8146135265700483,0.18538647342995174
ResNet,OSULeaf,fourier,75,95,1.0,0.9139280125195618,0.0860719874804382,0.7715179968701096,0.22848200312989042
ResNet,OSULeaf,fourier,75,90,1.0,0.9212410501193318,0.07875894988066823,0.7720763723150358,0.22792362768496421
ResNet,OSULeaf,fourier,75,85,1.0,0.9242125984251969,0.07578740157480313,0.7706692913385826,0.22933070866141736
ResNet,OSULeaf,fourier,75,80,1.0,0.9234828496042217,0.07651715039577833,0.7757255936675461,0.22427440633245388
ResNet,OSULeaf,fourier,75,75,1.0,0.9226430298146656,0.07735697018533438,0.7695406929895245,0.23045930701047546
ResNet,OSULeaf,fourier,75,70,1.0,0.9224334600760457,0.07756653992395435,0.7695817490494297,0.23041825095057034
ResNet,OSULeaf,fourier,75,65,1.0,0.9244868035190615,0.07551319648093846,0.7653958944281525,0.23460410557184752
ResNet,OSULeaf,fourier,75,60,1.0,0.9255547602004295,0.07444523979957052,0.7666428060128847,0.2333571939871153
ResNet,OSULeaf,fourier,75,55,1.0,0.9264497878359265,0.07355021216407354,0.768033946251768,0.23196605374823198
ResNet,OSULeaf,fourier,75,50,1.0,0.9265220433869839,0.07347795661301615,0.768369489153254,0.23163051084674602
ResNet,OSULeaf,linear,75,95,1.0,0.9237012987012987,0.07629870129870131,0.7564935064935064,0.24350649350649356
ResNet,OSULeaf,linear,75,90,1.0,0.9222614840989399,0.07773851590106007,0.7667844522968198,0.2332155477031802
ResNet,OSULeaf,linear,75,85,1.0,0.9233038348082596,0.07669616519174038,0.7659783677482792,0.2340216322517208
ResNet,OSULeaf,linear,75,80,1.0,0.9222797927461139,0.07772020725388606,0.7625215889464594,0.23747841105354062
ResNet,OSULeaf,linear,75,75,1.0,0.9237421383647799,0.07625786163522008,0.7665094339622641,0.23349056603773588
ResNet,OSULeaf,linear,75,70,1.0,0.9248511904761905,0.07514880952380953,0.7700892857142857,0.2299107142857143
ResNet,OSULeaf,linear,75,65,1.0,0.926917510853835,0.073082489146165,0.7720694645441389,0.22793053545586106
ResNet,OSULeaf,linear,75,60,1.0,0.925160370634355,0.07483962936564503,0.7726300784034212,0.22736992159657876
ResNet,OSULeaf,linear,75,55,1.0,0.9254790631653655,0.07452093683463445,0.772888573456352,0.22711142654364802
ResNet,OSULeaf,linear,75,50,1.0,0.9262122276879832,0.07378777231201683,0.7709065354884048,0.22909346451159518
ResNet,OSULeaf,fourier,80,95,1.0,0.9286898839137645,0.0713101160862355,0.7628524046434494,0.2371475953565506
ResNet,OSULeaf,fourier,80,90,1.0,0.9301204819277108,0.0698795180722892,0.7518072289156627,0.24819277108433735
ResNet,OSULeaf,fourier,80,85,1.0,0.9226804123711341,0.07731958762886593,0.7391752577319588,0.2608247422680412
ResNet,OSULeaf,fourier,80,80,1.0,0.9167429094236048,0.08325709057639519,0.7383348581884721,0.2616651418115279
ResNet,OSULeaf,fourier,80,75,1.0,0.9163214581607291,0.08367854183927093,0.7357083678541839,0.2642916321458161
ResNet,OSULeaf,fourier,80,70,1.0,0.9175019275250579,0.08249807247494212,0.7316885119506553,0.2683114880493447
ResNet,OSULeaf,fourier,80,65,1.0,0.9196165191740413,0.0803834808259587,0.7293510324483776,0.2706489675516224
ResNet,OSULeaf,fourier,80,60,1.0,0.9208063354931606,0.0791936645068394,0.7321814254859611,0.2678185745140389
ResNet,OSULeaf,fourier,80,55,1.0,0.92181947405828,0.07818052594171998,0.7299218194740583,0.2700781805259417
ResNet,OSULeaf,fourier,80,50,1.0,0.9225897255453905,0.07741027445460946,0.7283603096410978,0.27163969035890223
ResNet,OSULeaf,linear,80,95,1.0,0.9253731343283582,0.07462686567164178,0.7296849087893864,0.2703150912106136
ResNet,OSULeaf,linear,80,90,1.0,0.9310344827586207,0.06896551724137934,0.7324613555291319,0.26753864447086806
ResNet,OSULeaf,linear,80,85,1.0,0.9285004965243296,0.07149950347567036,0.7318768619662364,0.26812313803376364
ResNet,OSULeaf,linear,80,80,1.0,0.9288811795316565,0.0711188204683435,0.7328707718993929,0.26712922810060713
ResNet,OSULeaf,linear,80,75,1.0,0.9239302694136292,0.07606973058637079,0.7266244057052298,0.2733755942947702
ResNet,OSULeaf,linear,80,70,1.0,0.925205684367988,0.074794315632012,0.7255048616305161,0.2744951383694839
ResNet,OSULeaf,linear,80,65,1.0,0.9242970439798125,0.0757029560201875,0.7253064167267483,0.27469358327325166
ResNet,OSULeaf,linear,80,60,1.0,0.9250535331905781,0.07494646680942185,0.7266238401142041,0.2733761598857959
ResNet,OSULeaf,linear,80,55,1.0,0.925035360678925,0.074964639321075,0.727015558698727,0.272984441301273
ResNet,OSULeaf,linear,80,50,1.0,0.9240506329113924,0.07594936708860756,0.7257383966244726,0.2742616033755274
ResNet,OSULeaf,fourier,85,95,1.0,0.9260628465804066,0.0739371534195934,0.789279112754159,0.21072088724584104
ResNet,OSULeaf,fourier,85,90,1.0,0.9264516129032258,0.07354838709677425,0.7651612903225806,0.23483870967741938
ResNet,OSULeaf,fourier,85,85,1.0,0.9203444564047363,0.07965554359526372,0.7610333692142088,0.23896663078579117
ResNet,OSULeaf,fourier,85,80,1.0,0.9196597353497165,0.08034026465028354,0.7637051039697542,0.23629489603024578
ResNet,OSULeaf,fourier,85,75,1.0,0.9209383145091226,0.07906168549087744,0.7593397046046916,0.24066029539530842
ResNet,OSULeaf,fourier,85,70,1.0,0.921875,0.078125,0.7606907894736842,0.23930921052631582
ResNet,OSULeaf,fourier,85,65,1.0,0.92265625,0.07734375000000004,0.76171875,0.23828125
ResNet,OSULeaf,fourier,85,60,1.0,0.9230188679245283,0.07698113207547175,0.7630188679245283,0.23698113207547167
ResNet,OSULeaf,fourier,85,55,1.0,0.9246525237746891,0.0753474762253109,0.7644476956839795,0.23555230431602048
ResNet,OSULeaf,fourier,85,50,1.0,0.9248389405869721,0.07516105941302786,0.7666428060128847,0.2333571939871153
ResNet,OSULeaf,linear,85,95,1.0,0.9319470699432892,0.06805293005671076,0.7542533081285444,0.2457466918714556
ResNet,OSULeaf,linear,85,90,1.0,0.9263024142312579,0.07369758576874208,0.7598475222363406,0.24015247776365944
ResNet,OSULeaf,linear,85,85,1.0,0.9260020554984584,0.07399794450154162,0.7718396711202467,0.22816032887975335
ResNet,OSULeaf,linear,85,80,1.0,0.9255222524977293,0.07447774750227065,0.7647593097184378,0.23524069028156225
ResNet,OSULeaf,linear,85,75,1.0,0.9250624479600333,0.07493755203996666,0.7676935886761033,0.23230641132389673
ResNet,OSULeaf,linear,85,70,1.0,0.9262166405023547,0.07378335949764525,0.7676609105180534,0.2323390894819466
ResNet,OSULeaf,linear,85,65,1.0,0.9276018099547512,0.07239819004524883,0.7677224736048266,0.2322775263951734
ResNet,OSULeaf,linear,85,60,1.0,0.9268471104608632,0.07315288953913679,0.7673738112655449,0.23262618873445506
ResNet,OSULeaf,linear,85,55,1.0,0.9253945480631277,0.07460545193687229,0.766857962697274,0.23314203730272598
ResNet,OSULeaf,linear,85,50,1.0,0.9253200568990043,0.07467994310099568,0.767425320056899,0.232574679943101
ResNet,OSULeaf,fourier,90,95,1.0,0.9195979899497487,0.08040201005025127,0.7839195979899497,0.2160804020100503
ResNet,OSULeaf,fourier,90,90,1.0,0.91,0.08999999999999997,0.76625,0.23375
ResNet,OSULeaf,fourier,90,85,1.0,0.9021739130434783,0.09782608695652173,0.758695652173913,0.241304347826087
ResNet,OSULeaf,fourier,90,80,1.0,0.9049019607843137,0.09509803921568627,0.7598039215686274,0.24019607843137258
ResNet,OSULeaf,fourier,90,75,1.0,0.9078341013824884,0.09216589861751157,0.7631336405529954,0.23686635944700463
ResNet,OSULeaf,fourier,90,70,1.0,0.9093333333333333,0.09066666666666667,0.7626666666666667,0.23733333333333329
ResNet,OSULeaf,fourier,90,65,1.0,0.9110535405872193,0.08894645941278068,0.7659758203799655,0.23402417962003452
ResNet,OSULeaf,fourier,90,60,1.0,0.9122657580919932,0.08773424190800683,0.7657580919931857,0.23424190800681433
ResNet,OSULeaf,fourier,90,55,1.0,0.9120879120879121,0.08791208791208793,0.7641589180050719,0.23584108199492815
ResNet,OSULeaf,fourier,90,50,1.0,0.9110738255033557,0.0889261744966443,0.764261744966443,0.23573825503355705
ResNet,OSULeaf,linear,90,95,1.0,0.9146341463414634,0.08536585365853655,0.7560975609756098,0.24390243902439024
ResNet,OSULeaf,linear,90,90,1.0,0.9084699453551912,0.09153005464480879,0.7568306010928961,0.24316939890710387
ResNet,OSULeaf,linear,90,85,1.0,0.9080325960419092,0.09196740395809078,0.760186263096624,0.23981373690337604
ResNet,OSULeaf,linear,90,80,1.0,0.9065708418891171,0.09342915811088293,0.7648870636550308,0.23511293634496921
ResNet,OSULeaf,linear,90,75,1.0,0.9075471698113208,0.09245283018867922,0.7660377358490567,0.23396226415094334
ResNet,OSULeaf,linear,90,70,1.0,0.9091726618705036,0.0908273381294964,0.762589928057554,0.237410071942446
ResNet,OSULeaf,linear,90,65,1.0,0.9111498257839721,0.08885017421602792,0.7613240418118467,0.23867595818815335
ResNet,OSULeaf,linear,90,60,1.0,0.9113384484228474,0.08866155157715261,0.7621483375959079,0.23785166240409206
ResNet,OSULeaf,linear,90,55,1.0,0.9106992417860151,0.08930075821398487,0.7641112047177759,0.23588879528222406
ResNet,OSULeaf,linear,90,50,1.0,0.9112970711297071,0.08870292887029285,0.7631799163179916,0.23682008368200835
ResNet,OSULeaf,fourier,95,95,1.0,0.893760539629005,0.10623946037099496,0.760539629005059,0.239460370994941
ResNet,OSULeaf,fourier,95,90,1.0,0.8946716232961586,0.10532837670384143,0.7645600991325898,0.23543990086741018
ResNet,OSULeaf,fourier,95,85,1.0,0.8978947368421053,0.1021052631578947,0.7589473684210526,0.2410526315789474
ResNet,OSULeaf,fourier,95,80,1.0,0.9049429657794676,0.09505703422053235,0.7604562737642585,0.2395437262357415
ResNet,OSULeaf,fourier,95,75,1.0,0.9059982094897046,0.09400179051029545,0.7618621307072516,0.23813786929274838
ResNet,OSULeaf,fourier,95,70,1.0,0.9060869565217391,0.0939130434782609,0.76,0.24
ResNet,OSULeaf,fourier,95,65,1.0,0.9059024807527801,0.09409751924721987,0.7596236099230111,0.24037639007698886
ResNet,OSULeaf,fourier,95,60,1.0,0.9072512647554806,0.09274873524451943,0.7613827993254637,0.2386172006745363
ResNet,OSULeaf,fourier,95,55,1.0,0.906801007556675,0.09319899244332497,0.7615449202350966,0.23845507976490343
ResNet,OSULeaf,fourier,95,50,1.0,0.907035175879397,0.09296482412060303,0.7613065326633166,0.2386934673366834
ResNet,OSULeaf,linear,95,95,1.0,0.9070175438596492,0.09298245614035083,0.7894736842105263,0.21052631578947367
ResNet,OSULeaf,linear,95,90,1.0,0.8967391304347826,0.1032608695652174,0.7554347826086957,0.24456521739130432
ResNet,OSULeaf,linear,95,85,1.0,0.8962703962703963,0.10372960372960371,0.7552447552447552,0.2447552447552448
ResNet,OSULeaf,linear,95,80,1.0,0.9007164790174002,0.09928352098259985,0.7543500511770727,0.24564994882292734
ResNet,OSULeaf,linear,95,75,1.0,0.9022770398481973,0.0977229601518027,0.7552182163187856,0.2447817836812144
ResNet,OSULeaf,linear,95,70,1.0,0.9028156221616712,0.09718437783832878,0.7565849227974568,0.24341507720254318
ResNet,OSULeaf,linear,95,65,1.0,0.9030837004405287,0.09691629955947134,0.7577092511013216,0.2422907488986784
ResNet,OSULeaf,linear,95,60,1.0,0.9056603773584906,0.09433962264150941,0.7615780445969125,0.23842195540308753
ResNet,OSULeaf,linear,95,55,1.0,0.905982905982906,0.09401709401709402,0.7623931623931623,0.23760683760683765
ResNet,OSULeaf,linear,95,50,1.0,0.9068585944115156,0.09314140558848438,0.7629127857747672,0.23708721422523282
