loss,accuracy,val_loss,val_accuracy,lr
0.6721715927124023,0.5,0.7124707102775574,0.5,0.001
0.3161545395851135,0.8999999761581421,0.8083356618881226,0.5,0.001
0.1963297426700592,1.0,1.0573976039886475,0.5,0.001
0.10551059246063232,1.0,1.4628413915634155,0.5,0.001
0.06430605053901672,1.0,2.311096429824829,0.5,0.001
0.04070562869310379,1.0,3.4551022052764893,0.5,0.001
0.030102554708719254,1.0,4.448538303375244,0.5,0.001
0.022570762783288956,1.0,5.213138580322266,0.5,0.001
0.018228774890303612,1.0,6.007185935974121,0.5,0.001
0.015890348702669144,1.0,6.99423885345459,0.5,0.001
0.012738639488816261,1.0,7.867441654205322,0.5,0.001
0.01130964420735836,1.0,8.372456550598145,0.5,0.001
0.010130479000508785,1.0,8.451993942260742,0.5,0.001
0.008638904429972172,1.0,8.209410667419434,0.5,0.001
0.007518165744841099,1.0,7.82174015045166,0.5,0.001
0.006944695021957159,1.0,7.432838439941406,0.5,0.001
0.006253493018448353,1.0,7.045748233795166,0.5,0.001
0.005442863330245018,1.0,6.566384315490723,0.5,0.001
0.004923481959849596,1.0,5.92789888381958,0.5,0.001
0.004586023278534412,1.0,5.121774673461914,0.5,0.001
0.004210174083709717,1.0,4.187740325927734,0.5,0.001
0.0037727891467511654,1.0,3.213621139526367,0.5,0.001
0.003387743141502142,1.0,2.306042194366455,0.5,0.001
0.003137004328891635,1.0,1.5597834587097168,0.5,0.001
0.002960800426080823,1.0,1.0393798351287842,0.5,0.001
0.002748778322711587,1.0,0.7356151342391968,0.6499999761581421,0.001
0.002500188769772649,1.0,0.5817850828170776,0.75,0.001
0.0022914365399628878,1.0,0.5236954689025879,0.75,0.001
0.002146964194253087,1.0,0.5363158583641052,0.800000011920929,0.001
0.00203159567900002,1.0,0.6098123788833618,0.699999988079071,0.001
0.0019091864814981818,1.0,0.7363066077232361,0.6000000238418579,0.001
0.0017739173490554094,1.0,0.9039948582649231,0.6000000238418579,0.001
0.0016443971544504166,1.0,1.0926246643066406,0.550000011920929,0.001
0.001538061536848545,1.0,1.2843974828720093,0.5,0.001
0.0014570299535989761,1.0,1.4659420251846313,0.5,0.001
0.001389865530654788,1.0,1.6315739154815674,0.5,0.001
0.0013220228720456362,1.0,1.7801679372787476,0.5,0.001
0.0012487831991165876,1.0,1.9137874841690063,0.5,0.001
0.0011772928992286325,1.0,2.035587787628174,0.5,0.001
0.0011155895190313458,1.0,2.1482222080230713,0.5,0.001
0.0010655805235728621,1.0,2.2537310123443604,0.5,0.001
0.0010233245557174087,1.0,2.353222370147705,0.5,0.001
0.0009835431119427085,1.0,2.4474194049835205,0.5,0.001
0.0009431384387426078,1.0,2.536022186279297,0.5,0.001
0.000902267056517303,1.0,2.6184237003326416,0.5,0.001
0.0008632430108264089,1.0,2.6941025257110596,0.5,0.001
0.0008285312214866281,1.0,2.7630186080932617,0.5,0.001
0.0007987084100022912,1.0,2.825139284133911,0.5,0.001
0.0007727226475253701,1.0,2.880831480026245,0.5,0.001
0.0007484642555937171,1.0,2.930905818939209,0.5,0.001
0.0007244770531542599,1.0,2.9763433933258057,0.5,0.001
0.0007004226208664477,1.0,3.0183000564575195,0.5,0.001
0.0006770984618924558,1.0,3.0578033924102783,0.5,0.001
0.0006555165746249259,1.0,3.0954701900482178,0.5,0.001
0.0006360404076986015,1.0,3.131613254547119,0.5,0.001
0.0006184860831126571,1.0,3.166452407836914,0.5,0.001
0.0006022291490808129,1.0,3.2003014087677,0.5,0.001
0.0005865733837708831,1.0,3.233366012573242,0.5,0.001
0.0005711436970159411,1.0,3.2656662464141846,0.5,0.001
0.0005560233257710934,1.0,3.2970759868621826,0.5,0.001
0.0005414441111497581,1.0,3.3276398181915283,0.5,0.001
0.0005277692689560354,1.0,3.3572630882263184,0.5,0.001
0.0005150462966412306,1.0,3.385863780975342,0.5,0.001
0.0005032337503507733,1.0,3.4135489463806152,0.5,0.001
0.0004920637002214789,1.0,3.440481185913086,0.5,0.001
0.0004812625120393932,1.0,3.4667117595672607,0.5,0.001
0.00047070515574887395,1.0,3.49214243888855,0.5,0.001
0.00046037984429858625,1.0,3.516942262649536,0.5,0.001
0.00045038782991468906,1.0,3.5409812927246094,0.5,0.001
0.0004408838285598904,1.0,3.564230442047119,0.5,0.001
0.0004318738356232643,1.0,3.586718797683716,0.5,0.001
0.00042334600584581494,1.0,3.608480930328369,0.5,0.001
0.00041517530917190015,1.0,3.6295464038848877,0.5,0.001
0.0004072605515830219,1.0,3.649893283843994,0.5,0.001
0.0003995363076683134,1.0,3.6695384979248047,0.5,0.001
0.0003920143935829401,1.0,3.6885552406311035,0.5,0.001
0.0003847245534416288,1.0,3.7070515155792236,0.5,0.001
0.0003776788362301886,1.0,3.7251670360565186,0.5,0.001
0.0003709307056851685,1.0,3.7429325580596924,0.5,0.001
0.000364444509614259,1.0,3.760303497314453,0.5,0.001
0.0003582024364732206,1.0,3.777362108230591,0.5,0.001
0.00035210922942496836,1.0,3.794123411178589,0.5,0.001
0.000346206477843225,1.0,3.810513973236084,0.5,0.001
0.0003404049784876406,1.0,3.826531171798706,0.5,0.001
0.0003347880265209824,1.0,3.8421459197998047,0.5,0.001
0.0003293258778285235,1.0,3.8573436737060547,0.5,0.001
0.0003240542719140649,1.0,3.8721022605895996,0.5,0.001
0.0003189195995219052,1.0,3.8863868713378906,0.5,0.001
0.00031395169207826257,1.0,3.9001777172088623,0.5,0.001
0.00030913259251974523,1.0,3.9135124683380127,0.5,0.001
0.00030441474518738687,1.0,3.9263768196105957,0.5,0.001
0.0002997980918735266,1.0,3.9388222694396973,0.5,0.001
0.0002952945069409907,1.0,3.9509434700012207,0.5,0.001
0.00029088027076795697,1.0,3.9627997875213623,0.5,0.001
0.0002865851274691522,1.0,3.974407196044922,0.5,0.001
0.00028242100961506367,1.0,3.985769748687744,0.5,0.001
0.0002783462405204773,1.0,3.996884822845459,0.5,0.001
0.0002743666700553149,1.0,4.007706642150879,0.5,0.001
0.00027047054027207196,1.0,4.018304347991943,0.5,0.001
0.00026665179757401347,1.0,4.028713226318359,0.5,0.001
0.000262916466454044,1.0,4.03896427154541,0.5,0.001
0.0002592406526673585,1.0,4.049063682556152,0.5,0.001
0.0002556720864959061,1.0,4.0590057373046875,0.5,0.001
0.00025219283998012543,1.0,4.068769931793213,0.5,0.001
0.0002487552701495588,1.0,4.078337669372559,0.5,0.001
0.0002454070490784943,1.0,4.087676525115967,0.5,0.001
0.0002421243116259575,1.0,4.096794605255127,0.5,0.001
0.00023889518342912197,1.0,4.1057281494140625,0.5,0.001
0.0002357434423174709,1.0,4.114480972290039,0.5,0.001
0.00023265727213583887,1.0,4.123040199279785,0.5,0.001
0.00022964253730606288,1.0,4.1314263343811035,0.5,0.001
0.00022665757569484413,1.0,4.139644145965576,0.5,0.001
0.0002237500884803012,1.0,4.147706031799316,0.5,0.001
0.00022090805578045547,1.0,4.155616760253906,0.5,0.001
0.0002181196614401415,1.0,4.163387298583984,0.5,0.001
0.0002153789100702852,1.0,4.1710100173950195,0.5,0.001
0.00021270965225994587,1.0,4.17846155166626,0.5,0.001
0.00021007614850532264,1.0,4.185754776000977,0.5,0.001
0.00020750812836922705,1.0,4.192872047424316,0.5,0.001
0.00020498181402217597,1.0,4.199787139892578,0.5,0.001
0.00020250320085324347,1.0,4.206485748291016,0.5,0.001
0.00020008409046567976,1.0,4.212968349456787,0.5,0.001
0.00019770671497099102,1.0,4.219239234924316,0.5,0.001
0.0001953769678948447,1.0,4.225283145904541,0.5,0.001
0.0001931008737301454,1.0,4.2311224937438965,0.5,0.001
0.0001908604899654165,1.0,4.236804485321045,0.5,0.001
0.00018865584570448846,1.0,4.242349147796631,0.5,0.001
0.00018649885896593332,1.0,4.247736930847168,0.5,0.001
0.00018440741405356675,1.0,4.2529473304748535,0.5,0.001
0.0001823397760745138,1.0,4.25801420211792,0.5,0.001
0.00018029598868452013,1.0,4.262942314147949,0.5,0.001
0.0001782938779797405,1.0,4.2677202224731445,0.5,0.001
0.000176339439349249,1.0,4.272340297698975,0.5,0.001
0.00017440287047065794,1.0,4.276813507080078,0.5,0.001
0.00017249607481062412,1.0,4.281115531921387,0.5,0.001
0.00017064886924345046,1.0,4.285271167755127,0.5,0.001
0.00016881358169484884,1.0,4.28927755355835,0.5,0.001
0.00016701998538337648,1.0,4.29315710067749,0.5,0.001
0.00016526214312762022,1.0,4.296875953674316,0.5,0.001
0.00016354005492758006,1.0,4.300422668457031,0.5,0.001
0.00016182988474611193,1.0,4.303780555725098,0.5,0.001
0.00016016140580177307,1.0,4.306963920593262,0.5,0.001
0.00015851676289457828,1.0,4.309933662414551,0.5,0.001
0.00015690192230977118,1.0,4.312697410583496,0.5,0.001
0.00015530492237303406,1.0,4.315242767333984,0.5,0.001
0.0001537377102067694,1.0,4.31760311126709,0.5,0.001
0.00015220031491480768,1.0,4.319794654846191,0.5,0.001
0.00015069270739331841,1.0,4.321835994720459,0.5,0.001
0.0001492148730903864,1.0,4.323741912841797,0.5,0.001
0.00014773108705412596,1.0,4.325505256652832,0.5,0.001
0.00014629497309215367,1.0,4.327120780944824,0.5,0.001
0.0001448767288820818,1.0,4.328608512878418,0.5,0.001
0.00014348230615723878,1.0,4.329949378967285,0.5,0.001
0.0001420938497176394,1.0,4.3311591148376465,0.5,0.001
0.0001407411473337561,1.0,4.332252502441406,0.5,0.001
0.00013940033386461437,1.0,4.333209037780762,0.5,0.001
0.0001380953035550192,1.0,4.33402156829834,0.5,0.001
0.00013679622497875243,1.0,4.334683895111084,0.5,0.001
0.00013553883763961494,1.0,4.335202217102051,0.5,0.001
0.00013427549856714904,1.0,4.335583686828613,0.5,0.001
0.0001330419472651556,1.0,4.3358306884765625,0.5,0.001
0.00013183223200030625,1.0,4.335943698883057,0.5,0.001
0.00013061656500212848,1.0,4.335928916931152,0.5,0.001
0.00012944855552632362,1.0,4.33578634262085,0.5,0.001
0.00012829246406909078,1.0,4.335504055023193,0.5,0.001
0.00012716022320091724,1.0,4.335167407989502,0.5,0.0005
0.0001266000617761165,1.0,4.334681510925293,0.5,0.0005
0.0001260398857994005,1.0,4.334041118621826,0.5,0.0005
0.00012549757957458496,1.0,4.333245277404785,0.5,0.0005
0.00012494338443502784,1.0,4.332293510437012,0.5,0.0005
0.00012440109276212752,1.0,4.3311967849731445,0.5,0.0005
0.00012385878653731197,1.0,4.329949378967285,0.5,0.0005
0.00012332246114965528,1.0,4.328557014465332,0.5,0.0005
0.00012279205839149654,1.0,4.326999664306641,0.5,0.0005
0.0001222736173076555,1.0,4.325287818908691,0.5,0.0005
0.00012173131108283997,1.0,4.323416709899902,0.5,0.0005
0.00012121286999899894,1.0,4.321385860443115,0.5,0.0005
0.00012071228411514312,1.0,4.3192009925842285,0.5,0.0005
0.0001202116982312873,1.0,4.316858768463135,0.5,0.0005
0.00011969918705290183,1.0,4.314367771148682,0.5,0.0005
0.00011919265671167523,1.0,4.311712741851807,0.5,0.0005
0.00011868610454257578,1.0,4.308896541595459,0.5,0.0005
0.00011820937652373686,1.0,4.3059186935424805,0.5,0.0005
0.00011771473509725183,1.0,4.302789211273193,0.5,0.0005
0.00011721414921339601,1.0,4.2995147705078125,0.5,0.0005
0.00011674335837597027,1.0,4.296080589294434,0.5,0.0005
0.00011624873150140047,1.0,4.292473316192627,0.5,0.0005
0.00011576602992136031,1.0,4.288705825805664,0.5,0.0005
0.00011528928007464856,1.0,4.2848029136657715,0.5,0.0005
0.00011481848923722282,1.0,4.280750274658203,0.5,0.0005
0.00011434769112383947,1.0,4.276547908782959,0.5,0.0005
0.00011386498954379931,1.0,4.272206783294678,0.5,0.0005
0.0001134061167249456,1.0,4.267716884613037,0.5,0.0005
0.00011294127762084827,1.0,4.263081073760986,0.5,0.0005
0.00011248240480199456,1.0,4.258301734924316,0.5,0.0005
0.00011202949099242687,1.0,4.253385066986084,0.5,0.0005
0.00011157062544953078,1.0,4.2483367919921875,0.5,0.0005
0.00011112366337329149,1.0,4.243147850036621,0.5,0.0005
0.00011065287981182337,1.0,4.23782205581665,0.5,0.0005
0.00011020590318366885,1.0,4.232367038726807,0.5,0.0005
0.00010977087367791682,1.0,4.226790428161621,0.5,0.0005
0.00010931796714430675,1.0,4.221104621887207,0.5,0.0005
0.0001088829230866395,1.0,4.215292930603027,0.5,0.0005
0.00010845383803825825,1.0,4.2093610763549805,0.5,0.0005
0.00010799496521940455,1.0,4.203314304351807,0.5,0.0005
0.00010756588017102331,1.0,4.1971564292907715,0.5,0.0005
0.00010713083611335605,1.0,4.190888404846191,0.5,0.0005
0.00010671367635950446,1.0,4.18450927734375,0.5,0.0005
0.00010627864685375243,1.0,4.178025245666504,0.5,0.0005
0.0001058495618053712,1.0,4.1714348793029785,0.5,0.0005
0.00010545027907937765,1.0,4.164729118347168,0.5,0.0005
0.0001050152350217104,1.0,4.1579155921936035,0.5,0.0005
0.0001045980752678588,1.0,4.15097188949585,0.5,0.0005
0.00010419877798995003,1.0,4.143900394439697,0.5,0.0005
0.00010378161823609844,1.0,4.136711120605469,0.5,0.0005
0.0001033823355101049,1.0,4.129401683807373,0.5,0.0005
0.00010295920219505206,1.0,4.121979713439941,0.5,0.0005
0.00010256587847834453,1.0,4.114436149597168,0.5,0.0005
0.00010215467773377895,1.0,4.106770992279053,0.5,0.0005
0.00010176134674111381,1.0,4.098982334136963,0.5,0.0005
0.00010135610500583425,1.0,4.091076374053955,0.5,0.0005
0.00010095680772792548,1.0,4.083075523376465,0.5,0.0005
0.00010056943574454635,1.0,4.074965476989746,0.5,0.0005
0.00010018206376116723,1.0,4.066761493682861,0.5,0.0005
9.979470632970333e-05,1.0,4.05845832824707,0.5,0.0005
9.938945004250854e-05,1.0,4.050054550170898,0.5,0.0005
9.901400335365906e-05,1.0,4.041542053222656,0.5,0.0005
9.862663137027994e-05,1.0,4.032907009124756,0.5,0.0005
9.825117740547284e-05,1.0,4.024184226989746,0.5,0.0005
9.78578464128077e-05,1.0,4.015376567840576,0.5,0.0005
9.748835873324424e-05,1.0,4.006466865539551,0.5,0.0005
9.711886377772316e-05,1.0,3.997466564178467,0.5,0.0005
9.674340981291607e-05,1.0,3.988372325897217,0.5,0.0005
9.6373914857395e-05,1.0,3.979187488555908,0.5,0.0005
9.59984608925879e-05,1.0,3.970045566558838,0.5,0.00025
9.580775804352015e-05,1.0,3.9607951641082764,0.5,0.00025
9.562896593706682e-05,1.0,3.9514338970184326,0.5,0.00025
9.545614011585712e-05,1.0,3.9419548511505127,0.5,0.00025
9.524756023893133e-05,1.0,3.932371139526367,0.5,0.00025
9.508068615105003e-05,1.0,3.9227051734924316,0.5,0.00025
9.490190132055432e-05,1.0,3.9129433631896973,0.5,0.00025
9.471715020481497e-05,1.0,3.903087615966797,0.5,0.00025
9.45502906688489e-05,1.0,3.893136501312256,0.5,0.00025
9.437149856239557e-05,1.0,3.8830673694610596,0.5,0.00025
9.418079571332783e-05,1.0,3.872885227203369,0.5,0.00025
9.401391434948891e-05,1.0,3.8625874519348145,0.5,0.00025
9.38291777856648e-05,1.0,3.85219144821167,0.5,0.00025
9.364441939396784e-05,1.0,3.8416976928710938,0.5,0.00025
9.347159357275814e-05,1.0,3.831106662750244,0.5,0.00025
9.331665933132172e-05,1.0,3.8204193115234375,0.5,0.00025
9.31140166358091e-05,1.0,3.80961537361145,0.5,0.00025
9.295311610912904e-05,1.0,3.798710584640503,0.5,0.00025
9.27683649933897e-05,1.0,3.787708282470703,0.5,0.00025
9.257169585907832e-05,1.0,3.77661395072937,0.5,0.00025
9.2398862761911e-05,1.0,3.765432357788086,0.5,0.00025
9.220815263688564e-05,1.0,3.754162549972534,0.5,0.00025
9.205320384353399e-05,1.0,3.742771863937378,0.5,0.00025
9.188037074636668e-05,1.0,3.7312865257263184,0.5,0.00025
9.168966789729893e-05,1.0,3.7197165489196777,0.5,0.00025
9.152876737061888e-05,1.0,3.708038330078125,0.5,0.00025
9.135593427345157e-05,1.0,3.696274995803833,0.5,0.00025
9.11652241484262e-05,1.0,3.684403657913208,0.5,0.00025
9.100431634578854e-05,1.0,3.6724419593811035,0.5,0.00025
9.081956523004919e-05,1.0,3.66040301322937,0.5,0.00025
9.067057544598356e-05,1.0,3.64825439453125,0.5,0.00025
9.048582433024421e-05,1.0,3.6360256671905518,0.5,0.00025
9.03129912330769e-05,1.0,3.6237361431121826,0.5,0.00025
9.015208343043923e-05,1.0,3.611382246017456,0.5,0.00025
8.998521661851555e-05,1.0,3.598980665206909,0.5,0.00025
8.98004655027762e-05,1.0,3.5865089893341064,0.5,0.00025
8.961571438703686e-05,1.0,3.573957920074463,0.5,0.00025
8.94548065843992e-05,1.0,3.5613436698913574,0.5,0.00025
8.928793977247551e-05,1.0,3.5486550331115723,0.5,0.00025
8.911509939935058e-05,1.0,3.535897731781006,0.5,0.00025
8.89482325874269e-05,1.0,3.523083448410034,0.5,0.00025
8.87754067662172e-05,1.0,3.5102105140686035,0.5,0.00025
8.86025809450075e-05,1.0,3.497302532196045,0.5,0.00025
8.844762487569824e-05,1.0,3.484330654144287,0.5,0.00025
8.827479905448854e-05,1.0,3.471269130706787,0.5,0.00025
8.810196595732123e-05,1.0,3.458137035369873,0.5,0.00025
8.792318112682551e-05,1.0,3.4449570178985596,0.5,0.00025
8.775630703894421e-05,1.0,3.4317352771759033,0.5,0.00025
8.759539196034893e-05,1.0,3.41845440864563,0.5,0.00025
8.742256613913924e-05,1.0,3.4051177501678467,0.5,0.00025
8.725569205125794e-05,1.0,3.3917579650878906,0.5,0.000125
8.717821765458211e-05,1.0,3.37835693359375,0.5,0.000125
8.71067022671923e-05,1.0,3.3648955821990967,0.5,0.000125
8.701135084265843e-05,1.0,3.3513855934143066,0.5,0.000125
8.693983545526862e-05,1.0,3.3378093242645264,0.5,0.000125
8.685640204930678e-05,1.0,3.32417631149292,0.5,0.000125
8.676104334881529e-05,1.0,3.3104946613311768,0.5,0.000125
8.668952796142548e-05,1.0,3.296765089035034,0.5,0.000125
8.658821025164798e-05,1.0,3.2829947471618652,0.5,0.000125
8.652265387354419e-05,1.0,3.2691574096679688,0.5,0.000125
8.643922774353996e-05,1.0,3.2552711963653564,0.5,0.000125
8.633789548184723e-05,1.0,3.241307497024536,0.5,0.000125
8.625446207588539e-05,1.0,3.2272791862487793,0.5,0.000125
8.618294668849558e-05,1.0,3.213193416595459,0.5,0.000125
8.60875952639617e-05,1.0,3.199057102203369,0.5,0.000125
8.60160798765719e-05,1.0,3.184880256652832,0.5,0.000125
8.593264647061005e-05,1.0,3.1706554889678955,0.5,0.000125
8.586708281654865e-05,1.0,3.1563377380371094,0.5,0.000125
8.575980609748513e-05,1.0,3.14194917678833,0.5,0.000125
8.568233897676691e-05,1.0,3.127502918243408,0.5,0.000125
8.559890557080507e-05,1.0,3.1129908561706543,0.5,0.000125
8.553334919270128e-05,1.0,3.0984349250793457,0.5,0.000125
8.543203148292378e-05,1.0,3.0838310718536377,0.5,0.000125
8.536051609553397e-05,1.0,3.069169521331787,0.5,0.000125
8.525919838575646e-05,1.0,3.054455280303955,0.5,0.000125
8.519364200765267e-05,1.0,3.03971529006958,0.5,0.000125
8.511020860169083e-05,1.0,3.024928331375122,0.5,0.000125
8.502676791977137e-05,1.0,3.0100884437561035,0.5,0.000125
8.494333451380953e-05,1.0,2.9952175617218018,0.5,0.000125
8.486586011713371e-05,1.0,2.980313777923584,0.5,0.000125
8.478838572045788e-05,1.0,2.965358257293701,0.5,0.000125
8.468706801068038e-05,1.0,2.9503355026245117,0.5,0.000125
8.460363460471854e-05,1.0,2.935249090194702,0.5,0.000125
8.45261529320851e-05,1.0,2.9201273918151855,0.5,0.000125
8.44546448206529e-05,1.0,2.904944896697998,0.5,0.000125
8.436523785348982e-05,1.0,2.889698028564453,0.5,0.000125
8.427584543824196e-05,1.0,2.874410390853882,0.5,0.000125
8.420433005085215e-05,1.0,2.859100818634033,0.5,0.000125
8.411493763560429e-05,1.0,2.843773603439331,0.5,0.000125
8.403150422964245e-05,1.0,2.828416347503662,0.5,0.000125
8.393614552915096e-05,1.0,2.813037395477295,0.5,0.000125
8.386463014176115e-05,1.0,2.7976090908050537,0.5,0.000125
8.37752377265133e-05,1.0,2.782154083251953,0.5,0.000125
8.370372233912349e-05,1.0,2.7666850090026855,0.5,0.000125
8.361432992387563e-05,1.0,2.7511661052703857,0.5,0.000125
8.352493023267016e-05,1.0,2.7356274127960205,0.5,0.000125
8.345341484528035e-05,1.0,2.7200934886932373,0.5,0.000125
8.335804886883125e-05,1.0,2.704582691192627,0.5,0.000125
8.329249976668507e-05,1.0,2.689055919647217,0.5,0.000125
8.320905908476561e-05,1.0,2.673549175262451,0.5,0.000125
8.310178236570209e-05,1.0,2.6580302715301514,0.5,1e-04
8.305411029141396e-05,1.0,2.6424872875213623,0.5,1e-04
8.299451292259619e-05,1.0,2.6269516944885254,0.5,1e-04
8.291107224067673e-05,1.0,2.6114232540130615,0.5,1e-04
8.283955685328692e-05,1.0,2.595860242843628,0.5,1e-04
8.277400775114074e-05,1.0,2.580313205718994,0.5,1e-04
8.271441038232297e-05,1.0,2.564760446548462,0.5,1e-04
8.265480573754758e-05,1.0,2.5491812229156494,0.5,1e-04
8.25892566354014e-05,1.0,2.5335965156555176,0.5,1e-04
8.252965199062601e-05,1.0,2.5180249214172363,0.5,1e-04
8.24581366032362e-05,1.0,2.502473831176758,0.5,1e-04
8.23925802251324e-05,1.0,2.4869468212127686,0.5,1e-04
8.232702384702861e-05,1.0,2.4714674949645996,0.5,1e-04
8.226742647821084e-05,1.0,2.456026077270508,0.5,1e-04
8.218995208153501e-05,1.0,2.440600872039795,0.5,1e-04
8.214228000724688e-05,1.0,2.4252095222473145,0.5,1e-04
8.206480561057106e-05,1.0,2.4098594188690186,0.5,1e-04
8.200520824175328e-05,1.0,2.394540786743164,0.5,1e-04
8.193964458769187e-05,1.0,2.3792405128479004,0.5,1e-04
8.188005449483171e-05,1.0,2.3639400005340576,0.5,1e-04
8.180258009815589e-05,1.0,2.3486523628234863,0.5,1e-04
8.174298272933811e-05,1.0,2.3333945274353027,0.5,1e-04
8.167741179931909e-05,1.0,2.318169355392456,0.5,1e-04
8.16059036878869e-05,1.0,2.3029747009277344,0.5,1e-04
8.15403473097831e-05,1.0,2.287811756134033,0.5,1e-04
8.147479093167931e-05,1.0,2.2726707458496094,0.5,1e-04
8.141518628690392e-05,1.0,2.2575573921203613,0.5,1e-04
8.135558891808614e-05,1.0,2.2424566745758057,0.5,1e-04
8.127812179736793e-05,1.0,2.2273807525634766,0.5,1e-04
8.121255814330652e-05,1.0,2.212359666824341,0.5,1e-04
8.113509102258831e-05,1.0,2.19739031791687,0.550000011920929,1e-04
8.108144538709894e-05,1.0,2.182474136352539,0.550000011920929,1e-04
8.101588173303753e-05,1.0,2.167604923248291,0.550000011920929,1e-04
8.095033263089135e-05,1.0,2.1527881622314453,0.550000011920929,1e-04
8.087880996754393e-05,1.0,2.138037919998169,0.550000011920929,1e-04
8.081921987468377e-05,1.0,2.1233503818511963,0.550000011920929,1e-04
8.075365622062236e-05,1.0,2.1087114810943604,0.550000011920929,1e-04
8.069405885180458e-05,1.0,2.094113349914551,0.550000011920929,1e-04
8.061062544584274e-05,1.0,2.079561948776245,0.550000011920929,1e-04
8.053910278249532e-05,1.0,2.0650501251220703,0.550000011920929,1e-04
8.047951268963516e-05,1.0,2.050563097000122,0.550000011920929,1e-04
8.041395631153136e-05,1.0,2.036104202270508,0.550000011920929,1e-04
8.034839993342757e-05,1.0,2.021697998046875,0.550000011920929,1e-04
8.027091826079413e-05,1.0,2.00732159614563,0.550000011920929,1e-04
8.022323891054839e-05,1.0,1.9929893016815186,0.550000011920929,1e-04
8.014576451387256e-05,1.0,1.9787132740020752,0.550000011920929,1e-04
8.007424912648275e-05,1.0,1.9644839763641357,0.550000011920929,1e-04
8.001465175766498e-05,1.0,1.950277328491211,0.550000011920929,1e-04
7.994908810360357e-05,1.0,1.9361324310302734,0.550000011920929,1e-04
7.988949801074341e-05,1.0,1.922037124633789,0.550000011920929,1e-04
7.981797534739599e-05,1.0,1.9080009460449219,0.550000011920929,1e-04
7.974050095072016e-05,1.0,1.894026517868042,0.550000011920929,1e-04
7.969282887643203e-05,1.0,1.8801422119140625,0.550000011920929,1e-04
7.962131348904222e-05,1.0,1.8663311004638672,0.550000011920929,1e-04
7.956170884426683e-05,1.0,1.852590560913086,0.550000011920929,1e-04
7.9484234447591e-05,1.0,1.8389313220977783,0.550000011920929,1e-04
7.94127190602012e-05,1.0,1.8253395557403564,0.550000011920929,1e-04
7.937099871924147e-05,1.0,1.8118247985839844,0.550000011920929,1e-04
7.929351704660803e-05,1.0,1.798383116722107,0.550000011920929,1e-04
7.923988596303388e-05,1.0,1.7850145101547241,0.550000011920929,1e-04
7.917432958493009e-05,1.0,1.7717030048370361,0.550000011920929,1e-04
7.910279964562505e-05,1.0,1.7584861516952515,0.550000011920929,1e-04
7.903725781943649e-05,1.0,1.7453563213348389,0.550000011920929,1e-04
7.89717014413327e-05,1.0,1.7323284149169922,0.550000011920929,1e-04
7.890017877798527e-05,1.0,1.7193750143051147,0.550000011920929,1e-04
7.88346296758391e-05,1.0,1.7064895629882812,0.550000011920929,1e-04
7.876906602177769e-05,1.0,1.6936705112457275,0.550000011920929,1e-04
7.87035096436739e-05,1.0,1.6809409856796265,0.550000011920929,1e-04
7.86379532655701e-05,1.0,1.6682876348495483,0.550000011920929,1e-04
7.85664378781803e-05,1.0,1.6557228565216064,0.550000011920929,1e-04
7.850684050936252e-05,1.0,1.6432479619979858,0.550000011920929,1e-04
7.844723586458713e-05,1.0,1.6308475732803345,0.550000011920929,1e-04
7.838763849576935e-05,1.0,1.6185299158096313,0.550000011920929,1e-04
7.831612310837954e-05,1.0,1.606298804283142,0.550000011920929,1e-04
7.823864871170372e-05,1.0,1.5941390991210938,0.550000011920929,1e-04
7.817904406692833e-05,1.0,1.582072377204895,0.550000011920929,1e-04
7.81015696702525e-05,1.0,1.570099115371704,0.550000011920929,1e-04
7.803006155882031e-05,1.0,1.558194637298584,0.550000011920929,1e-04
7.798238220857456e-05,1.0,1.546372890472412,0.550000011920929,1e-04
7.791681855451316e-05,1.0,1.5346219539642334,0.550000011920929,1e-04
7.783934415783733e-05,1.0,1.522958755493164,0.6000000238418579,1e-04
7.778570579830557e-05,1.0,1.5113590955734253,0.6000000238418579,1e-04
7.770822412567213e-05,1.0,1.4998443126678467,0.6000000238418579,1e-04
7.764862675685436e-05,1.0,1.4884170293807983,0.6000000238418579,1e-04
7.758307765470818e-05,1.0,1.4770711660385132,0.6000000238418579,1e-04
7.752943929517642e-05,1.0,1.4658081531524658,0.6000000238418579,1e-04
7.745195762254298e-05,1.0,1.45461905002594,0.6000000238418579,1e-04
7.73923602537252e-05,1.0,1.4435193538665771,0.6000000238418579,1e-04
7.732084486633539e-05,1.0,1.4325100183486938,0.6000000238418579,1e-04
7.726125477347523e-05,1.0,1.4215757846832275,0.6000000238418579,1e-04
7.717781409155577e-05,1.0,1.4107203483581543,0.6499999761581421,1e-04
7.713013474131003e-05,1.0,1.3999541997909546,0.6499999761581421,1e-04
7.707053009653464e-05,1.0,1.3892858028411865,0.6499999761581421,1e-04
7.700497371843085e-05,1.0,1.3787193298339844,0.6499999761581421,1e-04
7.693345833104104e-05,1.0,1.3682509660720825,0.6499999761581421,1e-04
7.687981997150928e-05,1.0,1.357861876487732,0.6499999761581421,1e-04
7.679637928958982e-05,1.0,1.3475500345230103,0.6499999761581421,1e-04
7.674274820601568e-05,1.0,1.3373134136199951,0.6499999761581421,1e-04
7.665930752409622e-05,1.0,1.3271639347076416,0.6499999761581421,1e-04
7.660566916456446e-05,1.0,1.3171074390411377,0.6499999761581421,1e-04
7.652818749193102e-05,1.0,1.3071372509002686,0.6499999761581421,1e-04
7.646859739907086e-05,1.0,1.2972685098648071,0.6499999761581421,1e-04
7.640304102096707e-05,1.0,1.2874953746795654,0.6499999761581421,1e-04
7.634343637619168e-05,1.0,1.2778316736221313,0.6499999761581421,1e-04
7.627787999808788e-05,1.0,1.2682613134384155,0.6499999761581421,1e-04
7.621232361998409e-05,1.0,1.2587854862213135,0.6499999761581421,1e-04
7.614080095663667e-05,1.0,1.2494032382965088,0.6499999761581421,1e-04
7.60812108637765e-05,1.0,1.2400983572006226,0.6499999761581421,1e-04
7.602161349495873e-05,1.0,1.2308858633041382,0.6499999761581421,1e-04
7.595009810756892e-05,1.0,1.2217626571655273,0.6499999761581421,1e-04
7.588453445350751e-05,1.0,1.2127200365066528,0.6499999761581421,1e-04
7.583089609397575e-05,1.0,1.203761100769043,0.6499999761581421,1e-04
7.574746268801391e-05,1.0,1.1948999166488647,0.6499999761581421,1e-04
7.567594002466649e-05,1.0,1.186125636100769,0.6499999761581421,1e-04
7.562230166513473e-05,1.0,1.177424430847168,0.6499999761581421,1e-04
7.555675256298855e-05,1.0,1.1688125133514404,0.6499999761581421,1e-04
7.549118890892714e-05,1.0,1.160297155380249,0.6499999761581421,1e-04
7.542563253082335e-05,1.0,1.1518747806549072,0.6499999761581421,1e-04
7.536603516200557e-05,1.0,1.1435383558273315,0.699999988079071,1e-04
7.53064377931878e-05,1.0,1.135289192199707,0.699999988079071,1e-04
7.522299711126834e-05,1.0,1.1271135807037354,0.699999988079071,1e-04
7.515743345720693e-05,1.0,1.119009256362915,0.699999988079071,1e-04
7.509188435506076e-05,1.0,1.110994577407837,0.699999988079071,1e-04
7.502632070099935e-05,1.0,1.1030699014663696,0.699999988079071,1e-04
7.496076432289556e-05,1.0,1.0952335596084595,0.699999988079071,1e-04
7.489521522074938e-05,1.0,1.087478756904602,0.699999988079071,1e-04
7.484752859454602e-05,1.0,1.0798108577728271,0.699999988079071,1e-04
7.478793850168586e-05,1.0,1.0722450017929077,0.699999988079071,1e-04
7.47044978197664e-05,1.0,1.0647623538970947,0.699999988079071,1e-04
7.464490045094863e-05,1.0,1.0573551654815674,0.699999988079071,1e-04
7.457934407284483e-05,1.0,1.050022840499878,0.699999988079071,1e-04
7.453166472259909e-05,1.0,1.0427786111831665,0.699999988079071,1e-04
7.445418304996565e-05,1.0,1.0356231927871704,0.699999988079071,1e-04
7.439458568114787e-05,1.0,1.028550148010254,0.699999988079071,1e-04
7.432307029375806e-05,1.0,1.0215650796890259,0.699999988079071,1e-04
7.426347292494029e-05,1.0,1.0146607160568237,0.699999988079071,1e-04
7.41979165468365e-05,1.0,1.0078213214874268,0.699999988079071,1e-04
7.412639388348907e-05,1.0,1.0010488033294678,0.699999988079071,1e-04
7.408467354252934e-05,1.0,0.9943565130233765,0.699999988079071,1e-04
7.400719914585352e-05,1.0,0.9877340197563171,0.699999988079071,1e-04
7.394164276774973e-05,1.0,0.9811922311782837,0.699999988079071,1e-04
7.388205267488956e-05,1.0,0.9747314453125,0.699999988079071,1e-04
7.381648902082816e-05,1.0,0.9683523178100586,0.699999988079071,1e-04
7.375093264272436e-05,1.0,0.9620607495307922,0.699999988079071,1e-04
7.367345097009093e-05,1.0,0.9558407664299011,0.699999988079071,1e-04
7.361385360127315e-05,1.0,0.9496902227401733,0.699999988079071,1e-04
7.356021524174139e-05,1.0,0.9436038732528687,0.699999988079071,1e-04
7.348869985435158e-05,1.0,0.9375834465026855,0.699999988079071,1e-04
7.34291024855338e-05,1.0,0.9316328763961792,0.699999988079071,1e-04
7.336354610743001e-05,1.0,0.9257513284683228,0.699999988079071,1e-04
7.32979824533686e-05,1.0,0.9199449419975281,0.699999988079071,1e-04
7.323242607526481e-05,1.0,0.9142032861709595,0.699999988079071,1e-04
7.316686969716102e-05,1.0,0.9085270166397095,0.699999988079071,1e-04
7.310727232834324e-05,1.0,0.9029157757759094,0.699999988079071,1e-04
7.304171595023945e-05,1.0,0.8973718881607056,0.699999988079071,1e-04
7.297020056284964e-05,1.0,0.8918983340263367,0.699999988079071,1e-04
7.291060319403186e-05,1.0,0.8864883184432983,0.699999988079071,1e-04
7.284503953997046e-05,1.0,0.8811516761779785,0.699999988079071,1e-04
7.279139390448108e-05,1.0,0.8758840560913086,0.699999988079071,1e-04
7.271988579304889e-05,1.0,0.8706825971603394,0.699999988079071,1e-04
7.26602811482735e-05,1.0,0.8655450940132141,0.699999988079071,1e-04
7.258876576088369e-05,1.0,0.8604704141616821,0.699999988079071,1e-04
7.25232093827799e-05,1.0,0.8554573059082031,0.699999988079071,1e-04
7.246361201396212e-05,1.0,0.8505075573921204,0.699999988079071,1e-04
7.237421959871426e-05,1.0,0.8456224203109741,0.699999988079071,1e-04
7.232652569655329e-05,1.0,0.8407846689224243,0.699999988079071,1e-04
7.22550175851211e-05,1.0,0.8360131978988647,0.699999988079071,1e-04
7.218945393105969e-05,1.0,0.8313039541244507,0.699999988079071,1e-04
7.212986383819953e-05,1.0,0.8266560435295105,0.699999988079071,1e-04
7.207622547866777e-05,1.0,0.8220618963241577,0.699999988079071,1e-04
7.201066182460636e-05,1.0,0.8175299763679504,0.699999988079071,1e-04
7.194509817054495e-05,1.0,0.8130633234977722,0.699999988079071,1e-04
7.187954906839877e-05,1.0,0.8086410760879517,0.699999988079071,1e-04
7.181399269029498e-05,1.0,0.8042590022087097,0.75,1e-04
7.174842903623357e-05,1.0,0.7999306917190552,0.75,1e-04
7.16888316674158e-05,1.0,0.7956538200378418,0.75,1e-04
7.161135727073997e-05,1.0,0.7914281487464905,0.75,1e-04
7.156367792049423e-05,1.0,0.7872494459152222,0.75,1e-04
7.150408055167645e-05,1.0,0.7831189036369324,0.75,1e-04
7.143851689761505e-05,1.0,0.7790356874465942,0.75,1e-04
7.13848858140409e-05,1.0,0.7750033140182495,0.75,1e-04
7.131336315069348e-05,1.0,0.7710283994674683,0.75,1e-04
7.125972479116172e-05,1.0,0.7671078443527222,0.75,1e-04
7.118224311852828e-05,1.0,0.7632452249526978,0.75,1e-04
7.111072773113847e-05,1.0,0.7594361305236816,0.75,1e-04
7.106304838089272e-05,1.0,0.7556747198104858,0.75,1e-04
7.097961497493088e-05,1.0,0.751961350440979,0.75,1e-04
7.093193562468514e-05,1.0,0.7482913732528687,0.75,1e-04
7.086637924658135e-05,1.0,0.7446632385253906,0.75,1e-04
7.080678187776357e-05,1.0,0.7410774230957031,0.75,1e-04
7.074717723298818e-05,1.0,0.7375394105911255,0.75,1e-04
7.06875798641704e-05,1.0,0.7340428233146667,0.75,1e-04
7.06160644767806e-05,1.0,0.7305933833122253,0.75,1e-04
7.054454908939078e-05,1.0,0.7271838188171387,0.75,1e-04
7.048495172057301e-05,1.0,0.7238163948059082,0.75,1e-04
7.043131336104125e-05,1.0,0.7204862236976624,0.75,1e-04
7.035383168840781e-05,1.0,0.7171974778175354,0.75,1e-04
7.030020060483366e-05,1.0,0.7139481902122498,0.75,1e-04
7.02584657119587e-05,1.0,0.7107410430908203,0.75,1e-04
7.019292388577014e-05,1.0,0.7075737714767456,0.75,1e-04
7.012140122242272e-05,1.0,0.7044497132301331,0.75,1e-04
7.006776286289096e-05,1.0,0.7013696432113647,0.75,1e-04
6.999624019954354e-05,1.0,0.6983324885368347,0.75,1e-04
6.991279951762408e-05,1.0,0.6953383684158325,0.75,1e-04
6.985916115809232e-05,1.0,0.692387580871582,0.75,1e-04
6.981148908380419e-05,1.0,0.6894748210906982,0.75,1e-04
6.973996642045677e-05,1.0,0.6865951418876648,0.75,1e-04
6.96803763275966e-05,1.0,0.6837510466575623,0.75,1e-04
6.96148126735352e-05,1.0,0.6809453964233398,0.75,1e-04
6.955521530471742e-05,1.0,0.6781851053237915,0.75,1e-04
6.949561793589965e-05,1.0,0.6754611134529114,0.75,1e-04
6.942409527255222e-05,1.0,0.6727741360664368,0.75,1e-04
6.93823749315925e-05,1.0,0.6701205968856812,0.75,1e-04
6.929894152563065e-05,1.0,0.6674979329109192,0.75,1e-04
6.923933688085526e-05,1.0,0.6649052500724792,0.75,1e-04
6.917973951203749e-05,1.0,0.6623460650444031,0.75,1e-04
6.911419040989131e-05,1.0,0.6598221659660339,0.75,1e-04
6.905458576511592e-05,1.0,0.6573297381401062,0.75,1e-04
6.899498839629814e-05,1.0,0.6548653841018677,0.75,1e-04
6.892346573295072e-05,1.0,0.652430534362793,0.75,1e-04
6.887578638270497e-05,1.0,0.6500291228294373,0.75,1e-04
6.880427099531516e-05,1.0,0.6476598978042603,0.75,1e-04
6.874466635053977e-05,1.0,0.6453224420547485,0.75,1e-04
6.86791172483936e-05,1.0,0.6430138349533081,0.75,1e-04
6.86195126036182e-05,1.0,0.6407403945922852,0.75,1e-04
6.853607919765636e-05,1.0,0.638496994972229,0.75,1e-04
6.848839984741062e-05,1.0,0.6362836956977844,0.75,1e-04
6.841688446002081e-05,1.0,0.63410484790802,0.75,1e-04
6.837515684310347e-05,1.0,0.6319602131843567,0.75,1e-04
6.832151848357171e-05,1.0,0.6298506855964661,0.75,1e-04
6.82500030961819e-05,1.0,0.6277738809585571,0.75,1e-04
6.819040572736412e-05,1.0,0.6257262229919434,0.75,1e-04
6.811889033997431e-05,1.0,0.6237126588821411,0.75,1e-04
6.807120371377096e-05,1.0,0.6217310428619385,0.75,1e-04
6.800565461162478e-05,1.0,0.6197781562805176,0.75,1e-04
6.794604996684939e-05,1.0,0.6178611516952515,0.75,1e-04
6.788645987398922e-05,1.0,0.6159783601760864,0.75,1e-04
6.78208889439702e-05,1.0,0.6141265034675598,0.75,1e-04
6.775533256586641e-05,1.0,0.6123013496398926,0.75,1e-04
6.770170148229226e-05,1.0,0.6105014681816101,0.75,1e-04
6.763613782823086e-05,1.0,0.6087342500686646,0.75,1e-04
6.75824994686991e-05,1.0,0.6069963574409485,0.75,1e-04
6.75169430905953e-05,1.0,0.6052848696708679,0.75,1e-04
6.745733844581991e-05,1.0,0.6036040186882019,0.75,1e-04
6.739178206771612e-05,1.0,0.6019514799118042,0.75,1e-04
6.735006900271401e-05,1.0,0.6003211736679077,0.75,1e-04
6.72845053486526e-05,1.0,0.5987151861190796,0.75,1e-04
6.721298996126279e-05,1.0,0.5971325635910034,0.75,1e-04
6.7147433583159e-05,1.0,0.5955709218978882,0.75,1e-04
6.710571324219927e-05,1.0,0.5940300822257996,0.75,1e-04
6.704014958813787e-05,1.0,0.5925143361091614,0.75,1e-04
6.696267519146204e-05,1.0,0.5910229682922363,0.75,1e-04
6.690307054668665e-05,1.0,0.5895551443099976,0.75,1e-04
6.684348045382649e-05,1.0,0.5881075859069824,0.75,1e-04
6.67838758090511e-05,1.0,0.5866814851760864,0.75,1e-04
6.671831215498969e-05,1.0,0.5852776169776917,0.75,1e-04
6.667064008070156e-05,1.0,0.5838993191719055,0.75,1e-04
6.660507642664015e-05,1.0,0.5825439691543579,0.75,1e-04
6.655143806710839e-05,1.0,0.5812133550643921,0.75,1e-04
6.647992267971858e-05,1.0,0.5799058079719543,0.75,1e-04
6.643224332947284e-05,1.0,0.5786240696907043,0.75,1e-04
6.636072794208303e-05,1.0,0.5773653984069824,0.75,1e-04
6.630708958255127e-05,1.0,0.5761324167251587,0.75,1e-04
6.623556691920385e-05,1.0,0.5749272704124451,0.75,1e-04
6.617596955038607e-05,1.0,0.5737453699111938,0.75,1e-04
6.610444688703865e-05,1.0,0.5725855827331543,0.75,1e-04
6.605677481275052e-05,1.0,0.5714508295059204,0.75,1e-04
6.599717016797513e-05,1.0,0.570335865020752,0.75,1e-04
6.594353180844337e-05,1.0,0.5692421197891235,0.75,1e-04
6.588393443962559e-05,1.0,0.5681663751602173,0.75,1e-04
6.582433707080781e-05,1.0,0.5671130418777466,0.75,1e-04
6.574684812221676e-05,1.0,0.5660779476165771,0.75,1e-04
6.569918332388625e-05,1.0,0.5650569200515747,0.75,1e-04
6.563361966982484e-05,1.0,0.5640551447868347,0.75,1e-04
6.557402230100706e-05,1.0,0.563069224357605,0.75,1e-04
6.551442493218929e-05,1.0,0.5620990991592407,0.75,1e-04
6.547270459122956e-05,1.0,0.5611479878425598,0.75,1e-04
6.541310722241178e-05,1.0,0.5602160692214966,0.75,1e-04
6.5353509853594e-05,1.0,0.559303879737854,0.75,1e-04
6.529390520881861e-05,1.0,0.5584101676940918,0.75,1e-04
6.522834155475721e-05,1.0,0.5575331449508667,0.75,1e-04
6.516279245261103e-05,1.0,0.556674063205719,0.75,1e-04
6.510318780783564e-05,1.0,0.5558284521102905,0.75,1e-04
6.504359043901786e-05,1.0,0.5549954175949097,0.75,1e-04
6.498398579424247e-05,1.0,0.5541747808456421,0.75,1e-04
6.494227272924036e-05,1.0,0.5533658266067505,0.75,1e-04
6.48886343697086e-05,1.0,0.5525719523429871,0.75,1e-04
6.482903700089082e-05,1.0,0.5517910718917847,0.75,1e-04
6.475155532825738e-05,1.0,0.5510226488113403,0.75,1e-04
6.469791696872562e-05,1.0,0.5502665638923645,0.75,1e-04
6.463235331466421e-05,1.0,0.5495237112045288,0.75,1e-04
6.457276322180405e-05,1.0,0.5487934947013855,0.75,1e-04
6.451912486227229e-05,1.0,0.5480771064758301,0.75,1e-04
6.446547922678292e-05,1.0,0.5473749041557312,0.75,1e-04
6.440588185796514e-05,1.0,0.5466911792755127,0.75,1e-04
6.434628448914737e-05,1.0,0.5460214018821716,0.75,1e-04
6.428072083508596e-05,1.0,0.5453661680221558,0.75,1e-04
6.421517173293978e-05,1.0,0.5447264909744263,0.75,1e-04
6.415556708816439e-05,1.0,0.5441015362739563,0.75,1e-04
6.411980575649068e-05,1.0,0.5434902906417847,0.75,1e-04
6.403637235052884e-05,1.0,0.5428926348686218,0.75,1e-04
6.398869300028309e-05,1.0,0.5423077344894409,0.75,1e-04
6.39290883555077e-05,1.0,0.5417367815971375,0.75,1e-04
6.386949098668993e-05,1.0,0.5411818623542786,0.75,1e-04
6.383372965501621e-05,1.0,0.540640652179718,0.75,1e-04
6.376817327691242e-05,1.0,0.540113627910614,0.75,1e-04
6.369665788952261e-05,1.0,0.5395999550819397,0.75,1e-04
6.36310942354612e-05,1.0,0.5390987396240234,0.75,1e-04
6.356553785735741e-05,1.0,0.5386077761650085,0.75,1e-04
6.352381751639768e-05,1.0,0.5381305813789368,0.75,1e-04
6.347017915686592e-05,1.0,0.5376650094985962,0.75,1e-04
6.33986564935185e-05,1.0,0.5372117161750793,0.75,1e-04
6.333905912470073e-05,1.0,0.5367708206176758,0.75,1e-04
6.327350274659693e-05,1.0,0.5363444089889526,0.75,1e-04
6.32317824056372e-05,1.0,0.5359292030334473,0.75,1e-04
6.31662187515758e-05,1.0,0.5355271100997925,0.75,1e-04
6.310662138275802e-05,1.0,0.5351396799087524,0.75,1e-04
6.304702401394024e-05,1.0,0.5347646474838257,0.75,1e-04
6.300530367298052e-05,1.0,0.534399688243866,0.75,1e-04
6.293975457083434e-05,1.0,0.5340443849563599,0.75,1e-04
6.289206066867337e-05,1.0,0.5336979031562805,0.75,1e-04
6.282054528128356e-05,1.0,0.5333579182624817,0.75,1e-04
6.277286593103781e-05,1.0,0.5330260396003723,0.75,1e-04
6.2701350543648e-05,1.0,0.5327031016349792,0.75,1e-04
6.265367119340226e-05,1.0,0.5323888063430786,0.75,1e-04
6.260002555791289e-05,1.0,0.5320844650268555,0.75,1e-04
6.254638719838113e-05,1.0,0.5317882299423218,0.75,1e-04
6.247487908694893e-05,1.0,0.5315019488334656,0.75,1e-04
6.242719246074557e-05,1.0,0.531222403049469,0.75,1e-04
6.23735468252562e-05,1.0,0.5309517979621887,0.75,1e-04
6.231395673239604e-05,1.0,0.5306894183158875,0.75,1e-04
6.224243406904861e-05,1.0,0.5304362177848816,0.75,1e-04
6.218283670023084e-05,1.0,0.5301920771598816,0.75,1e-04
6.214707536855713e-05,1.0,0.5299555063247681,0.75,1e-04
6.208747799973935e-05,1.0,0.5297258496284485,0.75,1e-04
6.202787335496396e-05,1.0,0.5295004844665527,0.75,1e-04
6.196827598614618e-05,1.0,0.5292798280715942,0.75,1e-04
6.191463762661442e-05,1.0,0.5290641784667969,0.75,1e-04
6.186099926708266e-05,1.0,0.528854250907898,0.75,1e-04
6.180140189826488e-05,1.0,0.5286497473716736,0.75,1e-04
6.174775626277551e-05,1.0,0.5284512042999268,0.75,1e-04
6.170008418848738e-05,1.0,0.5282565951347351,0.75,1e-04
6.162260251585394e-05,1.0,0.5280672311782837,0.75,1e-04
6.157493044156581e-05,1.0,0.5278820991516113,0.75,1e-04
6.152128480607644e-05,1.0,0.5277034044265747,0.75,1e-04
6.146168743725866e-05,1.0,0.5275300145149231,0.75,1e-04
6.139612378319725e-05,1.0,0.5273604393005371,0.75,1e-04
6.135440344223753e-05,1.0,0.5271957516670227,0.75,1e-04
6.128288805484772e-05,1.0,0.5270363092422485,0.75,1e-04
6.123520870460197e-05,1.0,0.5268810987472534,0.75,1e-04
6.116369331721216e-05,1.0,0.5267325639724731,0.75,1e-04
6.11160066910088e-05,1.0,0.5265883207321167,0.75,1e-04
6.106236833147705e-05,1.0,0.5264507532119751,0.75,1e-04
6.0996808315394446e-05,1.0,0.5263182520866394,0.75,1e-04
6.0943169955862686e-05,1.0,0.5261926651000977,0.75,1e-04
6.0901453252881765e-05,1.0,0.5260735750198364,0.75,1e-04
6.082993422751315e-05,1.0,0.5259624719619751,0.75,1e-04
6.077032958273776e-05,1.0,0.5258551836013794,0.75,1e-04
6.072265750844963e-05,1.0,0.5257523655891418,0.75,1e-04
6.066901914891787e-05,1.0,0.5256527066230774,0.75,1e-04
6.0603451856877655e-05,1.0,0.5255588293075562,0.75,1e-04
6.053789547877386e-05,1.0,0.5254687070846558,0.75,1e-04
6.049021612852812e-05,1.0,0.5253824591636658,0.75,1e-04
6.044849214958958e-05,1.0,0.5253006219863892,0.75,1e-04
6.03829394094646e-05,1.0,0.5252259969711304,0.75,1e-04
6.032334204064682e-05,1.0,0.5251579284667969,0.75,1e-04
6.026970368111506e-05,1.0,0.5250973701477051,0.75,1e-04
6.021605804562569e-05,1.0,0.5250431299209595,0.75,1e-04
6.016837869537994e-05,1.0,0.5249926447868347,0.75,1e-04
6.010282231727615e-05,1.0,0.5249494314193726,0.75,1e-04
6.0061098338337615e-05,1.0,0.5249127149581909,0.75,1e-04
6.000149733154103e-05,1.0,0.5248805284500122,0.75,1e-04
5.9929978306172416e-05,1.0,0.5248530507087708,0.75,1e-04
5.9876339946640655e-05,1.0,0.5248278379440308,0.75,1e-04
5.982866423437372e-05,1.0,0.5248045921325684,0.75,1e-04
5.976907050353475e-05,1.0,0.524783730506897,0.75,1e-04
5.9709469496738166e-05,1.0,0.5247625112533569,0.75,1e-04
5.9655820223269984e-05,1.0,0.5247408151626587,0.75,1e-04
5.960814451100305e-05,1.0,0.5247201919555664,0.75,1e-04
5.956642417004332e-05,1.0,0.5246996879577637,0.75,1e-04
5.9494905144674703e-05,1.0,0.5246804356575012,0.75,1e-04
5.9447229432407767e-05,1.0,0.5246620774269104,0.75,1e-04
5.939358379691839e-05,1.0,0.5246451497077942,0.75,1e-04
5.933399006607942e-05,1.0,0.5246286392211914,0.75,1e-04
5.928034079261124e-05,1.0,0.5246145129203796,0.75,1e-04
5.9226709709037095e-05,1.0,0.5246015787124634,0.75,1e-04
5.9173071349505335e-05,1.0,0.5245903730392456,0.75,1e-04
5.912539199925959e-05,1.0,0.5245793461799622,0.75,1e-04
5.9059828345198184e-05,1.0,0.5245707631111145,0.75,1e-04
5.9012156270910054e-05,1.0,0.5245643854141235,0.75,1e-04
5.896447692066431e-05,1.0,0.5245624780654907,0.75,1e-04
5.890487227588892e-05,1.0,0.5245630145072937,0.75,1e-04
5.885718928766437e-05,1.0,0.5245655179023743,0.75,1e-04
5.879163654753938e-05,1.0,0.5245733261108398,0.75,1e-04
5.872011388419196e-05,1.0,0.5245841145515442,0.75,1e-04
5.867243089596741e-05,1.0,0.5245969891548157,0.75,1e-04
5.861283352714963e-05,1.0,0.5246138572692871,0.75,1e-04
5.856515053892508e-05,1.0,0.5246356129646301,0.75,1e-04
5.851747118867934e-05,1.0,0.524660587310791,0.75,1e-04
5.8469791838433594e-05,1.0,0.5246928930282593,0.75,1e-04
5.841615347890183e-05,1.0,0.5247310400009155,0.75,1e-04
5.835059710079804e-05,1.0,0.5247751474380493,0.75,1e-04
5.8296951465308666e-05,1.0,0.5248271822929382,0.75,1e-04
5.8243313105776906e-05,1.0,0.5248845219612122,0.75,1e-04
5.818371573695913e-05,1.0,0.524948239326477,0.75,1e-04
5.81419953959994e-05,1.0,0.5250178575515747,0.75,1e-04
5.808835703646764e-05,1.0,0.5250905752182007,0.75,1e-04
5.8034715038957074e-05,1.0,0.5251662135124207,0.75,1e-04
5.798108031740412e-05,1.0,0.5252450704574585,0.75,1e-04
5.792147567262873e-05,1.0,0.5253279209136963,0.75,1e-04
5.788571434095502e-05,1.0,0.5254128575325012,0.75,1e-04
5.7820161600830033e-05,1.0,0.5255000591278076,0.75,1e-04
5.777247861260548e-05,1.0,0.5255918502807617,0.75,1e-04
5.772479926235974e-05,1.0,0.5256870985031128,0.75,1e-04
5.766520189354196e-05,1.0,0.525785505771637,0.75,1e-04
5.760560088674538e-05,1.0,0.5258864164352417,0.75,1e-04
5.755791789852083e-05,1.0,0.5259901881217957,0.75,1e-04
5.749832052970305e-05,1.0,0.5260969400405884,0.75,1e-04
5.745064117945731e-05,1.0,0.5262051820755005,0.75,1e-04
5.739700281992555e-05,1.0,0.526315450668335,0.75,1e-04
5.73493234696798e-05,1.0,0.5264269709587097,0.75,1e-04
5.728376709157601e-05,1.0,0.526538074016571,0.75,1e-04
5.7242043112637475e-05,1.0,0.5266485214233398,0.75,1e-04
5.717647582059726e-05,1.0,0.5267583131790161,0.75,1e-04
5.7134766393573955e-05,1.0,0.5268678665161133,0.75,1e-04
5.708112075808458e-05,1.0,0.5269759893417358,0.75,1e-04
5.702748239855282e-05,1.0,0.5270844101905823,0.75,1e-04
5.697384403902106e-05,1.0,0.5271938443183899,0.75,1e-04
5.692020204151049e-05,1.0,0.5273030996322632,0.75,1e-04
5.6878481700550765e-05,1.0,0.5274134874343872,0.75,1e-04
5.680696267518215e-05,1.0,0.5275239944458008,0.75,1e-04
5.67592796869576e-05,1.0,0.5276345610618591,0.75,1e-04
5.6711600336711854e-05,1.0,0.5277446508407593,0.75,1e-04
5.666392462444492e-05,1.0,0.5278560519218445,0.75,1e-04
5.6604319979669526e-05,1.0,0.527970016002655,0.75,1e-04
5.654472624883056e-05,1.0,0.5280854105949402,0.75,1e-04
5.651492392644286e-05,1.0,0.528202474117279,0.75,1e-04
5.6449371186317876e-05,1.0,0.5283203721046448,0.75,1e-04
5.638975926558487e-05,1.0,0.5284380316734314,0.75,1e-04
5.634208719129674e-05,1.0,0.5285533666610718,0.75,1e-04
5.629440420307219e-05,1.0,0.5286676287651062,0.75,1e-04
5.6246724852826446e-05,1.0,0.528782308101654,0.75,1e-04
5.6181168474722654e-05,1.0,0.528895378112793,0.75,1e-04
5.613348912447691e-05,1.0,0.5290075540542603,0.75,1e-04
5.608580613625236e-05,1.0,0.5291191339492798,0.75,1e-04
5.6026205129455775e-05,1.0,0.5292301177978516,0.75,1e-04
5.5978522141231224e-05,1.0,0.5293415188789368,0.75,1e-04
5.591296940110624e-05,1.0,0.5294526815414429,0.75,1e-04
5.5871245422167704e-05,1.0,0.5295631289482117,0.75,1e-04
5.5823569709900767e-05,1.0,0.5296722650527954,0.75,1e-04
5.577588308369741e-05,1.0,0.5297791957855225,0.75,1e-04
5.5716292990837246e-05,1.0,0.5298852920532227,0.75,1e-04
5.568052802118473e-05,1.0,0.5299918055534363,0.75,1e-04
5.561496436712332e-05,1.0,0.5300986170768738,0.75,1e-04
5.556728501687758e-05,1.0,0.5302048921585083,0.75,1e-04
5.5525568313896656e-05,1.0,0.5303110480308533,0.75,1e-04
5.5460008297814056e-05,1.0,0.5304185748100281,0.75,1e-04
5.5418291594833136e-05,1.0,0.5305261611938477,0.75,1e-04
5.53765676158946e-05,1.0,0.5306355357170105,0.75,1e-04
5.532292925636284e-05,1.0,0.5307465195655823,0.75,1e-04
5.525736924028024e-05,1.0,0.5308602452278137,0.75,1e-04
5.5209693528013304e-05,1.0,0.5309748649597168,0.75,1e-04
5.514412623597309e-05,1.0,0.531092643737793,0.75,1e-04
5.510240953299217e-05,1.0,0.5312127470970154,0.75,1e-04
5.50487675354816e-05,1.0,0.5313354730606079,0.75,1e-04
5.50130098417867e-05,1.0,0.5314608216285706,0.75,1e-04
5.4953408834990114e-05,1.0,0.5315882563591003,0.75,1e-04
5.490573312272318e-05,1.0,0.5317174792289734,0.75,1e-04
5.4846132115926594e-05,1.0,0.5318477749824524,0.75,1e-04
5.481037078425288e-05,1.0,0.5319769978523254,0.75,1e-04
5.475076613947749e-05,1.0,0.5321040153503418,0.75,1e-04
5.4685213399352506e-05,1.0,0.5322295427322388,0.75,1e-04
5.464944842969999e-05,1.0,0.5323552489280701,0.75,1e-04
5.460177271743305e-05,1.0,0.5324810743331909,0.75,1e-04
5.4548127081943676e-05,1.0,0.532606303691864,0.75,1e-04
5.4506410378962755e-05,1.0,0.5327298045158386,0.75,1e-04
5.445276474347338e-05,1.0,0.5328518152236938,0.75,1e-04
5.4405089031206444e-05,1.0,0.5329709053039551,0.75,1e-04
5.4351450671674684e-05,1.0,0.533086895942688,0.75,1e-04
5.429780503618531e-05,1.0,0.5331996083259583,0.75,1e-04
5.425012932391837e-05,1.0,0.533309817314148,0.75,1e-04
5.419649096438661e-05,1.0,0.5334181785583496,0.75,1e-04
5.4148804338183254e-05,1.0,0.5335251092910767,0.75,1e-04
5.409517325460911e-05,1.0,0.5336293578147888,0.75,1e-04
5.404153489507735e-05,1.0,0.533732533454895,0.75,1e-04
5.39938519068528e-05,1.0,0.5338329672813416,0.75,1e-04
5.3952135203871876e-05,1.0,0.5339308977127075,0.75,1e-04
5.38984895683825e-05,1.0,0.5340270400047302,0.75,1e-04
5.384484393289313e-05,1.0,0.5341206789016724,0.75,1e-04
5.380313450586982e-05,1.0,0.534210205078125,0.75,1e-04
5.373756721382961e-05,1.0,0.534296989440918,0.75,1e-04
5.370776489144191e-05,1.0,0.5343791842460632,0.75,1e-04
5.3642212151316926e-05,1.0,0.5344576835632324,0.75,1e-04
5.3594529163092375e-05,1.0,0.5345335602760315,0.75,1e-04
5.3540883527603e-05,1.0,0.5346062779426575,0.75,1e-04
5.350513310986571e-05,1.0,0.5346779823303223,0.75,1e-04
5.344552846509032e-05,1.0,0.5347491502761841,0.75,1e-04
5.339189010555856e-05,1.0,0.5348195433616638,0.75,1e-04
5.335017340257764e-05,1.0,0.5348900556564331,0.75,1e-04
5.3308449423639104e-05,1.0,0.534960925579071,0.75,1e-04
5.323693039827049e-05,1.0,0.5350322723388672,0.75,1e-04
5.319521369528957e-05,1.0,0.5351041555404663,0.75,1e-04
5.3147530707065016e-05,1.0,0.5351772308349609,0.75,1e-04
5.310581036610529e-05,1.0,0.535250186920166,0.75,1e-04
5.305812737788074e-05,1.0,0.5353233218193054,0.75,1e-04
5.30104516656138e-05,1.0,0.5353957414627075,0.75,1e-04
5.2956806030124426e-05,1.0,0.5354679822921753,0.75,1e-04
5.290912667987868e-05,1.0,0.5355420708656311,0.75,1e-04
5.285548832034692e-05,1.0,0.535618782043457,0.75,1e-04
5.2801846322836354e-05,1.0,0.5356971025466919,0.75,1e-04
5.275416697259061e-05,1.0,0.5357758402824402,0.75,1e-04
5.2718409278895706e-05,1.0,0.5358569025993347,0.75,1e-04
5.265881191007793e-05,1.0,0.5359379649162292,0.75,1e-04
5.2617087931139395e-05,1.0,0.5360183715820312,0.75,1e-04
5.256941221887246e-05,1.0,0.536098301410675,0.75,1e-04
5.252768823993392e-05,1.0,0.5361758470535278,0.75,1e-04
5.246808723313734e-05,1.0,0.5362518429756165,0.75,1e-04
5.243829218670726e-05,1.0,0.5363267064094543,0.75,1e-04
5.239656820776872e-05,1.0,0.5364009737968445,0.75,1e-04
5.233697083895095e-05,1.0,0.5364750623703003,0.75,1e-04
5.2277369832154363e-05,1.0,0.5365495681762695,0.75,1e-04
5.224756750976667e-05,1.0,0.5366232991218567,0.75,1e-04
5.218797014094889e-05,1.0,0.5366967916488647,0.75,1e-04
5.214028715272434e-05,1.0,0.5367681384086609,0.75,1e-04
5.2104529459029436e-05,1.0,0.5368363857269287,0.75,1e-04
5.204493209021166e-05,1.0,0.5369008183479309,0.75,1e-04
5.1991286454722285e-05,1.0,0.5369614362716675,0.75,1e-04
5.194360710447654e-05,1.0,0.5370177030563354,0.75,1e-04
5.189592411625199e-05,1.0,0.5370708107948303,0.75,1e-04
5.182439781492576e-05,1.0,0.5371211767196655,0.75,1e-04
5.1800561777781695e-05,1.0,0.5371701717376709,0.75,1e-04
5.1746923418249935e-05,1.0,0.53721684217453,0.75,1e-04
5.1693285058718175e-05,1.0,0.5372630953788757,0.75,1e-04
5.164560934645124e-05,1.0,0.5373108983039856,0.75,1e-04
5.16038853675127e-05,1.0,0.5373607873916626,0.75,1e-04
5.155024700798094e-05,1.0,0.5374142527580261,0.75,1e-04
5.152044468559325e-05,1.0,0.5374704599380493,0.75,1e-04
5.146680632606149e-05,1.0,0.5375294089317322,0.75,1e-04
5.1419123337836936e-05,1.0,0.5375919342041016,0.75,1e-04
5.1365484978305176e-05,1.0,0.5376542210578918,0.75,1e-04
5.1311846618773416e-05,1.0,0.5377148389816284,0.75,1e-04
5.1258208259241655e-05,1.0,0.537773609161377,0.75,1e-04
5.1228398660896346e-05,1.0,0.5378307104110718,0.75,1e-04
5.11747675773222e-05,1.0,0.5378872752189636,0.75,1e-04
5.1133043598383665e-05,1.0,0.5379415154457092,0.75,1e-04
5.1097282266709954e-05,1.0,0.537996232509613,0.75,1e-04
5.1037688535870984e-05,1.0,0.5380507111549377,0.75,1e-04
5.1001923566218466e-05,1.0,0.5381039381027222,0.75,1e-04
5.0954240577993914e-05,1.0,0.5381571054458618,0.75,1e-04
5.0900602218462154e-05,1.0,0.5382105708122253,0.75,1e-04
5.0846963858930394e-05,1.0,0.5382663607597351,0.75,1e-04
5.081120252725668e-05,1.0,0.5383244752883911,0.75,1e-04
5.074564251117408e-05,1.0,0.5383853316307068,0.75,1e-04
5.070988117950037e-05,1.0,0.5384489893913269,0.75,1e-04
5.068008249509148e-05,1.0,0.5385149121284485,0.75,1e-04
5.060856346972287e-05,1.0,0.5385850667953491,0.75,1e-04
5.0572802138049155e-05,1.0,0.5386586785316467,0.75,1e-04
5.053704444435425e-05,1.0,0.5387335419654846,0.75,1e-04
5.047147715231404e-05,1.0,0.5388115644454956,0.75,1e-04
5.0429760449333116e-05,1.0,0.5388907194137573,0.75,1e-04
5.0382077461108565e-05,1.0,0.5389715433120728,0.75,1e-04
5.0328439101576805e-05,1.0,0.539054274559021,0.75,1e-04
5.02926814078819e-05,1.0,0.5391401052474976,0.75,1e-04
5.0250957428943366e-05,1.0,0.5392292737960815,0.75,1e-04
5.0209240725962445e-05,1.0,0.5393201112747192,0.75,1e-04
5.016751674702391e-05,1.0,0.539413571357727,0.75,1e-04
5.0107919378206134e-05,1.0,0.5395070910453796,0.75,1e-04
5.006620267522521e-05,1.0,0.5396000146865845,0.75,1e-04
5.0030437705572695e-05,1.0,0.5396918058395386,0.75,1e-04
4.997084033675492e-05,1.0,0.5397809147834778,0.75,1e-04
4.992315734853037e-05,1.0,0.5398675203323364,0.75,1e-04
4.9875474360305816e-05,1.0,0.5399506092071533,0.75,1e-04
4.982183963875286e-05,1.0,0.5400301218032837,0.75,1e-04
4.978608194505796e-05,1.0,0.540104866027832,0.75,1e-04
4.9744354328140616e-05,1.0,0.5401757955551147,0.75,1e-04
4.969667497789487e-05,1.0,0.5402429699897766,0.75,1e-04
4.9648999265627936e-05,1.0,0.5403041839599609,0.75,1e-04
4.961919694324024e-05,1.0,0.5403597950935364,0.75,1e-04
4.9565551307750866e-05,1.0,0.5404113531112671,0.75,1e-04
4.950595393893309e-05,1.0,0.5404578447341919,0.75,1e-04
4.94761552545242e-05,1.0,0.5404974818229675,0.75,1e-04
4.944039392285049e-05,1.0,0.5405302047729492,0.75,1e-04
4.938675556331873e-05,1.0,0.5405586361885071,0.75,1e-04
4.9333109927829355e-05,1.0,0.5405802726745605,0.75,1e-04
4.928543421556242e-05,1.0,0.5405942797660828,0.75,1e-04
4.92437175125815e-05,1.0,0.540603756904602,0.75,1e-04
4.920199353364296e-05,1.0,0.540611743927002,0.75,1e-04
4.91483551741112e-05,1.0,0.5406173467636108,0.75,1e-04
4.9112590204458684e-05,1.0,0.5406202077865601,0.75,1e-04
4.907087350147776e-05,1.0,0.5406230688095093,0.75,1e-04
4.9017231503967196e-05,1.0,0.5406253337860107,0.75,1e-04
4.896955215372145e-05,1.0,0.5406268835067749,0.75,1e-04
4.893379082204774e-05,1.0,0.5406291484832764,0.75,1e-04
4.887418617727235e-05,1.0,0.5406336784362793,0.75,1e-04
4.8838428483577445e-05,1.0,0.5406370759010315,0.75,1e-04
4.879670814261772e-05,1.0,0.5406405329704285,0.75,1e-04
4.875498780165799e-05,1.0,0.5406414270401001,0.75,1e-04
4.8713263822719455e-05,1.0,0.54063880443573,0.75,1e-04
4.867750976700336e-05,1.0,0.5406354665756226,0.75,1e-04
4.8605987103655934e-05,1.0,0.5406321883201599,0.75,1e-04
4.857022577198222e-05,1.0,0.5406292676925659,0.75,1e-04
4.853446807828732e-05,1.0,0.540627658367157,0.75,1e-04
4.8474867071490735e-05,1.0,0.5406270027160645,0.75,1e-04
4.8427184083266184e-05,1.0,0.5406267046928406,0.75,1e-04
4.839142638957128e-05,1.0,0.5406285524368286,0.75,1e-04
4.834970604861155e-05,1.0,0.5406323671340942,0.75,1e-04
4.8302023060387e-05,1.0,0.5406360030174255,0.75,1e-04
4.8266265366692096e-05,1.0,0.5406379699707031,0.75,1e-04
4.8206660721916705e-05,1.0,0.5406391024589539,0.75,1e-04
4.81709030282218e-05,1.0,0.5406399369239807,0.75,1e-04
4.812918268726207e-05,1.0,0.5406407117843628,0.75,1e-04
4.8093417717609555e-05,1.0,0.5406417846679688,0.75,1e-04
4.80397829960566e-05,1.0,0.5406414866447449,0.75,1e-04
4.799210000783205e-05,1.0,0.5406413078308105,0.75,1e-04
4.793846164830029e-05,1.0,0.5406405329704285,0.75,1e-04
4.791461833519861e-05,1.0,0.5406405329704285,0.75,1e-04
4.7860976337688044e-05,1.0,0.5406434535980225,0.75,1e-04
4.7807337978156283e-05,1.0,0.5406473875045776,0.75,1e-04
4.777158028446138e-05,1.0,0.5406515598297119,0.75,1e-04
4.7723900934215635e-05,1.0,0.5406557321548462,0.75,1e-04
4.769409861182794e-05,1.0,0.5406599044799805,0.75,1e-04
4.7634497605031356e-05,1.0,0.5406644940376282,0.75,1e-04
4.7610657929908484e-05,1.0,0.5406666994094849,0.75,1e-04
4.7568937588948756e-05,1.0,0.5406678318977356,0.75,1e-04
4.750933658215217e-05,1.0,0.5406674146652222,0.75,1e-04
4.747357888845727e-05,1.0,0.5406700372695923,0.75,1e-04
4.743185854749754e-05,1.0,0.540676474571228,0.75,1e-04
4.738417192129418e-05,1.0,0.540687084197998,0.75,1e-04
4.7336496209027246e-05,1.0,0.5407029986381531,0.75,1e-04
4.731861554319039e-05,1.0,0.5407231450080872,0.75,1e-04
4.726497718365863e-05,1.0,0.5407480001449585,0.75,1e-04
4.721133882412687e-05,1.0,0.5407781004905701,0.75,1e-04
4.7181536501739174e-05,1.0,0.5408118963241577,0.75,1e-04
4.712789450422861e-05,1.0,0.5408477187156677,0.75,1e-04
4.708617416326888e-05,1.0,0.5408841371536255,0.75,1e-04
4.703849117504433e-05,1.0,0.5409206748008728,0.75,1e-04
4.69967708340846e-05,1.0,0.5409601330757141,0.75,1e-04
4.696100950241089e-05,1.0,0.5410016775131226,0.75,1e-04
4.691929279942997e-05,1.0,0.5410449504852295,0.75,1e-04
4.6883535105735064e-05,1.0,0.541089653968811,0.75,1e-04
4.682393046095967e-05,1.0,0.5411354303359985,0.75,1e-04
4.68000907858368e-05,1.0,0.5411780476570129,0.75,1e-04
4.675240779761225e-05,1.0,0.5412213206291199,0.75,1e-04
4.6704728447366506e-05,1.0,0.5412644147872925,0.75,1e-04
4.667492612497881e-05,1.0,0.5413087606430054,0.75,1e-04
4.660936610889621e-05,1.0,0.541355550289154,0.75,1e-04
4.6573608415201306e-05,1.0,0.5414036512374878,0.75,1e-04
4.651996277971193e-05,1.0,0.5414553880691528,0.75,1e-04
4.649016773328185e-05,1.0,0.5415093898773193,0.75,1e-04
4.6448443754343316e-05,1.0,0.5415657758712769,0.75,1e-04
4.640076440409757e-05,1.0,0.5416197776794434,0.75,1e-04
4.6359044063137844e-05,1.0,0.5416733026504517,0.75,1e-04
4.631136107491329e-05,1.0,0.5417231321334839,0.75,1e-04
4.6281562390504405e-05,1.0,0.5417710542678833,0.75,1e-04
4.622792039299384e-05,1.0,0.5418163537979126,0.75,1e-04
4.619811807060614e-05,1.0,0.5418596267700195,0.75,1e-04
4.6138520701788366e-05,1.0,0.5418999195098877,0.75,1e-04
4.6102759370114654e-05,1.0,0.5419372320175171,0.75,1e-04
4.607891969499178e-05,1.0,0.5419725775718689,0.75,1e-04
4.60193186881952e-05,1.0,0.5420063734054565,0.75,1e-04
4.598355735652149e-05,1.0,0.542036235332489,0.75,1e-04
4.5941840653540567e-05,1.0,0.5420645475387573,0.75,1e-04
4.590012031258084e-05,1.0,0.542091965675354,0.75,1e-04
4.585243732435629e-05,1.0,0.5421171188354492,0.75,1e-04
4.581667235470377e-05,1.0,0.5421419143676758,0.75,1e-04
4.577495565172285e-05,1.0,0.5421655774116516,0.75,1e-04
4.5727276301477104e-05,1.0,0.5421859622001648,0.75,1e-04
4.568555232253857e-05,1.0,0.5422077178955078,0.75,1e-04
4.56617126474157e-05,1.0,0.5422264337539673,0.75,1e-04
4.55961526313331e-05,1.0,0.542243242263794,0.75,1e-04
4.5572312956210226e-05,1.0,0.5422574281692505,0.75,1e-04
4.551271194941364e-05,1.0,0.5422696471214294,0.75,1e-04
4.5494834921555594e-05,1.0,0.5422813296318054,0.75,1e-04
4.544118928606622e-05,1.0,0.5422933101654053,0.75,1e-04
4.539351357379928e-05,1.0,0.5423058271408081,0.75,1e-04
4.537562926998362e-05,1.0,0.5423180460929871,0.75,1e-04
4.532199091045186e-05,1.0,0.5423304438591003,0.75,1e-04
4.528027056949213e-05,1.0,0.5423441529273987,0.75,1e-04
4.523259121924639e-05,1.0,0.5423561930656433,0.75,1e-04
4.520874790614471e-05,1.0,0.5423673391342163,0.75,1e-04
4.5161068555898964e-05,1.0,0.5423780679702759,0.75,1e-04
4.511934821493924e-05,1.0,0.542391300201416,0.75,1e-04
4.5083586883265525e-05,1.0,0.542405903339386,0.75,1e-04
4.50418665423058e-05,1.0,0.5424219369888306,0.75,1e-04
4.4994183554081246e-05,1.0,0.542441725730896,0.75,1e-04
4.49465042038355e-05,1.0,0.5424634218215942,0.75,1e-04
4.4928623537998646e-05,1.0,0.5424853563308716,0.75,1e-04
4.48809441877529e-05,1.0,0.5425101518630981,0.75,1e-04
4.4839223846793175e-05,1.0,0.5425347089767456,0.75,1e-04
4.480346615309827e-05,1.0,0.5425576567649841,0.75,1e-04
4.4761742174159735e-05,1.0,0.5425788760185242,0.75,1e-04
4.4714059185935184e-05,1.0,0.5426008105278015,0.75,1e-04
4.4684260501526296e-05,1.0,0.5426220893859863,0.75,1e-04
4.4648499169852585e-05,1.0,0.542644202709198,0.75,1e-04
4.458294279174879e-05,1.0,0.5426684617996216,0.75,1e-04
4.454717782209627e-05,1.0,0.5426915884017944,0.75,1e-04
4.4505457481136546e-05,1.0,0.5427139401435852,0.75,1e-04
4.4481617806013674e-05,1.0,0.5427348017692566,0.75,1e-04
4.442201316123828e-05,1.0,0.5427557229995728,0.75,1e-04
4.439221083885059e-05,1.0,0.5427753329277039,0.75,1e-04
4.4350497773848474e-05,1.0,0.5427976846694946,0.75,1e-04
4.432069181348197e-05,1.0,0.5428207516670227,0.75,1e-04
4.427897511050105e-05,1.0,0.5428458452224731,0.75,1e-04
4.4237251131562516e-05,1.0,0.5428701639175415,0.75,1e-04
4.420149343786761e-05,1.0,0.5428925156593323,0.75,1e-04
4.415381044964306e-05,1.0,0.5429167151451111,0.75,1e-04
4.412401176523417e-05,1.0,0.5429387092590332,0.75,1e-04
4.407037340570241e-05,1.0,0.5429592132568359,0.75,1e-04
4.40346120740287e-05,1.0,0.5429812669754028,0.75,1e-04
4.399289173306897e-05,1.0,0.5430026054382324,0.75,1e-04
4.396308941068128e-05,1.0,0.5430229306221008,0.75,1e-04
4.39094437751919e-05,1.0,0.5430459976196289,0.75,1e-04
4.388560773804784e-05,1.0,0.543067455291748,0.75,1e-04
4.382004772196524e-05,1.0,0.5430887937545776,0.75,1e-04
4.3796208046842366e-05,1.0,0.5431072115898132,0.75,1e-04
4.376640936243348e-05,1.0,0.5431259870529175,0.75,1e-04
4.372468538349494e-05,1.0,0.5431450605392456,0.75,1e-04
4.3682965042535216e-05,1.0,0.5431663393974304,0.75,1e-04
4.364124470157549e-05,1.0,0.5431904196739197,0.75,1e-04
4.359356171335094e-05,1.0,0.5432121157646179,0.75,1e-04
4.3569722038228065e-05,1.0,0.5432355403900146,0.75,1e-04
4.3522039050003514e-05,1.0,0.5432572364807129,0.75,1e-04
4.348032234702259e-05,1.0,0.5432785749435425,0.75,1e-04
4.3444557377370074e-05,1.0,0.5433001518249512,0.75,1e-04
4.3402840674389154e-05,1.0,0.5433201789855957,0.75,1e-04
4.337303835200146e-05,1.0,0.5433403253555298,0.75,1e-04
4.333131801104173e-05,1.0,0.5433602333068848,0.75,1e-04
4.330151932663284e-05,1.0,0.543380856513977,0.75,1e-04
4.3247877329122275e-05,1.0,0.5434072613716125,0.75,1e-04
4.32240376539994e-05,1.0,0.5434369444847107,0.75,1e-04
4.317635466577485e-05,1.0,0.5434695482254028,0.75,1e-04
4.314059697207995e-05,1.0,0.5435039401054382,0.75,1e-04
4.310483200242743e-05,1.0,0.5435394048690796,0.75,1e-04
4.304523463360965e-05,1.0,0.5435782670974731,0.75,1e-04
4.300947330193594e-05,1.0,0.5436177253723145,0.75,1e-04
4.29975516453851e-05,1.0,0.5436589121818542,0.75,1e-04
4.294391328585334e-05,1.0,0.5436980128288269,0.75,1e-04
4.290814831620082e-05,1.0,0.5437360405921936,0.75,1e-04
4.2866427975241095e-05,1.0,0.5437703132629395,0.75,1e-04
4.2836629290832207e-05,1.0,0.5438001155853271,0.75,1e-04
4.279490531189367e-05,1.0,0.543826699256897,0.75,1e-04
4.2765106627484784e-05,1.0,0.5438501834869385,0.75,1e-04
4.2723386286525056e-05,1.0,0.5438693761825562,0.75,1e-04
4.268166594556533e-05,1.0,0.5438836812973022,0.75,1e-04
4.2633986595319584e-05,1.0,0.5438934564590454,0.75,1e-04
4.2592266254359856e-05,1.0,0.5439003109931946,0.75,1e-04
4.256842294125818e-05,1.0,0.5439066886901855,0.75,1e-04
4.253266524756327e-05,1.0,0.5439116358757019,0.75,1e-04
4.2479023250052705e-05,1.0,0.5439183115959167,0.75,1e-04
4.2455183574929833e-05,1.0,0.5439249873161316,0.75,1e-04
4.241942224325612e-05,1.0,0.5439313650131226,0.75,1e-04
4.2377701902296394e-05,1.0,0.5439356565475464,0.75,1e-04
4.234194420860149e-05,1.0,0.5439384579658508,0.75,1e-04
4.230022386764176e-05,1.0,0.5439397096633911,0.75,1e-04
4.227638055454008e-05,1.0,0.5439388751983643,0.75,1e-04
4.2234660213580355e-05,1.0,0.5439350008964539,0.75,1e-04
4.219890251988545e-05,1.0,0.5439279675483704,0.75,1e-04
4.216313755023293e-05,1.0,0.5439196228981018,0.75,1e-04
4.2115461837965995e-05,1.0,0.5439096093177795,0.75,1e-04
4.2079696868313476e-05,1.0,0.5438984036445618,0.75,1e-04
4.2043935536639765e-05,1.0,0.5438887476921082,0.75,1e-04
4.201413685223088e-05,1.0,0.5438783764839172,0.75,1e-04
4.1966453864006326e-05,1.0,0.543866753578186,0.75,1e-04
4.193665517959744e-05,1.0,0.5438535809516907,0.75,1e-04
4.190089020994492e-05,1.0,0.5438390970230103,0.75,1e-04
4.1853210859699175e-05,1.0,0.5438252687454224,0.75,1e-04
4.182340853731148e-05,1.0,0.5438122749328613,0.75,1e-04
4.179956886218861e-05,1.0,0.543800950050354,0.75,1e-04
4.174593050265685e-05,1.0,0.5437901616096497,0.75,1e-04
4.170421016169712e-05,1.0,0.5437807440757751,0.75,1e-04
4.1674407839309424e-05,1.0,0.5437720417976379,0.75,1e-04
4.1632687498349696e-05,1.0,0.5437663197517395,0.75,1e-04
4.1596926166675985e-05,1.0,0.5437635779380798,0.75,1e-04
4.154924681643024e-05,1.0,0.543762743473053,0.75,1e-04
4.1507522837491706e-05,1.0,0.5437594652175903,0.75,1e-04
4.147772415308282e-05,1.0,0.543756365776062,0.75,1e-04
4.143600381212309e-05,1.0,0.5437530279159546,0.75,1e-04
4.141216413700022e-05,1.0,0.5437496900558472,0.75,1e-04
4.137044015806168e-05,1.0,0.5437456369400024,0.75,1e-04
4.1340641473652795e-05,1.0,0.5437413454055786,0.75,1e-04
4.129892113269307e-05,1.0,0.5437371134757996,0.75,1e-04
4.1263159801019356e-05,1.0,0.5437345504760742,0.75,1e-04
4.123335747863166e-05,1.0,0.5437313318252563,0.75,1e-04
4.120355879422277e-05,1.0,0.5437296032905579,0.75,1e-04
4.116779746254906e-05,1.0,0.5437318086624146,0.75,1e-04
4.11141591030173e-05,1.0,0.543735146522522,0.75,1e-04
4.1084356780629605e-05,1.0,0.5437427759170532,0.75,1e-04
4.104263643966988e-05,1.0,0.5437500476837158,0.75,1e-04
4.102475577383302e-05,1.0,0.5437564849853516,0.75,1e-04
4.096515476703644e-05,1.0,0.5437601208686829,0.75,1e-04
4.094131145393476e-05,1.0,0.5437638759613037,0.75,1e-04
4.089959111297503e-05,1.0,0.5437666773796082,0.75,1e-04
4.0875755075830966e-05,1.0,0.5437676906585693,0.75,1e-04
4.083403109689243e-05,1.0,0.5437684059143066,0.75,1e-04
4.079826612723991e-05,1.0,0.5437694787979126,0.75,1e-04
4.0762512071523815e-05,1.0,0.5437717437744141,0.75,1e-04
4.073270974913612e-05,1.0,0.5437750816345215,0.75,1e-04
4.069694841746241e-05,1.0,0.543778121471405,0.75,1e-04
4.065522807650268e-05,1.0,0.5437835454940796,0.75,1e-04
4.061946674482897e-05,1.0,0.5437897443771362,0.75,1e-04
4.05956270697061e-05,1.0,0.5437964797019958,0.75,1e-04
4.054198871017434e-05,1.0,0.5438046455383301,0.75,1e-04
4.0512182749807835e-05,1.0,0.5438120365142822,0.75,1e-04
4.0482387703377753e-05,1.0,0.5438209772109985,0.75,1e-04
4.045258538099006e-05,1.0,0.5438297986984253,0.75,1e-04
4.0392984374193475e-05,1.0,0.5438396334648132,0.75,1e-04
4.03691446990706e-05,1.0,0.5438475608825684,0.75,1e-04
4.033934237668291e-05,1.0,0.5438551902770996,0.75,1e-04
4.0303581045009196e-05,1.0,0.5438631772994995,0.75,1e-04
4.026185706607066e-05,1.0,0.543871283531189,0.75,1e-04
4.0226099372375757e-05,1.0,0.5438797473907471,0.75,1e-04
4.0208215068560094e-05,1.0,0.5438892245292664,0.75,1e-04
4.0166494727600366e-05,1.0,0.543899416923523,0.75,1e-04
4.012477438664064e-05,1.0,0.5439121127128601,0.75,1e-04
4.008305768365972e-05,1.0,0.5439267158508301,0.75,1e-04
4.005921437055804e-05,1.0,0.5439425706863403,0.75,1e-04
4.000557237304747e-05,1.0,0.5439602136611938,0.75,1e-04
3.999365071649663e-05,1.0,0.5439780354499817,0.75,1e-04
3.9945975004229695e-05,1.0,0.5439968109130859,0.75,1e-04
3.9922131691128016e-05,1.0,0.5440176725387573,0.75,1e-04
3.986848969361745e-05,1.0,0.5440405607223511,0.75,1e-04
3.9850605389801785e-05,1.0,0.544063925743103,0.75,1e-04
3.980292967753485e-05,1.0,0.5440881848335266,0.75,1e-04
3.977312735514715e-05,1.0,0.5441111922264099,0.75,1e-04
3.974928768002428e-05,1.0,0.544134795665741,0.75,1e-04
3.970756733906455e-05,1.0,0.5441568493843079,0.75,1e-04
3.967776501667686e-05,1.0,0.5441766977310181,0.75,1e-04
3.963604831369594e-05,1.0,0.544195294380188,0.75,1e-04
3.960028334404342e-05,1.0,0.5442116856575012,0.75,1e-04
3.9558559365104884e-05,1.0,0.5442255735397339,0.75,1e-04
3.954664134653285e-05,1.0,0.5442366600036621,0.75,1e-04
3.946915967389941e-05,1.0,0.5442479252815247,0.75,1e-04
3.946915967389941e-05,1.0,0.544257640838623,0.75,1e-04
3.942744297091849e-05,1.0,0.5442662239074707,0.75,1e-04
3.940359965781681e-05,1.0,0.5442731976509094,0.75,1e-04
3.9349957660306245e-05,1.0,0.5442806482315063,0.75,1e-04
3.933803964173421e-05,1.0,0.5442894101142883,0.75,1e-04
3.929035665350966e-05,1.0,0.544296145439148,0.75,1e-04
3.926651697838679e-05,1.0,0.544302761554718,0.75,1e-04
3.921287498087622e-05,1.0,0.544308066368103,0.75,1e-04
3.918903530575335e-05,1.0,0.5443131327629089,0.75,1e-04
3.9147311326814815e-05,1.0,0.5443196296691895,0.75,1e-04
3.9123471651691943e-05,1.0,0.5443260073661804,0.75,1e-04
3.90757923014462e-05,1.0,0.544334888458252,0.75,1e-04
3.9045989979058504e-05,1.0,0.5443450212478638,0.75,1e-04
3.901022864738479e-05,1.0,0.5443564653396606,0.75,1e-04
3.8992351619526744e-05,1.0,0.5443682670593262,0.75,1e-04
3.895062764058821e-05,1.0,0.5443798899650574,0.75,1e-04
3.890891093760729e-05,1.0,0.5443900227546692,0.75,1e-04
3.889103027177043e-05,1.0,0.5443995594978333,0.75,1e-04
3.88493062928319e-05,1.0,0.5444096326828003,0.75,1e-04
3.8813544961158186e-05,1.0,0.5444208979606628,0.75,1e-04
3.87837462767493e-05,1.0,0.5444319844245911,0.75,1e-04
3.8747984945075586e-05,1.0,0.5444432497024536,0.75,1e-04
3.87181862606667e-05,1.0,0.5444536805152893,0.75,1e-04
3.866454426315613e-05,1.0,0.5444656610488892,0.75,1e-04
3.862878293148242e-05,1.0,0.5444775223731995,0.75,1e-04
3.859897697111592e-05,1.0,0.544491708278656,0.75,1e-04
3.8581103581236675e-05,1.0,0.5445069074630737,0.75,1e-04
3.852746158372611e-05,1.0,0.5445224046707153,0.75,1e-04
3.8509577279910445e-05,1.0,0.5445377230644226,0.75,1e-04
3.846785330097191e-05,1.0,0.5445521473884583,0.75,1e-04
3.843805825454183e-05,1.0,0.5445663332939148,0.75,1e-04
3.8408255932154134e-05,1.0,0.5445772409439087,0.75,1e-04
3.837249460048042e-05,1.0,0.5445882678031921,0.75,1e-04
3.834865492535755e-05,1.0,0.5445971488952637,0.75,1e-04
3.831289359368384e-05,1.0,0.5446051955223083,0.75,1e-04
3.826521060545929e-05,1.0,0.5446137189865112,0.75,1e-04
3.824732993962243e-05,1.0,0.5446221232414246,0.75,1e-04
3.8217531255213544e-05,1.0,0.5446323156356812,0.75,1e-04
3.8187732570804656e-05,1.0,0.5446411371231079,0.75,1e-04
3.813409057329409e-05,1.0,0.5446512699127197,0.75,1e-04
3.810428825090639e-05,1.0,0.5446620583534241,0.75,1e-04
3.808640758506954e-05,1.0,0.5446723103523254,0.75,1e-04
3.8026806578272954e-05,1.0,0.5446816682815552,0.75,1e-04
3.800296690315008e-05,1.0,0.5446902513504028,0.75,1e-04
3.7973164580762386e-05,1.0,0.5446995496749878,0.75,1e-04
3.79433658963535e-05,1.0,0.5447069406509399,0.75,1e-04
3.791356721194461e-05,1.0,0.5447157621383667,0.75,1e-04
3.7883764889556915e-05,1.0,0.5447226762771606,0.75,1e-04
3.784204091061838e-05,1.0,0.5447275638580322,0.75,1e-04
3.7824160244781524e-05,1.0,0.5447306632995605,0.75,1e-04
3.780032420763746e-05,1.0,0.5447309613227844,0.75,1e-04
3.77526375814341e-05,1.0,0.544730544090271,0.75,1e-04
3.772283889702521e-05,1.0,0.5447295308113098,0.75,1e-04
3.7693040212616324e-05,1.0,0.5447274446487427,0.75,1e-04
3.765727888094261e-05,1.0,0.5447273254394531,0.75,1e-04
3.762747655855492e-05,1.0,0.5447286367416382,0.75,1e-04
3.758575621759519e-05,1.0,0.5447290539741516,0.75,1e-04
3.7555953895207494e-05,1.0,0.5447274446487427,0.75,1e-04
3.753211422008462e-05,1.0,0.544725239276886,0.75,1e-04
3.749039024114609e-05,1.0,0.5447208285331726,0.75,1e-04
3.7454628909472376e-05,1.0,0.5447162389755249,0.75,1e-04
3.743079287232831e-05,1.0,0.5447108745574951,0.75,1e-04
3.7389072531368583e-05,1.0,0.5447030067443848,0.75,1e-04
3.7377150874817744e-05,1.0,0.5446949005126953,0.75,1e-04
3.732946788659319e-05,1.0,0.5446856617927551,0.75,1e-04
3.72996655642055e-05,1.0,0.5446783900260925,0.75,1e-04
3.725198985193856e-05,1.0,0.544672966003418,0.75,1e-04
3.7234109186101705e-05,1.0,0.5446683764457703,0.75,1e-04
3.720430686371401e-05,1.0,0.5446650385856628,0.75,1e-04
3.71685455320403e-05,1.0,0.5446630716323853,0.75,1e-04
3.712682519108057e-05,1.0,0.544664740562439,0.75,1e-04
3.7097022868692875e-05,1.0,0.5446683764457703,0.75,1e-04
3.706722054630518e-05,1.0,0.5446727871894836,0.75,1e-04
3.7031462852610275e-05,1.0,0.5446802377700806,0.75,1e-04
3.700165689224377e-05,1.0,0.544689416885376,0.75,1e-04
3.697782085509971e-05,1.0,0.5446985363960266,0.75,1e-04
3.6942063161404803e-05,1.0,0.5447056889533997,0.75,1e-04
3.690033554448746e-05,1.0,0.5447095632553101,0.75,1e-04
3.687053686007857e-05,1.0,0.5447112321853638,0.75,1e-04
3.685265619424172e-05,1.0,0.5447126626968384,0.75,1e-04
3.68109394912608e-05,1.0,0.544714093208313,0.75,1e-04
3.678709617815912e-05,1.0,0.5447152853012085,0.75,1e-04
3.6751334846485406e-05,1.0,0.5447173118591309,0.75,1e-04
3.6715573514811695e-05,1.0,0.5447185635566711,0.75,1e-04
3.6703651858260855e-05,1.0,0.5447218418121338,0.75,1e-04
3.665597250801511e-05,1.0,0.544725239276886,0.75,1e-04
3.660828951979056e-05,1.0,0.5447296500205994,0.75,1e-04
3.6578487197402865e-05,1.0,0.5447355508804321,0.75,1e-04
3.65546511602588e-05,1.0,0.5447412729263306,0.75,1e-04
3.653676685644314e-05,1.0,0.5447465777397156,0.75,1e-04
3.649504651548341e-05,1.0,0.544749915599823,0.75,1e-04
3.645928154583089e-05,1.0,0.5447489023208618,0.75,1e-04
3.6429482861422e-05,1.0,0.5447427034378052,0.75,1e-04
3.6399684177013114e-05,1.0,0.5447315573692322,0.75,1e-04
3.6363919207360595e-05,1.0,0.544717013835907,0.75,1e-04
3.6346045817481354e-05,1.0,0.5446999073028564,0.75,1e-04
3.630432183854282e-05,1.0,0.5446812510490417,0.75,1e-04
3.628047852544114e-05,1.0,0.5446612238883972,0.75,1e-04
3.624471719376743e-05,1.0,0.5446398854255676,0.75,1e-04
3.6208959500072524e-05,1.0,0.5446168184280396,0.75,1e-04
3.618511982494965e-05,1.0,0.5445937514305115,0.75,1e-04
3.616127651184797e-05,1.0,0.5445688366889954,0.75,1e-04
3.612551518017426e-05,1.0,0.5445432662963867,0.75,1e-04
3.6101679143030196e-05,1.0,0.5445159673690796,0.75,1e-04
3.605995516409166e-05,1.0,0.5444883108139038,0.75,1e-04
3.602419019443914e-05,1.0,0.5444620847702026,0.75,1e-04
3.6006313166581094e-05,1.0,0.5444362759590149,0.75,1e-04
3.5970548196928576e-05,1.0,0.5444105267524719,0.75,1e-04
3.594074951251969e-05,1.0,0.5443870425224304,0.75,1e-04
3.591094719013199e-05,1.0,0.5443664789199829,0.75,1e-04
3.586923048715107e-05,1.0,0.5443480610847473,0.75,1e-04
3.5839428164763376e-05,1.0,0.5443298816680908,0.75,1e-04
3.5815588489640504e-05,1.0,0.5443114638328552,0.75,1e-04
3.578578616725281e-05,1.0,0.5442941188812256,0.75,1e-04
3.5755983844865113e-05,1.0,0.5442765951156616,0.75,1e-04
3.572022615117021e-05,1.0,0.544259250164032,0.75,1e-04
3.568446118151769e-05,1.0,0.5442442297935486,0.75,1e-04
3.5660625144373626e-05,1.0,0.5442299246788025,0.75,1e-04
3.56248565367423e-05,1.0,0.5442169308662415,0.75,1e-04
3.5601020499598235e-05,1.0,0.5442045331001282,0.75,1e-04
3.556525916792452e-05,1.0,0.5441911220550537,0.75,1e-04
3.5541415854822844e-05,1.0,0.5441787242889404,0.75,1e-04
3.550565816112794e-05,1.0,0.5441667437553406,0.75,1e-04
3.546989682945423e-05,1.0,0.5441540479660034,0.75,1e-04
3.544009450706653e-05,1.0,0.5441414713859558,0.75,1e-04
3.5410295822657645e-05,1.0,0.5441291928291321,0.75,1e-04
3.539837780408561e-05,1.0,0.5441168546676636,0.75,1e-04
3.536857548169792e-05,1.0,0.544104278087616,0.75,1e-04
3.532089613145217e-05,1.0,0.5440903902053833,0.75,1e-04
3.529109380906448e-05,1.0,0.5440759658813477,0.75,1e-04
3.526129148667678e-05,1.0,0.5440595746040344,0.75,1e-04
3.5255332477390766e-05,1.0,0.5440411567687988,0.75,1e-04
3.5207649489166215e-05,1.0,0.5440211296081543,0.75,1e-04
3.517785080475733e-05,1.0,0.543999969959259,0.75,1e-04
3.515997013892047e-05,1.0,0.5439796447753906,0.75,1e-04
3.512420880724676e-05,1.0,0.5439591407775879,0.75,1e-04
3.510036549414508e-05,1.0,0.5439379215240479,0.75,1e-04
3.5064607800450176e-05,1.0,0.5439165830612183,0.75,1e-04
3.5028846468776464e-05,1.0,0.5438953638076782,0.75,1e-04
3.4993081499123946e-05,1.0,0.5438750386238098,0.75,1e-04
3.4969241824001074e-05,1.0,0.5438558459281921,0.75,1e-04
3.493348049232736e-05,1.0,0.5438367128372192,0.75,1e-04
3.489772279863246e-05,1.0,0.5438185930252075,0.75,1e-04
3.487387948553078e-05,1.0,0.5437976121902466,0.75,1e-04
3.485003981040791e-05,1.0,0.5437771081924438,0.75,1e-04
3.4826200135285035e-05,1.0,0.5437539219856262,0.75,1e-04
3.479639781289734e-05,1.0,0.5437305569648743,0.75,1e-04
3.475467747193761e-05,1.0,0.5437060594558716,0.75,1e-04
3.4724875149549916e-05,1.0,0.5436795353889465,0.75,1e-04
3.470103183644824e-05,1.0,0.5436534285545349,0.75,1e-04
3.467122951406054e-05,1.0,0.5436258316040039,0.75,1e-04
3.46533561241813e-05,1.0,0.5435987710952759,0.75,1e-04
3.4623553801793605e-05,1.0,0.5435727834701538,0.75,1e-04
3.4575870813569054e-05,1.0,0.5435459017753601,0.75,1e-04
3.455798650975339e-05,1.0,0.5435175895690918,0.75,1e-04
3.452222881605849e-05,1.0,0.5434883236885071,0.75,1e-04
3.449839277891442e-05,1.0,0.543458104133606,0.75,1e-04
3.4468590456526726e-05,1.0,0.5434272885322571,0.75,1e-04
3.443878813413903e-05,1.0,0.5433942675590515,0.75,1e-04
3.4408985811751336e-05,1.0,0.5433591604232788,0.75,1e-04
3.4373224480077624e-05,1.0,0.5433233380317688,0.75,1e-04
3.433746314840391e-05,1.0,0.5432857275009155,0.75,1e-04
3.4319586120545864e-05,1.0,0.5432476997375488,0.75,1e-04
3.428382478887215e-05,1.0,0.5432063341140747,0.75,1e-04
3.424210080993362e-05,1.0,0.5431644916534424,0.75,1e-04
3.422422014409676e-05,1.0,0.5431221723556519,0.75,1e-04
3.419441782170907e-05,1.0,0.543080747127533,0.75,1e-04
3.4170578146586195e-05,1.0,0.5430405735969543,0.75,1e-04
3.413481681491248e-05,1.0,0.5430020093917847,0.75,1e-04
3.411097713978961e-05,1.0,0.5429652333259583,0.75,1e-04
3.408713382668793e-05,1.0,0.5429311990737915,0.75,1e-04
3.404541712370701e-05,1.0,0.5428997874259949,0.75,1e-04
3.403945447644219e-05,1.0,0.5428696870803833,0.75,1e-04
3.399773413548246e-05,1.0,0.5428397059440613,0.75,1e-04
3.396793545107357e-05,1.0,0.5428096055984497,0.75,1e-04
3.3932166843442246e-05,1.0,0.5427802205085754,0.75,1e-04
3.3920248824870214e-05,1.0,0.5427478551864624,0.75,1e-04
3.38844874931965e-05,1.0,0.5427128076553345,0.75,1e-04
3.384872616152279e-05,1.0,0.5426769256591797,0.75,1e-04
3.382488648639992e-05,1.0,0.5426406860351562,0.75,1e-04
3.378316614544019e-05,1.0,0.5426045060157776,0.75,1e-04
3.3765285479603335e-05,1.0,0.5425688028335571,0.75,1e-04
3.374144580448046e-05,1.0,0.5425328612327576,0.75,1e-04
3.370568811078556e-05,1.0,0.5424971580505371,0.75,1e-04
3.368184115970507e-05,1.0,0.5424630045890808,0.75,1e-04
3.365800512256101e-05,1.0,0.5424290299415588,0.75,1e-04
3.3628199162194505e-05,1.0,0.5423934459686279,0.75,1e-04
3.360435948707163e-05,1.0,0.542357325553894,0.75,1e-04
3.3562639146111906e-05,1.0,0.5423216819763184,0.75,1e-04
3.3538795833010226e-05,1.0,0.5422879457473755,0.75,1e-04
3.352091516717337e-05,1.0,0.5422574281692505,0.75,1e-04
3.350303813931532e-05,1.0,0.5422294735908508,0.75,1e-04
3.346727680764161e-05,1.0,0.542201817035675,0.75,1e-04
3.34315154759679e-05,1.0,0.542177140712738,0.75,1e-04
3.3389791497029364e-05,1.0,0.5421534180641174,0.75,1e-04
3.33659554598853e-05,1.0,0.5421316027641296,0.75,1e-04
3.334211214678362e-05,1.0,0.5421116352081299,0.75,1e-04
3.330635081510991e-05,1.0,0.5420929193496704,0.75,1e-04
3.327655213070102e-05,1.0,0.5420767068862915,0.75,1e-04
3.325270881759934e-05,1.0,0.5420591235160828,0.75,1e-04
3.322886914247647e-05,1.0,0.5420455932617188,0.75,1e-04
3.319310781080276e-05,1.0,0.5420354604721069,0.75,1e-04
3.316926449770108e-05,1.0,0.542029857635498,0.75,1e-04
3.314542482257821e-05,1.0,0.542023777961731,0.75,1e-04
3.3121585147455335e-05,1.0,0.5420204401016235,0.75,1e-04
3.3091786463046446e-05,1.0,0.5420154929161072,0.75,1e-04
3.3061980502679944e-05,1.0,0.5420106649398804,0.75,1e-04
3.303814082755707e-05,1.0,0.5420082807540894,0.75,1e-04
3.3008342143148184e-05,1.0,0.5420085191726685,0.75,1e-04
3.297853982076049e-05,1.0,0.5420114994049072,0.75,1e-04
3.296065915492363e-05,1.0,0.5420196056365967,0.75,1e-04
3.292489782324992e-05,1.0,0.5420286059379578,0.75,1e-04
3.290105814812705e-05,1.0,0.5420383214950562,0.75,1e-04
3.285933780716732e-05,1.0,0.5420443415641785,0.75,1e-04
3.2829535484779626e-05,1.0,0.5420469641685486,0.75,1e-04
3.2805695809656754e-05,1.0,0.5420469045639038,0.75,1e-04
3.278184885857627e-05,1.0,0.5420423746109009,0.75,1e-04
3.274013215559535e-05,1.0,0.5420348048210144,0.75,1e-04
3.272225148975849e-05,1.0,0.542025089263916,0.75,1e-04
3.2692449167370796e-05,1.0,0.5420126914978027,0.75,1e-04
3.267456850153394e-05,1.0,0.5419961810112,0.75,1e-04
3.263880716986023e-05,1.0,0.5419764518737793,0.75,1e-04
3.261496749473736e-05,1.0,0.5419538021087646,0.75,1e-04
3.2591127819614485e-05,1.0,0.5419307947158813,0.75,1e-04
3.2555362849961966e-05,1.0,0.5419059991836548,0.75,1e-04
3.2543444831389934e-05,1.0,0.5418780446052551,0.75,1e-04
3.251364250900224e-05,1.0,0.5418494939804077,0.75,1e-04
3.248384382459335e-05,1.0,0.5418161153793335,0.75,1e-04
3.2465963158756495e-05,1.0,0.5417851209640503,0.75,1e-04
3.242424281779677e-05,1.0,0.5417526960372925,0.75,1e-04
3.2388481486123055e-05,1.0,0.5417205691337585,0.75,1e-04
3.237059718230739e-05,1.0,0.5416892170906067,0.75,1e-04
3.2340798497898504e-05,1.0,0.5416573882102966,0.75,1e-04
3.231695882277563e-05,1.0,0.5416264533996582,0.75,1e-04
3.2281193853123114e-05,1.0,0.5415957570075989,0.75,1e-04
3.225735417800024e-05,1.0,0.5415646433830261,0.75,1e-04
3.223946987418458e-05,1.0,0.5415328741073608,0.75,1e-04
3.220371581846848e-05,1.0,0.5415014624595642,0.75,1e-04
3.21798725053668e-05,1.0,0.5414660573005676,0.75,1e-04
3.2161995477508754e-05,1.0,0.5414260625839233,0.75,1e-04
3.213219315512106e-05,1.0,0.5413823127746582,0.75,1e-04
3.210239083273336e-05,1.0,0.5413342714309692,0.75,1e-04
3.208451016689651e-05,1.0,0.541283905506134,0.75,1e-04
3.2048748835222796e-05,1.0,0.5412315726280212,0.75,1e-04
3.2024909160099924e-05,1.0,0.5411807298660278,0.75,1e-04
3.200702485628426e-05,1.0,0.5411268472671509,0.75,1e-04
3.195934550603852e-05,1.0,0.5410722494125366,0.75,1e-04
3.1935505830915645e-05,1.0,0.5410169363021851,0.75,1e-04
3.190570350852795e-05,1.0,0.540963351726532,0.75,1e-04
3.186993853887543e-05,1.0,0.5409091711044312,0.75,1e-04
3.1846102501731366e-05,1.0,0.5408568978309631,0.75,1e-04
3.1834184483159333e-05,1.0,0.5408071279525757,0.75,1e-04
3.180438216077164e-05,1.0,0.5407587885856628,0.75,1e-04
3.176861719111912e-05,1.0,0.5407119989395142,0.75,1e-04
3.174477751599625e-05,1.0,0.540666937828064,0.75,1e-04
3.172093420289457e-05,1.0,0.5406244397163391,0.75,1e-04
3.169113915646449e-05,1.0,0.5405848026275635,0.75,1e-04
3.166729584336281e-05,1.0,0.5405479669570923,0.75,1e-04
3.163749352097511e-05,1.0,0.5405184030532837,0.75,1e-04
3.162557186442427e-05,1.0,0.5404964685440063,0.75,1e-04
3.1595773180015385e-05,1.0,0.54047691822052,0.75,1e-04
3.1577896152157336e-05,1.0,0.5404598116874695,0.75,1e-04
3.15361721732188e-05,1.0,0.5404460430145264,0.75,1e-04
3.1506369850831106e-05,1.0,0.5404364466667175,0.75,1e-04
3.1482530175708234e-05,1.0,0.5404298901557922,0.75,1e-04
3.147060488117859e-05,1.0,0.5404261350631714,0.75,1e-04
3.142292916891165e-05,1.0,0.5404262542724609,0.75,1e-04
3.141696652164683e-05,1.0,0.5404265522956848,0.75,1e-04
3.13752461806871e-05,1.0,0.5404282808303833,0.75,1e-04
3.135140650556423e-05,1.0,0.5404321551322937,0.75,1e-04
3.1345443858299404e-05,1.0,0.5404366254806519,0.75,1e-04
3.129776087007485e-05,1.0,0.5404413938522339,0.75,1e-04
3.128584285150282e-05,1.0,0.5404468774795532,0.75,1e-04
3.1267962185665965e-05,1.0,0.5404542684555054,0.75,1e-04
3.1232200853992254e-05,1.0,0.5404624938964844,0.75,1e-04
3.1196435884339735e-05,1.0,0.5404683947563171,0.75,1e-04
3.11845178657677e-05,1.0,0.540473997592926,0.75,1e-04
3.1154719181358814e-05,1.0,0.5404781103134155,0.75,1e-04
3.11189578496851e-05,1.0,0.5404807329177856,0.75,1e-04
3.110107718384825e-05,1.0,0.5404829382896423,0.75,1e-04
3.1077237508725375e-05,1.0,0.5404826402664185,0.75,1e-04
3.1041472539072856e-05,1.0,0.5404812097549438,0.75,1e-04
3.102955088252202e-05,1.0,0.5404808521270752,0.75,1e-04
3.100571484537795e-05,1.0,0.5404790043830872,0.75,1e-04
3.096994987572543e-05,1.0,0.5404776334762573,0.75,1e-04
3.094611020060256e-05,1.0,0.5404758453369141,0.75,1e-04
3.092226688750088e-05,1.0,0.5404738187789917,0.75,1e-04
3.088650919380598e-05,1.0,0.5404717326164246,0.75,1e-04
3.087458753725514e-05,1.0,0.5404680967330933,0.75,1e-04
3.084478521486744e-05,1.0,0.5404642224311829,0.75,1e-04
3.082094917772338e-05,1.0,0.5404592156410217,0.75,1e-04
3.079710222664289e-05,1.0,0.540452778339386,0.75,1e-04
3.0767299904255196e-05,1.0,0.5404452085494995,0.75,1e-04
3.074346386711113e-05,1.0,0.5404361486434937,0.75,1e-04
3.073154221056029e-05,1.0,0.5404273867607117,0.75,1e-04
3.069578087888658e-05,1.0,0.5404196977615356,0.75,1e-04
3.0665978556498885e-05,1.0,0.5404123067855835,0.75,1e-04
3.0630217224825174e-05,1.0,0.5404058694839478,0.75,1e-04
3.061829920625314e-05,1.0,0.5403980016708374,0.75,1e-04
3.0588496883865446e-05,1.0,0.5403884649276733,0.75,1e-04
3.0564657208742574e-05,1.0,0.5403769612312317,0.75,1e-04
3.054677654290572e-05,1.0,0.5403629541397095,0.75,1e-04
3.0511015211232007e-05,1.0,0.5403465032577515,0.75,1e-04
3.0487170079140924e-05,1.0,0.540327250957489,0.75,1e-04
3.0451414204435423e-05,1.0,0.5403071641921997,0.75,1e-04
3.0433531719609164e-05,1.0,0.5402837991714478,0.75,1e-04
3.0415651053772308e-05,1.0,0.5402581095695496,0.75,1e-04
3.0391809559660032e-05,1.0,0.5402324795722961,0.75,1e-04
3.0362007237272337e-05,1.0,0.540205717086792,0.75,1e-04
3.034413020941429e-05,1.0,0.5401773452758789,0.75,1e-04
3.0320288715302013e-05,1.0,0.5401490330696106,0.75,1e-04
3.0284525564638898e-05,1.0,0.5401224493980408,0.75,1e-04
3.0266644898802042e-05,1.0,0.5400988459587097,0.75,1e-04
3.0242803404689766e-05,1.0,0.5400777459144592,0.75,1e-04
3.0213002901291475e-05,1.0,0.5400602221488953,0.75,1e-04
3.020108306373004e-05,1.0,0.5400431752204895,0.75,1e-04
3.0171280741342343e-05,1.0,0.540027916431427,0.75,1e-04
3.0135521228658035e-05,1.0,0.5400137901306152,0.75,1e-04
3.0117638743831776e-05,1.0,0.5400015115737915,0.75,1e-04
3.0081879231147468e-05,1.0,0.539989709854126,0.75,1e-04
3.007591840287205e-05,1.0,0.5399815440177917,0.75,1e-04
3.0046116080484353e-05,1.0,0.5399759411811829,0.75,1e-04
3.0022278224350885e-05,1.0,0.5399733781814575,0.75,1e-04
2.999247590196319e-05,1.0,0.5399709939956665,0.75,1e-04
2.9962675398564897e-05,1.0,0.5399689674377441,0.75,1e-04
2.9944791094749235e-05,1.0,0.539966881275177,0.75,1e-04
2.991499422932975e-05,1.0,0.5399647355079651,0.75,1e-04
2.9909035220043734e-05,1.0,0.5399602055549622,0.75,1e-04
2.9885191906942055e-05,1.0,0.539953351020813,0.75,1e-04
2.9849430575268343e-05,1.0,0.5399454832077026,0.75,1e-04
2.9825587262166664e-05,1.0,0.5399359464645386,0.75,1e-04
2.9795788577757776e-05,1.0,0.5399246215820312,0.75,1e-04
2.976598625537008e-05,1.0,0.5399092435836792,0.75,1e-04
2.976002542709466e-05,1.0,0.5398889780044556,0.75,1e-04
